"ID","ACC"
1,"1"
2,"2"
3,"3"
4,"4"
5,"5"
6,"6"
7,"7"
8,"8"
9,"9"
10,"10"
11,"11"
12,"Os01g0532600"
13,"Os01g0721700"
14,"Os06g0215600"
15,"Os09g0379500"
16,"Os03g0199100"
17,"Os01g0508500"
18,"Os06g0130000"
19,"Os08g0446400"
20,"Os05g0433800"
21,"Os12g0152700"
22,"Os03g0685100"
23,"Os05g0285900"
24,"Os03g0449000"
25,"Os03g0775000"
26,"Os11g0213500"
27,"Os09g0261100"
28,"Os02g0236600"
29,"Os10g0469200"
30,"Os02g0827200"
31,"Os09g0271000"
32,"Os08g0427500"
33,"Os08g0379300"
34,"Os12g0160900"
35,"POsControl0013"
36,"Os06g0724300"
37,"Os01g0582400"
38,"Os06g0229400"
39,"Os01g0909100"
40,"Os07g0479500"
41,"Os12g0124300"
42,"Os02g0542200"
43,"Os11g0632200"
44,"Os04g0568400"
45,"Os11g0267300"
46,"Os01g0720900"
47,"Os03g0567100"
48,"Os05g0155200"
49,"Os08g0484600"
50,"Os07g0175600"
51,"Os06g0109200"
52,"Os08g0514200"
53,"Os07g0609000"
54,"Os03g0234900"
55,"Os05g0105500"
56,"Os05g0307000"
57,"Os03g0755800"
58,"Os10g0352200"
59,"Os06g0118600"
60,"Os12g0167900"
61,"Os09g0321300"
62,"Os07g0510200"
63,"Os03g0159800"
64,"Os03g0151500"
65,"Os11g0549300"
66,"Os06g0296700"
67,"Os10g0470900"
68,"Os03g0695400"
69,"Os08g0326600"
70,"Os09g0500100"
71,"Os04g0309400"
72,"Os08g0435900"
73,"Os12g0188700"
74,"Os11g0167800"
75,"75"
76,"76"
77,"77"
78,"78"
79,"79"
80,"80"
81,"81"
82,"82"
83,"83"
84,"84"
85,"85"
86,"86"
87,"87"
88,"88"
89,"89"
90,"90"
91,"91"
92,"92"
93,"93"
94,"94"
95,"95"
96,"Os12g0102700"
97,"Os10g0580500"
98,"Os12g0287200"
99,"Os07g0641300"
100,"Os07g0484500"
101,"Os04g0227500"
102,"Os06g0252300"
103,"Os09g0466400"
104,"Os05g0426300"
105,"Os07g0490400"
106,"Os07g0691800"
107,"Os01g0117500"
108,"Os05g0397800"
109,"Os03g0299900"
110,"Os07g0491600"
111,"Os09g0401300"
112,"Os02g0635800"
113,"Os04g0440100"
114,"Os03g0333100"
115,"Os06g0147200"
116,"Os02g0701600"
117,"117"
118,"Os11g0672700"
119,"Os08g0490300"
120,"Os04g0103200"
121,"Os07g0646300"
122,"Os03g0834000"
123,"Os12g0177500"
124,"Os07g0121000"
125,"Os02g0209100"
126,"Os01g0844500"
127,"Os09g0281600"
128,"Os11g0576400"
129,"Os02g0163300"
130,"Os10g0515400"
131,"Os04g0632400"
132,"Os08g0229600"
133,"Os11g0231400"
134,"Os09g0500300"
135,"135"
136,"Os01g0203000"
137,"Os07g0608300"
138,"Os04g0555300"
139,"Os06g0329900"
140,"Os01g0363500"
141,"141"
142,"Os05g0339800"
143,"Os06g0604000"
144,"Os09g0516900"
145,"Os03g0802500"
146,"Os02g0654300"
147,"Os12g0552300"
148,"Os09g0567400"
149,"Os05g0502000"
150,"Os08g0486800"
151,"Os03g0365200"
152,"Os03g0100200"
153,"Os06g0497200"
154,"Os01g0637800"
155,"Os06g0156600"
156,"Os03g0578900"
157,"Os12g0224400"
158,"Os05g0129400"
159,"Os02g0490500"
160,"160"
161,"161"
162,"162"
163,"163"
164,"164"
165,"165"
166,"166"
167,"167"
168,"168"
169,"169"
170,"170"
171,"171"
172,"172"
173,"173"
174,"174"
175,"175"
176,"176"
177,"177"
178,"178"
179,"179"
180,"180"
181,"Os02g0617700"
182,"Os05g0383200"
183,"Os12g0244100"
184,"Os08g0526300"
185,"Os09g0296500"
186,"Os12g0284000"
187,"Os01g0136800"
188,"Os01g0911300"
189,"Os10g0329700"
190,"Os01g0234800"
191,"Os03g0859300"
192,"Os03g0816800"
193,"Os07g0476900"
194,"Os02g0749800"
195,"Os01g0192300"
196,"Os09g0306400"
197,"Os06g0530200"
198,"Os04g0564300"
199,"Os01g0764000"
200,"Os04g0674300"
201,"Os10g0487900"
202,"Os10g0467600"
203,"Os02g0158800"
204,"Os12g0482700"
205,"POsControl0023"
206,"Os08g0535400"
207,"Os05g0408900"
208,"Os10g0540300"
209,"Os06g0109300"
210,"Os06g0117500"
211,"Os04g0683900"
212,"Os03g0130400"
213,"Os12g0615700"
214,"Os12g0152100"
215,"215"
216,"Os07g0273500"
217,"Os03g0570300"
218,"Os12g0258700"
219,"Os03g0738400"
220,"POsControl0016"
221,"Os10g0444100"
222,"Os04g0677400"
223,"Os03g0211900"
224,"Os05g0500600"
225,"Os11g0667700"
226,"226"
227,"Os05g0320800"
228,"Os07g0596000"
229,"Os09g0410300"
230,"Os01g0511700"
231,"Os12g0640700"
232,"Os08g0489300"
233,"Os01g0917500"
234,"Os09g0482200"
235,"235"
236,"Os04g0462500"
237,"Os12g0600200"
238,"Os03g0762800"
239,"Os01g0253900"
240,"Os06g0661500"
241,"Os07g0194000"
242,"Os08g0120600"
243,"Os01g0734200"
244,"Os02g0101300"
245,"Os02g0733300"
246,"Os01g0774500"
247,"247"
248,"248"
249,"249"
250,"250"
251,"251"
252,"252"
253,"253"
254,"254"
255,"255"
256,"256"
257,"257"
258,"258"
259,"259"
260,"260"
261,"261"
262,"262"
263,"263"
264,"264"
265,"Os08g0388300"
266,"Os03g0418700"
267,"Os01g0128100"
268,"Os03g0115300"
269,"Os07g0663000"
270,"Os06g0179800"
271,"Os08g0322600"
272,"Os02g0777400"
273,"Os06g0715700"
274,"osa-miR390"
275,"Os09g0324000"
276,"Os03g0616600"
277,"Os01g0843900"
278,"Os01g0589300"
279,"Os03g0310500"
280,"Os03g0151900"
281,"Os09g0468900"
282,"Os06g0163200"
283,"Os11g0549600"
284,"Os04g0459700"
285,"Os01g0804400"
286,"Os02g0164800"
287,"Os12g0569200"
288,"Os07g0573300"
289,"Os03g0214200"
290,"Os01g0106900"
291,"Os03g0644200"
292,"Os06g0543200"
293,"Os07g0275300"
294,"Os10g0343400"
295,"Os06g0202700"
296,"Os10g0522700"
297,"Os02g0653300"
298,"Os07g0618600"
299,"Os10g0127900"
300,"Os01g0118000"
301,"Os01g0872400"
302,"Os02g0742200"
303,"Os08g0135500"
304,"Os01g0218900"
305,"Os06g0328800"
306,"Os09g0568000"
307,"Os02g0110200"
308,"Os07g0658400"
309,"Os06g0550000"
310,"310"
311,"Os01g0215100"
312,"Os03g0323100"
313,"Os02g0792900"
314,"Os01g0206800"
315,"Os03g0390600"
316,"Os08g0271600"
317,"Os03g0239400"
318,"Os03g0329500"
319,"Os06g0363900"
320,"Os06g0308200"
321,"Os01g0917400"
322,"Os09g0406500"
323,"Os10g0487400"
324,"Os03g0231600"
325,"Os04g0367000"
326,"Os03g0612400"
327,"Os08g0161500"
328,"Os06g0173100"
329,"Os02g0777100"
330,"Os04g0168000"
331,"Os09g0483600"
332,"332"
333,"333"
334,"334"
335,"335"
336,"336"
337,"337"
338,"338"
339,"339"
340,"340"
341,"341"
342,"342"
343,"343"
344,"344"
345,"345"
346,"346"
347,"347"
348,"348"
349,"349"
350,"Os11g0689500"
351,"Os02g0213000"
352,"Os06g0176900"
353,"Os06g0483500"
354,"Os03g0629800"
355,"Os07g0635200"
356,"Os05g0239900"
357,"Os12g0631800"
358,"Os05g0378800"
359,"Os07g0573800"
360,"Os02g0639800"
361,"Os07g0586500"
362,"Os02g0215400"
363,"Os02g0552200"
364,"Os10g0578100"
365,"Os03g0127600"
366,"Os12g0168900"
367,"Os03g0301800"
368,"Os10g0540100"
369,"Os10g0522800"
370,"osa-miR164c"
371,"Os08g0344700"
372,"Os08g0296700"
373,"Os01g0798200"
374,"Os01g0173600"
375,"Os08g0119800"
376,"Os07g0564200"
377,"Os01g0918300"
378,"Os01g0379600"
379,"Os09g0484300"
380,"Os01g0179700"
381,"Os07g0467200"
382,"Os02g0701900"
383,"Os12g0563600"
384,"Os01g0736900"
385,"Os01g0873200"
386,"Os03g0760900"
387,"Os03g0272400"
388,"Os09g0386500"
389,"Os02g0130200"
390,"Os01g0256300"
391,"Os01g0550700"
392,"Os01g0840700"
393,"Os04g0194500"
394,"Os05g0149600"
395,"Os01g0571900"
396,"Os05g0563400"
397,"Os12g0573800"
398,"Os11g0696900"
399,"Os04g0371600"
401,"Os09g0511600"
402,"Os03g0757000"
403,"Os01g0136200"
404,"Os05g0190500"
405,"Os05g0387300"
406,"Os03g0745000"
407,"Os07g0529600"
408,"Os01g0384800"
409,"Os06g0692700"
410,"Os07g0666900"
411,"Os03g0225900"
412,"Os07g0249800"
413,"Os03g0857500"
414,"Os06g0187200"
415,"Os02g0751100"
416,"Os03g0791800"
417,"Os08g0201100"
418,"418"
419,"419"
420,"420"
421,"421"
422,"422"
423,"423"
424,"424"
425,"425"
426,"426"
427,"427"
428,"428"
429,"429"
430,"430"
431,"431"
432,"432"
433,"433"
434,"Os01g0113000"
435,"Os10g0189600"
436,"Os06g0335500"
437,"Os11g0294300"
438,"Os05g0170000"
439,"Os04g0210700"
440,"Os02g0122300"
441,"Os04g0174200"
442,"Os11g0490100"
443,"Os03g0616300"
444,"Os03g0174600"
445,"Os10g0546400"
446,"Os08g0191800"
447,"Os12g0152800"
448,"Os02g0150200"
449,"Os02g0259100"
450,"POsControl0044"
451,"Os10g0468500"
452,"Os08g0522400"
453,"Os01g0162500"
454,"Os05g0326100"
455,"Os03g0577200"
456,"Os05g0412900"
457,"Os01g0253900"
458,"Os12g0257800"
459,"Os03g0425100"
460,"Os03g0114100"
461,"Os10g0580100"
462,"Os04g0602000"
463,"Os01g0825700"
464,"Os03g0729200"
465,"Os04g0482700"
466,"Os12g0170600"
467,"Os01g0567300"
468,"Os03g0119000"
469,"Os08g0159900"
470,"Os03g0702700"
471,"Os04g0549500"
472,"Os05g0556600"
473,"Os09g0266300"
474,"Os04g0284600"
475,"Os05g0189300"
476,"Os12g0464200"
477,"Os09g0365900"
478,"Os07g0658300"
479,"Os03g0802800"
480,"Os01g0167100"
481,"Os03g0828600"
482,"Os07g0281000"
483,"Os08g0165200"
484,"POsControl0001"
485,"Os10g0502600"
486,"Os01g0920000"
487,"Os05g0191700"
488,"Os09g0345000"
489,"Os01g0106600"
490,"Os03g0360700"
491,"Os01g0301700"
492,"Os03g0106300"
493,"Os10g0124000"
494,"Os04g0412300"
495,"Os02g0305200"
496,"Os05g0472300"
497,"Os04g0630900"
498,"Os06g0542200"
499,"Os08g0410900"
500,"Os07g0490100"
501,"Os01g0616100"
502,"Os05g0556700"
503,"503"
504,"504"
505,"505"
506,"506"
507,"507"
508,"508"
509,"509"
510,"510"
511,"511"
512,"512"
513,"513"
514,"514"
515,"515"
516,"516"
517,"517"
518,"518"
519,"Os09g0246100"
520,"Os07g0229200"
521,"Os03g0248600"
522,"Os01g0848400"
523,"Os08g0476700"
524,"Os05g0481900"
525,"PZmControl0003"
526,"Os05g0106100"
527,"Os05g0426200"
528,"Os02g0197900"
529,"Os10g0507000"
530,"Os04g0379300"
531,"Os05g0427300"
532,"Os02g0317700"
533,"Os03g0431800"
534,"Os04g0653200"
535,"Os08g0387500"
536,"Os02g0616100"
537,"Os05g0132700"
538,"Os06g0523900"
539,"Os09g0322000"
540,"Os01g0191800"
541,"Os02g0833400"
542,"PZmControl0001"
543,"Os04g0262800"
544,"Os06g0257200"
545,"Os03g0138400"
546,"Os02g0700600"
547,"Os05g0135200"
548,"POsControl0021"
549,"Os02g0726400"
550,"Os03g0841100"
551,"Os03g0568800"
552,"Os10g0150400"
553,"Os05g0129300"
554,"Os08g0305300"
555,"Os04g0457500"
556,"556"
557,"Os05g0280700"
558,"Os11g0524300"
559,"Os03g0120900"
560,"Os02g0736400"
561,"Os07g0649300"
562,"Os06g0183900"
563,"Os03g0250200"
564,"Os02g0236000"
565,"Os02g0250700"
566,"Os08g0509100"
567,"Os09g0248000"
568,"Os03g0786100"
569,"Os11g0429200"
570,"Os03g0260100"
571,"Os01g0726000"
572,"Os02g0738800"
573,"Os07g0421000"
574,"Os02g0272800"
575,"Os04g0611500"
576,"Os01g0730100"
577,"Os01g0503400"
578,"Os03g0266300"
579,"Os02g0793500"
580,"Os04g0323500"
581,"Os04g0519000"
582,"Os07g0260900"
583,"Os05g0125000"
584,"Os02g0806400"
585,"Os07g0298100"
586,"Os05g0541100"
587,"Os01g0494400"
588,"Os07g0632600"
589,"589"
590,"590"
591,"591"
592,"592"
593,"593"
594,"594"
595,"595"
596,"596"
597,"597"
598,"598"
599,"599"
600,"600"
601,"601"
602,"602"
603,"Os03g0725000"
604,"Os02g0720700"
605,"Os12g0133800"
606,"Os10g0481000"
607,"Os01g0124200"
608,"Os03g0673100"
609,"Os07g0549600"
610,"Os05g0387200"
611,"Os11g0157100"
612,"Os07g0655300"
613,"Os08g0545500"
614,"614"
615,"Os07g0546700"
616,"Os02g0481700"
617,"Os01g0680600"
618,"osa-miR395g"
619,"Os06g0546000"
620,"Os03g0627300"
621,"Os03g0323200"
622,"Os05g0140000"
623,"Os10g0569500"
624,"Os01g0937300"
625,"Os01g0769100"
626,"Os11g0598200"
627,"Os12g0624000"
628,"Os05g0389500"
629,"Os07g0670100"
630,"Os01g0681600"
631,"Os01g0948900"
632,"Os01g0592900"
633,"Os09g0511000"
634,"Os03g0168500"
635,"Os12g0143800"
636,"Os05g0382900"
637,"osa-miR167c"
638,"Os11g0528500"
639,"Os05g0489600"
640,"Os03g0579200"
641,"Os11g0659500"
642,"Os02g0719700"
643,"Os12g0136200"
644,"Os01g0783400"
645,"Os06g0104200"
646,"Os12g0454800"
647,"POsControl0039"
648,"Os08g0460600"
649,"Os12g0284000"
650,"Os09g0543100"
651,"Os12g0526600"
652,"Os02g0173100"
653,"Os09g0478100"
654,"Os12g0572400"
655,"Os01g0706200"
656,"Os04g0661600"
657,"Os01g0214500"
658,"Os07g0520400"
659,"Os05g0160300"
660,"Os02g0175000"
661,"Os03g0276500"
662,"Os12g0586600"
663,"Os07g0676900"
664,"Os03g0758400"
665,"Os02g0105100"
666,"osa-miR440"
667,"Os07g0601100"
668,"Os03g0762400"
669,"Os10g0136200"
670,"Os12g0277500"
671,"Os02g0469600"
672,"Os05g0215000"
673,"Os05g0108600"
674,"674"
675,"675"
676,"676"
677,"677"
678,"678"
679,"679"
680,"680"
681,"681"
682,"682"
683,"683"
684,"684"
685,"685"
686,"686"
687,"687"
688,"Os09g0570900"
689,"Os09g0555500"
690,"690"
691,"Os02g0246600"
692,"Os06g0542300"
693,"Os10g0371400"
694,"Os02g0611200"
695,"Os08g0435900"
696,"Os08g0112900"
697,"Os12g0502200"
698,"Os11g0312400"
699,"Os11g0673100"
700,"Os02g0226300"
701,"Os06g0702600"
702,"Os11g0210200"
703,"Os09g0508900"
704,"Os02g0115900"
705,"Os03g0214400"
706,"Os03g0146600"
707,"Os12g0463300"
708,"Os12g0496000"
709,"Os12g0561200"
710,"Os02g0227700"
711,"Os11g0513500"
712,"Os12g0256900"
713,"Os09g0567600"
714,"Os06g0254300"
715,"osa-miR160c"
716,"Os05g0506800"
717,"Os08g0537200"
718,"Os12g0211400"
719,"Os06g0293500"
720,"Os03g0144300"
721,"Os02g0145600"
722,"Os06g0343100"
723,"Os01g0764900"
724,"Os10g0136100"
725,"Os08g0433400"
726,"Os02g0152000"
727,"Os01g0576100"
728,"Os03g0270000"
729,"Os07g0668900"
730,"Os04g0616400"
731,"Os04g0565200"
732,"Os02g0697500"
733,"Os01g0922800"
734,"Os05g0445100"
735,"Os05g0183300"
736,"Os02g0137200"
737,"Os03g0293000"
738,"Os05g0422300"
739,"Os01g0743500"
740,"Os05g0402700"
741,"Os05g0296800"
742,"Os01g0952200"
743,"Os06g0690700"
744,"Os08g0132100"
745,"Os09g0305300"
746,"Os01g0788800"
747,"Os02g0135600"
748,"Os01g0115300"
749,"Os05g0529900"
750,"Os01g0377000"
751,"Os04g0283900"
752,"Os02g0534400"
753,"Os06g0167200"
754,"Os02g0184100"
755,"Os10g0571900"
756,"Os01g0706000"
757,"Os06g0121800"
758,"758"
759,"osa-miR531"
760,"760"
761,"761"
762,"762"
763,"763"
764,"764"
765,"765"
766,"766"
767,"767"
768,"768"
769,"769"
770,"770"
771,"771"
772,"Os02g0125800"
773,"Os01g0363300"
774,"Os04g0588800"
775,"775"
776,"Os07g0249200"
777,"Os08g0519100"
778,"Os01g0189700"
779,"Os03g0142800"
780,"Os11g0591200"
781,"Os03g0822200"
782,"Os01g0120400"
783,"Os08g0235600"
784,"Os02g0265900"
785,"Os06g0289900"
786,"Os04g0652600"
787,"Os04g0455900"
788,"Os12g0632700"
789,"Os05g0154800"
790,"Os04g0477500"
791,"Os06g0292100"
792,"Os03g0122600"
793,"Os04g0408600"
794,"Os05g0530400"
795,"Os03g0815100"
796,"Os07g0502000"
797,"Os04g0309100"
798,"Os02g0223200"
799,"Os03g0440900"
800,"Os02g0742900"
801,"Os05g0589700"
802,"Os09g0467400"
803,"Os04g0677100"
804,"Os07g0568000"
805,"Os09g0503400"
806,"Os04g0692600"
807,"Os01g0204000"
808,"Os01g0835900"
809,"Os10g0363700"
810,"Os05g0405900"
811,"Os10g0407000"
812,"Os03g0178200"
813,"Os07g0194800"
814,"Os03g0833900"
815,"Os11g0460800"
816,"Os08g0425800"
817,"Os05g0268500"
818,"Os06g0221100"
819,"Os04g0429800"
820,"Os12g0527900"
821,"Os06g0168000"
822,"Os11g0639300"
823,"Os12g0135200"
824,"824"
825,"Os08g0187900"
826,"Os03g0192700"
827,"Os11g0682000"
828,"Os03g0441000"
829,"Os10g0540200"
830,"Os03g0563300"
831,"Os10g0578800"
832,"Os03g0183000"
833,"Os02g0104400"
834,"Os03g0424800"
835,"Os05g0380300"
836,"836"
837,"Os11g0183700"
838,"Os09g0452700"
839,"Os06g0142400"
840,"Os06g0107800"
841,"Os02g0298100"
842,"Os07g0616500"
843,"Os10g0504600"
844,"Os08g0558000"
845,"845"
846,"846"
847,"847"
848,"848"
849,"849"
850,"850"
851,"851"
852,"852"
853,"853"
854,"854"
855,"855"
856,"856"
857,"Os10g0459900"
858,"osa-miR528"
859,"Os11g0209400"
860,"Os03g0101800"
861,"Os08g0562200"
862,"Os01g0844800"
863,"Os02g0794500"
864,"Os10g0400200"
865,"Os02g0451900"
866,"Os09g0375400"
867,"Os08g0465400"
868,"Os03g0289400"
869,"POsControl0029"
870,"Os11g0600600"
871,"Os01g0740300"
872,"Os05g0157300"
873,"Os02g0800600"
874,"Os03g0688300"
875,"Os12g0270200"
876,"Os05g0116100"
877,"Os12g0172500"
878,"Os11g0287100"
879,"Os01g0362800"
880,"Os03g0390200"
881,"Os07g0258000"
882,"Os01g0207700"
883,"Os04g0385600"
884,"Os02g0218400"
885,"Os02g0524500"
886,"Os07g0684100"
887,"Os04g0471300"
888,"Os06g0139700"
889,"Os04g0435500"
890,"Os12g0501900"
891,"Os06g0195900"
892,"Os01g0708100"
893,"Os09g0555800"
894,"Os10g0508500"
895,"Os10g0464300"
896,"Os03g0429800"
897,"Os05g0376200"
898,"Os06g0678700"
899,"Os06g0538900"
900,"Os07g0615400"
901,"Os04g0648200"
902,"Os07g0471200"
903,"Os09g0281800"
904,"Os06g0133900"
905,"Os02g0186300"
906,"Os11g0163500"
907,"osa-miR159a"
908,"Os07g0536400"
909,"Os04g0691600"
910,"Os10g0538500"
911,"Os01g0851400"
912,"POsControl0031"
913,"Os10g0329300"
914,"Os10g0167900"
915,"915"
916,"Os04g0469800"
917,"Os07g0633300"
918,"Os03g0795400"
919,"Os11g0495200"
920,"Os01g0386600"
921,"Os02g0612600"
922,"Os08g0122400"
923,"Os08g0216300"
924,"Os01g0769900"
925,"Os02g0780800"
926,"Os12g0270900"
927,"Os09g0545400"
928,"Os01g0880800"
929,"osa-miR390"
930,"930"
931,"931"
932,"932"
933,"933"
934,"934"
935,"935"
936,"936"
937,"937"
938,"938"
939,"939"
940,"940"
941,"Os12g0592500"
942,"Os04g0451000"
943,"Os11g0701000"
944,"Os07g0231700"
945,"Os04g0468100"
946,"Os11g0264200"
947,"Os01g0706500"
948,"Os10g0459600"
949,"Os04g0673300"
950,"Os01g0955700"
951,"osa-miR413"
952,"Os03g0305500"
953,"Os05g0208000"
954,"Os03g0811700"
955,"Os01g0810000"
956,"Os04g0601500"
957,"Os04g0132300"
958,"Os09g0125700"
959,"Os03g0235000"
960,"Os12g0189300"
961,"Os06g0229200"
962,"Os01g0733500"
963,"Os10g0495300"
964,"Os01g0109700"
965,"Os04g0462400"
966,"Os07g0546000"
967,"Os07g0112700"
968,"Os03g0698400"
969,"Os01g0606400"
970,"Os03g0245700"
971,"Os01g0646800"
972,"Os05g0337000"
973,"Os04g0671100"
974,"Os04g0521900"
975,"Os07g0563400"
976,"Os01g0858700"
977,"Os09g0462700"
978,"Os07g0224000"
979,"Os08g0533600"
980,"Os06g0477400"
981,"Os10g0529500"
982,"Os12g0629600"
983,"Os03g0126300"
984,"Os01g0652800"
985,"Os06g0152000"
986,"Os01g0191200"
987,"Os09g0373800"
988,"Os01g0651500"
989,"Os12g0595800"
990,"Os07g0669600"
991,"Os09g0474000"
992,"Os02g0773500"
993,"Os02g0829900"
994,"Os03g0329200"
995,"Os02g0709200"
996,"Os11g0629400"
997,"Os01g0213800"
998,"Os07g0499500"
999,"Os05g0562800"
1000,"Os03g0784900"
1001,"Os07g0673400"
1002,"Os08g0380100"
1003,"Os01g0275600"
1004,"POsControl0003"
1005,"Os01g0652800"
1006,"Os04g0107500"
1007,"Os04g0456700"
1008,"Os02g0586800"
1009,"Os02g0681700"
1010,"Os01g0666400"
1011,"Os02g0445600"
1012,"Os08g0192900"
1013,"Os05g0247900"
1014,"Os04g0531500"
1015,"1015"
1016,"1016"
1017,"1017"
1018,"1018"
1019,"1019"
1020,"1020"
1021,"1021"
1022,"1022"
1023,"1023"
1024,"1024"
1025,"1025"
1026,"1026"
1027,"Os05g0275600"
1028,"Os05g0148300"
1029,"Os08g0160500"
1030,"Os02g0201800"
1031,"Os03g0565200"
1032,"Os01g0734800"
1033,"Os03g0720300"
1034,"Os02g0461600"
1035,"Os03g0307300"
1036,"Os05g0461400"
1037,"Os10g0551900"
1038,"Os03g0743900"
1039,"Os06g0687400"
1040,"Os02g0278400"
1041,"Os11g0461000"
1042,"Os04g0401100"
1043,"Os09g0448100"
1044,"Os07g0160300"
1045,"Os07g0201300"
1046,"Os11g0143300"
1047,"Os10g0466500"
1048,"Os10g0475900"
1049,"Os03g0237900"
1050,"Os02g0639100"
1051,"Os01g0169800"
1052,"Os01g0543200"
1053,"Os02g0725500"
1054,"Os06g0183100"
1055,"Os01g0771300"
1056,"Os04g0511600"
1057,"Os03g0765800"
1058,"Os02g0531300"
1059,"Os02g0702500"
1060,"Os03g0369100"
1061,"Os08g0465800"
1062,"Os01g0214800"
1063,"Os12g0176200"
1064,"Os10g0405100"
1065,"Os04g0514900"
1066,"Os01g0580100"
1067,"Os11g0145500"
1068,"Os01g0897200"
1069,"Os02g0119000"
1070,"Os09g0295000"
1071,"Os05g0119500"
1072,"Os07g0445600"
1073,"Os01g0600200"
1074,"Os10g0415100"
1075,"Os03g0718800"
1076,"Os01g0727600"
1077,"Os09g0525400"
1078,"Os08g0162100"
1079,"Os04g0272400"
1080,"Os12g0134200"
1081,"Os05g0592100"
1082,"Os06g0253600"
1083,"Os09g0541000"
1084,"Os02g0119400"
1085,"Os09g0381800"
1086,"Os10g0463300"
1087,"POsControl0039"
1088,"Os03g0265700"
1089,"Os02g0177800"
1090,"Os03g0287800"
1091,"Os10g0542700"
1092,"Os10g0183900"
1093,"Os10g0558800"
1094,"Os07g0113200"
1095,"Os03g0797900"
1096,"Os04g0611400"
1097,"Os07g0463400"
1098,"Os01g0177100"
1099,"Os03g0837300"
1100,"Os12g0574900"
1101,"1101"
1102,"1102"
1103,"1103"
1104,"1104"
1105,"1105"
1106,"1106"
1107,"1107"
1108,"1108"
1109,"1109"
1110,"1110"
1111,"Os04g0689500"
1112,"Os05g0397300"
1113,"Os03g0636600"
1114,"Os02g0138200"
1115,"Os03g0187100"
1116,"Os03g0101600"
1117,"Os09g0555700"
1118,"Os06g0102300"
1119,"Os08g0509600"
1120,"Os01g0696900"
1121,"Os05g0372100"
1122,"Os06g0354700"
1123,"Os08g0169100"
1124,"Os03g0231800"
1125,"Os02g0289300"
1126,"Os05g0148700"
1127,"Os05g0126700"
1128,"Os02g0539100"
1129,"Os12g0557900"
1130,"Os03g0657100"
1131,"Os04g0125700"
1132,"Os02g0229800"
1133,"Os02g0143100"
1134,"Os02g0531600"
1135,"Os02g0194700"
1136,"Os08g0197700"
1137,"Os01g0149400"
1138,"Os04g0627300"
1139,"Os08g0117300"
1140,"Os07g0228400"
1141,"Os08g0306000"
1142,"Os02g0813500"
1143,"Os06g0343600"
1144,"Os12g0638100"
1145,"Os03g0668400"
1146,"Os09g0557900"
1147,"Os11g0258900"
1148,"Os06g0565300"
1149,"Os12g0617400"
1150,"Os05g0113300"
1151,"Os09g0522000"
1152,"Os01g0261200"
1153,"Os07g0641700"
1154,"Os10g0128800"
1155,"Os01g0232300"
1156,"Os12g0605800"
1157,"Os02g0215100"
1158,"Os01g0770800"
1159,"Os02g0180900"
1160,"Os01g0687300"
1161,"Os04g0423700"
1162,"Os08g0202200"
1163,"Os01g0308300"
1164,"Os03g0413100"
1165,"Os03g0833500"
1166,"Os11g0707900"
1167,"Os06g0132600"
1168,"Os08g0157600"
1169,"Os01g0762000"
1170,"Os01g0833800"
1171,"Os07g0628900"
1172,"Os02g0615800"
1173,"Os03g0821400"
1174,"Os04g0540600"
1175,"Os06g0236300"
1176,"Os01g0808100"
1177,"Os05g0229000"
1178,"Os03g0703100"
1179,"Os04g0675800"
1180,"Os11g0435500"
1181,"Os04g0434700"
1182,"Os02g0778500"
1183,"Os06g0523400"
1184,"Os03g0308100"
1185,"osa-miR393"
1186,"1186"
1187,"1187"
1188,"1188"
1189,"1189"
1190,"1190"
1191,"1191"
1192,"1192"
1193,"1193"
1194,"1194"
1195,"1195"
1196,"Os09g0414900"
1197,"Os05g0581900"
1198,"Os08g0562100"
1199,"POsControl0031"
1200,"Os03g0413100"
1201,"osa-miR167h"
1202,"Os04g0638900"
1203,"Os12g0118800"
1204,"Os04g0463800"
1205,"Os01g0895100"
1206,"Os02g0168800"
1207,"Os11g0682500"
1208,"Os02g0580500"
1209,"Os03g0118700"
1210,"Os03g0370900"
1211,"Os10g0563700"
1212,"Os11g0600700"
1213,"Os01g0758200"
1214,"Os11g0307600"
1215,"1215"
1216,"Os01g0919500"
1217,"Os06g0234200"
1218,"Os01g0805000"
1219,"Os04g0221000"
1220,"Os01g0721900"
1221,"Os01g0973200"
1222,"Os10g0555700"
1223,"Os05g0188600"
1224,"Os05g0147200"
1225,"Os01g0657100"
1226,"Os02g0126800"
1227,"Os11g0162300"
1228,"Os01g0120800"
1229,"osa-miR156d"
1230,"Os01g0611000"
1231,"Os03g0243900"
1232,"Os05g0594500"
1233,"Os08g0543200"
1234,"Os06g0568600"
1235,"Os08g0477100"
1236,"Os01g0780300"
1237,"Os01g0225100"
1238,"Os07g0682300"
1239,"Os01g0541700"
1240,"Os03g0752500"
1241,"Os01g0897300"
1242,"Os05g0120000"
1243,"Os03g0726800"
1244,"POsControl0047"
1245,"Os05g0510100"
1246,"Os01g0934400"
1247,"Os12g0615400"
1248,"Os03g0278900"
1249,"Os01g0869500"
1250,"Os06g0685700"
1251,"Os09g0105400"
1252,"Os04g0404400"
1253,"Os03g0271900"
1254,"Os02g0670900"
1255,"Os02g0739900"
1256,"osa-miR397b"
1257,"Os08g0520400"
1258,"Os09g0322600"
1259,"Os03g0225100"
1260,"Os01g0839100"
1261,"Os05g0182000"
1262,"Os01g0889800"
1263,"Os05g0513400"
1264,"Os01g0145200"
1265,"Os04g0353200"
1266,"Os06g0493100"
1267,"Os07g0495000"
1268,"Os11g0448400"
1269,"POsControl0020"
1270,"Os04g0382300"
1271,"Os07g0644900"
1272,"1272"
1273,"1273"
1274,"1274"
1275,"1275"
1276,"1276"
1277,"1277"
1278,"1278"
1279,"1279"
1280,"Os03g0742800"
1281,"Os03g0563400"
1282,"Os02g0661500"
1283,"Os02g0106800"
1284,"Os07g0204900"
1285,"Os01g0776800"
1286,"Os03g0325400"
1287,"Os03g0372900"
1288,"Os01g0374400"
1289,"Os04g0593400"
1290,"Os11g0126900"
1291,"Os08g0526200"
1292,"Os01g0850400"
1293,"Os05g0487300"
1294,"Os03g0624600"
1295,"Os01g0897800"
1296,"Os02g0202000"
1297,"Os02g0761100"
1298,"Os05g0304100"
1299,"Os09g0324200"
1300,"Os01g0597600"
1301,"Os02g0702600"
1302,"1302"
1303,"Os01g0899200"
1304,"Os01g0549400"
1305,"Os07g0506700"
1306,"Os09g0444700"
1307,"Os08g0434100"
1308,"Os03g0146800"
1309,"Os07g0512000"
1310,"Os10g0510000"
1311,"Os07g0112600"
1312,"Os11g0469000"
1313,"Os02g0771600"
1314,"Os01g0962700"
1315,"1315"
1316,"Os01g0905200"
1317,"Os02g0775200"
1318,"Os12g0209300"
1319,"Os03g0131100"
1320,"Os06g0267500"
1321,"Os05g0158700"
1322,"Os04g0173300"
1323,"Os02g0140500"
1324,"Os09g0425900"
1325,"Os01g0695300"
1326,"osa-miR169i"
1327,"Os11g0537900"
1328,"Os12g0164800"
1329,"Os07g0120900"
1330,"Os11g0578700"
1331,"Os03g0333300"
1332,"Os08g0527300"
1333,"Os11g0602300"
1334,"Os03g0380600"
1335,"Os03g0704400"
1336,"Os04g0166300"
1337,"Os12g0471100"
1338,"Os03g0569900"
1339,"Os06g0622700"
1340,"Os05g0263200"
1341,"Os07g0191200"
1342,"Os02g0108500"
1343,"Os01g0551000"
1344,"Os06g0204400"
1345,"Os11g0264300"
1346,"Os05g0417300"
1347,"Os04g0630000"
1348,"Os06g0726200"
1349,"Os09g0514400"
1350,"Os03g0226300"
1351,"Os12g0598900"
1352,"Os10g0420200"
1353,"Os04g0517700"
1354,"Os04g0446600"
1355,"Os07g0510200"
1356,"Os02g0625500"
1357,"1357"
1358,"1358"
1359,"1359"
1360,"1360"
1361,"1361"
1362,"1362"
1363,"1363"
1364,"1364"
1365,"Os10g0495100"
1366,"Os08g0491100"
1367,"Os04g0185100"
1368,"Os08g0277900"
1369,"Os03g0100900"
1370,"Os10g0422200"
1371,"Os02g0642200"
1372,"Os05g0405000"
1373,"Os04g0686300"
1374,"osa-miR167b"
1375,"Os01g0778500"
1376,"Os06g0709500"
1377,"POsControl0043"
1378,"Os04g0218600"
1379,"Os04g0578800"
1380,"Os10g0356600"
1381,"osa-miR167g"
1382,"Os10g0518300"
1383,"Os02g0261400"
1384,"Os06g0145300"
1385,"Os11g0641300"
1386,"Os12g0618400"
1387,"Os09g0442800"
1388,"Os02g0816500"
1389,"Os05g0506800"
1390,"Os07g0458800"
1391,"1391"
1392,"Os02g0810900"
1393,"Os01g0276800"
1394,"Os05g0572900"
1395,"osa-miR164d"
1396,"Os02g0673500"
1397,"Os01g0348800"
1398,"Os02g0201500"
1399,"Os02g0822600"
1400,"Os08g0470000"
1401,"1401"
1402,"Os10g0351500"
1403,"Os10g0407100"
1404,"Os11g0670800"
1405,"osa-miR531"
1406,"Os03g0311000"
1407,"Os12g0538700"
1408,"1408"
1409,"Os01g0723200"
1410,"Os03g0836000"
1411,"Os09g0410400"
1412,"Os01g0884200"
1413,"Os07g0147500"
1414,"1414"
1415,"Os04g0312300"
1416,"Os04g0548300"
1417,"Os02g0823300"
1418,"Os03g0724600"
1419,"Os04g0413000"
1420,"Os05g0150500"
1421,"Os06g0320300"
1422,"Os03g0621700"
1423,"Os05g0569900"
1424,"Os05g0559400"
1425,"Os04g0513900"
1426,"Os01g0808400"
1427,"Os12g0128600"
1428,"Os01g0290100"
1429,"1429"
1430,"Os03g0775300"
1431,"Os02g0316900"
1432,"Os07g0493400"
1433,"Os09g0249700"
1434,"Os02g0640200"
1435,"Os08g0465800"
1436,"Os03g0624800"
1437,"Os02g0105400"
1438,"Os06g0730600"
1439,"Os05g0466000"
1440,"Os01g0728100"
1441,"Os03g0812300"
1442,"1442"
1443,"1443"
1444,"1444"
1445,"1445"
1446,"1446"
1447,"1447"
1448,"1448"
1449,"Os12g0152800"
1450,"Os01g0886200"
1451,"Os08g0564300"
1452,"Os07g0636900"
1453,"Os08g0236700"
1454,"Os03g0764300"
1455,"Os07g0599600"
1456,"Os05g0112000"
1457,"Os08g0502700"
1458,"Os04g0183500"
1459,"Os01g0717000"
1460,"osa-miR169o"
1461,"Os01g0616800"
1462,"Os03g0431100"
1463,"Os10g0189200"
1464,"Os04g0303300"
1465,"1465"
1466,"Os08g0485400"
1467,"Os03g0241900"
1468,"Os04g0553800"
1469,"Os09g0473500"
1470,"Os08g0104900"
1471,"Os11g0582700"
1472,"Os10g0396600"
1473,"Os02g0541700"
1474,"Os02g0521700"
1475,"1475"
1476,"Os08g0135900"
1477,"Os07g0609000"
1478,"Os05g0489600"
1479,"Os11g0431300"
1480,"Os06g0699300"
1481,"Os04g0382300"
1482,"Os12g0194700"
1483,"Os04g0380200"
1484,"Os03g0702100"
1485,"Os05g0407200"
1486,"Os09g0347500"
1487,"Os07g0191900"
1488,"Os02g0684500"
1489,"Os02g0261600"
1490,"Os03g0862200"
1491,"Os04g0527400"
1492,"Os06g0203200"
1493,"Os01g0743300"
1494,"Os05g0304400"
1495,"Os08g0305000"
1496,"Os01g0372400"
1497,"Os05g0560900"
1498,"Os01g0924000"
1499,"POsControl0048"
1500,"Os09g0453200"
1501,"Os03g0149800"
1502,"Os10g0415300"
1503,"Os05g0511800"
1504,"osa-miR398b"
1505,"Os11g0414000"
1506,"Os12g0479400"
1507,"Os04g0680300"
1508,"Os07g0258700"
1509,"Os06g0715400"
1510,"Os10g0454500"
1511,"Os01g0139900"
1512,"Os04g0624600"
1513,"Os02g0789100"
1514,"Os09g0526700"
1515,"Os02g0602100"
1516,"Os09g0365100"
1517,"Os08g0546300"
1518,"Os01g0276500"
1519,"Os01g0282800"
1520,"Os04g0112000"
1521,"Os08g0440800"
1522,"Os08g0183900"
1523,"Os02g0743800"
1524,"Os11g0595900"
1525,"Os06g0140800"
1526,"Os11g0701200"
1527,"1527"
1528,"1528"
1529,"1529"
1530,"1530"
1531,"1531"
1532,"1532"
1533,"1533"
1534,"1534"
1535,"Os02g0566700"
1536,"Os03g0622100"
1537,"Os05g0485700"
1538,"Os01g0504500"
1539,"Os06g0107100"
1540,"Os04g0654500"
1541,"Os01g0138100"
1542,"Os10g0119300"
1543,"Os06g0618100"
1544,"osa-miR166h"
1545,"Os08g0547200"
1546,"Os05g0113000"
1547,"Os10g0317900"
1548,"Os01g0737600"
1549,"Os09g0371300"
1550,"Os08g0397900"
1551,"Os07g0142300"
1552,"Os08g0320100"
1553,"Os06g0342200"
1554,"Os09g0309200"
1555,"Os07g0551500"
1556,"Os02g0227600"
1557,"Os06g0594400"
1558,"Os03g0701200"
1559,"Os11g0264000"
1560,"Os05g0581800"
1561,"Os09g0570500"
1562,"Os04g0175600"
1563,"Os12g0516800"
1564,"Os03g0432900"
1565,"Os12g0621300"
1566,"Os07g0578200"
1567,"Os05g0568100"
1568,"Os07g0258400"
1569,"Os01g0832200"
1570,"Os02g0119300"
1571,"Os06g0152300"
1572,"Os03g0268900"
1573,"Os08g0210900"
1574,"Os01g0775500"
1575,"Os07g0656400"
1576,"Os05g0548900"
1577,"Os01g0974000"
1578,"Os07g0571100"
1579,"Os12g0444500"
1580,"Os10g0458700"
1581,"Os01g0572700"
1582,"Os07g0206700"
1583,"Os02g0107600"
1584,"Os07g0628500"
1585,"Os03g0211100"
1586,"Os02g0224900"
1587,"Os04g0509500"
1588,"Os03g0721400"
1589,"Os07g0198300"
1590,"Os01g0152600"
1591,"Os10g0465700"
1592,"Os04g0433600"
1593,"Os08g0200600"
1594,"Os05g0532600"
1595,"Os02g0817800"
1596,"Os08g0166400"
1597,"Os06g0124800"
1598,"Os10g0415800"
1599,"Os03g0313600"
1600,"Os08g0538300"
1601,"Os10g0382100"
1602,"Os04g0493100"
1603,"Os02g0101000"
1604,"Os01g0874100"
1605,"Os04g0605100"
1606,"osa-miR164e"
1607,"Os01g0872800"
1608,"Os02g0582300"
1609,"Os04g0441200"
1610,"Os03g0153900"
1611,"Os06g0325200"
1612,"Os08g0504400"
1613,"1613"
1614,"1614"
1615,"1615"
1616,"1616"
1617,"1617"
1618,"1618"
1619,"Os01g0639100"
1620,"Os02g0247800"
1621,"Os11g0152700"
1622,"Os11g0145400"
1623,"Os06g0639500"
1624,"Os12g0633700"
1625,"Os04g0616000"
1626,"Os03g0670700"
1627,"Os05g0503300"
1628,"Os11g0146800"
1629,"Os12g0540700"
1630,"Os08g0230500"
1631,"Os06g0148600"
1632,"Os02g0664000"
1633,"Os06g0341500"
1634,"Os01g0145600"
1635,"Os12g0530100"
1636,"osa-miR530"
1637,"Os05g0441400"
1638,"1638"
1639,"Os02g0815500"
1640,"Os01g0251000"
1641,"Os05g0409800"
1642,"Os02g0162500"
1643,"Os08g0517500"
1644,"Os07g0205000"
1645,"Os11g0546100"
1646,"Os05g0480000"
1647,"Os10g0357700"
1648,"Os10g0181700"
1649,"Os06g0196600"
1650,"Os09g0111800"
1651,"Os09g0540600"
1652,"Os04g0606700"
1653,"Os02g0107200"
1654,"Os02g0297600"
1655,"Os03g0235900"
1656,"Os04g0569100"
1657,"Os12g0293000"
1658,"Os12g0272100"
1659,"Os10g0412800"
1660,"Os04g0150700"
1661,"Os04g0674100"
1662,"Os03g0270200"
1663,"Os10g0561400"
1664,"Os06g0658400"
1665,"Os02g0581400"
1666,"POsControl0012"
1667,"Os03g0322900"
1669,"Os04g0466600"
1670,"Os05g0577300"
1671,"Os03g0169000"
1672,"Os05g0436400"
1673,"Os04g0188400"
1674,"Os08g0532200"
1675,"Os07g0166100"
1676,"Os12g0615400"
1677,"Os01g0728900"
1678,"Os03g0795800"
1679,"Os01g0769000"
1680,"Os05g0135700"
1681,"Os11g0655200"
1682,"osa-miR531"
1683,"Os05g0597400"
1684,"Os06g0133500"
1685,"Os05g0516700"
1686,"Os03g0856500"
1687,"Os11g0270500"
1688,"Os09g0284400"
1689,"Os10g0207500"
1690,"Os11g0194400"
1691,"Os10g0403700"
1692,"Os04g0432000"
1693,"Os08g0535800"
1694,"Os06g0683000"
1695,"Os12g0158400"
1696,"Os03g0850800"
1697,"Os11g0568300"
1698,"1698"
1699,"1699"
1700,"1700"
1701,"1701"
1702,"1702"
1703,"1703"
1704,"Os07g0153300"
1705,"Os01g0205300"
1706,"Os06g0143400"
1707,"Os01g0763600"
1708,"Os03g0593600"
1709,"Os03g0639600"
1710,"Os01g0131600"
1711,"Os12g0211500"
1712,"Os06g0674800"
1713,"Os04g0120000"
1714,"Os11g0121600"
1715,"Os03g0136200"
1716,"Os09g0441100"
1717,"Os01g0830200"
1718,"Os02g0198500"
1719,"Os01g0825700"
1720,"Os12g0132900"
1721,"Os02g0524600"
1722,"Os11g0264300"
1723,"Os08g0473600"
1724,"Os05g0110000"
1725,"osa-miR399j"
1726,"Os06g0716000"
1727,"PTaControl0002"
1728,"osa-miR172c"
1729,"Os01g0685500"
1730,"Os08g0208400"
1731,"Os09g0395300"
1732,"Os06g0194200"
1733,"Os05g0582300"
1734,"Os07g0124900"
1735,"osa-miR395f"
1736,"Os02g0640800"
1737,"Os12g0124000"
1738,"Os02g0135200"
1739,"Os11g0702000"
1740,"Os12g0540200"
1741,"Os06g0682500"
1742,"1742"
1743,"Os05g0539700"
1744,"Os01g0623600"
1745,"Os08g0136700"
1746,"Os01g0103000"
1747,"Os03g0215700"
1748,"Os10g0510000"
1749,"Os08g0156600"
1750,"Os09g0297100"
1751,"Os02g0808800"
1752,"Os04g0672800"
1753,"Os04g0162500"
1754,"Os08g0554900"
1755,"Os02g0270800"
1756,"Os01g0780600"
1757,"Os02g0762600"
1758,"Os08g0383700"
1759,"Os10g0499900"
1760,"Os01g0825900"
1761,"Os05g0351200"
1762,"Os08g0114300"
1763,"Os06g0646900"
1764,"Os10g0437900"
1765,"Os04g0682300"
1766,"Os03g0735900"
1767,"Os05g0460500"
1768,"Os01g0795100"
1769,"Os02g0820200"
1770,"Os11g0576900"
1771,"1771"
1772,"Os08g0445700"
1773,"Os03g0803900"
1774,"Os05g0209100"
1775,"Os04g0405300"
1776,"Os08g0307600"
1777,"Os10g0487600"
1778,"1778"
1779,"Os04g0473400"
1780,"Os12g0497300"
1781,"Os03g0843300"
1782,"Os05g0532800"
1783,"1783"
1784,"1784"
1785,"1785"
1786,"1786"
1787,"1787"
1788,"1788"
1789,"Os01g0235300"
1790,"Os10g0384600"
1791,"Os12g0143900"
1792,"Os07g0541700"
1793,"osa-miR399f"
1794,"Os03g0173500"
1795,"Os11g0679700"
1796,"Os12g0540100"
1797,"Os04g0616700"
1798,"Os11g0572400"
1799,"Os11g0252900"
1800,"Os10g0458600"
1801,"Os06g0473200"
1802,"Os07g0203500"
1803,"Os07g0642300"
1804,"Os01g0678600"
1805,"Os11g0706100"
1806,"Os04g0618500"
1807,"Os05g0452900"
1808,"Os07g0623200"
1809,"Os01g0536000"
1810,"Os04g0682800"
1811,"Os04g0261400"
1812,"Os06g0634000"
1813,"Os01g0188200"
1814,"Os04g0612600"
1815,"Os08g0208200"
1816,"Os11g0107600"
1817,"Os01g0142300"
1818,"Os10g0498800"
1819,"Os01g0369900"
1820,"Os06g0481800"
1821,"Os04g0493400"
1822,"Os05g0391000"
1823,"Os08g0560600"
1824,"Os04g0278500"
1825,"Os01g0199400"
1826,"Os07g0490500"
1827,"Os12g0620400"
1828,"Os08g0104700"
1829,"Os07g0568600"
1830,"Os10g0184300"
1831,"Os02g0474700"
1832,"Os04g0635700"
1833,"Os02g0791900"
1834,"Os01g0973500"
1835,"Os01g0580500"
1836,"1836"
1837,"Os02g0590400"
1838,"Os03g0648400"
1839,"Os10g0568900"
1840,"Os06g0606800"
1841,"Os09g0133600"
1842,"Os09g0372200"
1843,"Os03g0821100"
1844,"Os12g0456000"
1845,"Os03g0324200"
1846,"Os01g0729900"
1847,"Os08g0109300"
1848,"Os07g0667300"
1849,"Os09g0416800"
1850,"Os11g0558900"
1851,"Os04g0558900"
1852,"Os03g0859500"
1853,"Os06g0708700"
1854,"Os08g0332700"
1855,"Os03g0727200"
1856,"Os03g0198500"
1857,"Os03g0784000"
1858,"Os03g0152600"
1859,"Os04g0649200"
1860,"Os06g0716800"
1861,"Os12g0162500"
1862,"Os06g0663900"
1863,"Os02g0509600"
1864,"POsControl0009"
1865,"osa-miR164c"
1866,"osa-miR164b"
1867,"Os05g0560000"
1868,"1868"
1869,"1869"
1870,"1870"
1871,"1871"
1872,"1872"
1873,"1873"
1874,"Os03g0708000"
1875,"Os05g0400400"
1876,"Os06g0598800"
1877,"Os01g0654400"
1878,"Os06g0171900"
1879,"Os06g0700100"
1880,"Os06g0625200"
1881,"Os05g0470900"
1882,"Os07g0417300"
1883,"POsControl0038"
1884,"Os05g0135100"
1885,"Os01g0642200"
1886,"Os02g0709400"
1887,"Os11g0252400"
1888,"Os08g0493100"
1889,"Os01g0693900"
1890,"Os04g0396800"
1891,"Os01g0975900"
1892,"Os08g0419200"
1893,"Os07g0179500"
1894,"Os07g0102900"
1895,"Os03g0441500"
1896,"Os01g0238800"
1897,"Os03g0266900"
1898,"Os06g0612200"
1899,"Os06g0162600"
1900,"Os01g0368900"
1901,"Os04g0520000"
1902,"Os12g0608600"
1903,"Os02g0200900"
1904,"Os01g0217300"
1905,"Os01g0185200"
1906,"Os02g0166500"
1907,"Os01g0228600"
1908,"Os08g0436000"
1909,"Os02g0564200"
1910,"Os03g0371400"
1911,"Os05g0458100"
1912,"Os06g0539700"
1913,"Os01g0673600"
1914,"Os02g0617800"
1915,"Os03g0221200"
1916,"Os03g0207300"
1917,"Os03g0119600"
1918,"osa-miR435"
1919,"Os11g0209400"
1920,"Os01g0953400"
1921,"Os04g0205900"
1922,"Os09g0425700"
1923,"Os03g0272900"
1924,"Os01g0621900"
1925,"Os01g0944000"
1926,"Os11g0157400"
1927,"Os07g0192700"
1928,"Os01g0839700"
1929,"Os02g0249000"
1930,"Os03g0685500"
1931,"Os01g0893500"
1932,"Os03g0843000"
1933,"Os04g0685900"
1934,"Os04g0510000"
1935,"Os05g0543400"
1936,"Os01g0720500"
1937,"Os03g0105600"
1938,"Os03g0185500"
1939,"Os06g0220000"
1940,"Os03g0263500"
1941,"Os01g0936900"
1942,"Os06g0489700"
1943,"Os07g0106700"
1944,"Os04g0286300"
1945,"Os05g0408900"
1946,"Os05g0466700"
1947,"Os01g0907300"
1948,"Os01g0953400"
1949,"Os12g0288000"
1950,"Os03g0214600"
1951,"Os06g0136700"
1952,"Os10g0525400"
1953,"Os12g0129900"
1954,"1954"
1955,"1955"
1956,"1956"
1957,"1957"
1958,"Os07g0127100"
1959,"Os07g0236300"
1960,"Os02g0647900"
1961,"Os08g0182400"
1962,"Os07g0577600"
1963,"Os12g0174200"
1964,"Os03g0132000"
1965,"Os09g0556400"
1966,"Os05g0514500"
1967,"Os07g0204500"
1968,"Os08g0511000"
1969,"Os11g0701200"
1970,"Os07g0557500"
1971,"Os01g0773700"
1972,"Os09g0416600"
1973,"Os03g0858400"
1974,"Os04g0599800"
1975,"Os01g0686100"
1976,"Os01g0690800"
1977,"Os07g0617700"
1978,"Os10g0336400"
1979,"Os07g0220200"
1980,"Os01g0827200"
1981,"Os10g0185100"
1982,"Os06g0722200"
1983,"Os11g0264700"
1984,"Os02g0656500"
1985,"Os05g0495900"
1986,"Os02g0787600"
1987,"Os07g0108300"
1988,"Os05g0185800"
1989,"Os04g0475600"
1990,"Os07g0124400"
1991,"Os09g0426800"
1992,"osa-miR169m"
1993,"Os11g0152900"
1994,"Os02g0208900"
1995,"Os06g0633100"
1996,"Os12g0121300"
1997,"Os11g0598500"
1998,"osa-miR162a"
1999,"Os08g0453200"
2000,"POsControl0026"
2001,"Os02g0801200"
2002,"Os02g0591200"
2003,"Os09g0130800"
2004,"Os07g0156900"
2005,"POsControl0041"
2006,"Os07g0413800"
2007,"Os04g0482800"
2008,"Os02g0702700"
2009,"Os02g0317200"
2010,"Os11g0176300"
2011,"Os02g0679500"
2012,"Os03g0444600"
2013,"Os06g0582300"
2014,"Os05g0459300"
2015,"Os07g0101200"
2016,"Os08g0201700"
2017,"Os07g0523600"
2018,"Os01g0205500"
2019,"Os05g0527800"
2020,"Os02g0161900"
2021,"Os03g0161200"
2022,"Os01g0655400"
2023,"Os10g0195600"
2024,"2024"
2025,"Os03g0856700"
2026,"Os07g0680000"
2027,"Os11g0235400"
2028,"Os02g0716500"
2029,"Os03g0215400"
2030,"Os01g0730300"
2031,"Os01g0117900"
2032,"Os09g0112400"
2033,"Os05g0353400"
2034,"Os07g0652800"
2035,"Os03g0703400"
2036,"Os11g0194800"
2037,"Os04g0681500"
2038,"2038"
2039,"2039"
2040,"2040"
2041,"2041"
2042,"2042"
2043,"Os05g0267100"
2044,"Os01g0788400"
2045,"Os03g0391700"
2046,"Os05g0100600"
2047,"Os07g0510800"
2048,"Os04g0652700"
2049,"Os10g0491100"
2050,"Os03g0300900"
2051,"Os05g0584600"
2052,"Os02g0667000"
2053,"Os02g0580100"
2054,"Os08g0377400"
2055,"Os03g0251700"
2056,"Os03g0849800"
2057,"Os01g0803800"
2058,"Os02g0802500"
2059,"Os12g0106000"
2060,"2060"
2061,"Os04g0298200"
2062,"Os12g0500500"
2063,"osa-miR441a"
2064,"Os01g0326100"
2065,"Os10g0116100"
2066,"Os12g0269100"
2067,"Os06g0302600"
2068,"POsControl0011"
2069,"Os03g0307400"
2070,"Os04g0401700"
2071,"Os04g0486600"
2072,"Os01g0964000"
2073,"Os07g0460800"
2074,"Os09g0417600"
2075,"Os03g0204700"
2076,"Os07g0100300"
2077,"Os03g0395100"
2078,"Os02g0741100"
2079,"Os04g0434400"
2080,"Os09g0379600"
2081,"Os07g0562700"
2082,"Os03g0329200"
2083,"Os10g0564500"
2084,"Os01g0142900"
2085,"Os07g0474600"
2086,"Os02g0686400"
2087,"Os04g0577600"
2088,"Os04g0628100"
2089,"Os12g0564400"
2090,"Os04g0166200"
2091,"Os06g0663400"
2092,"Os04g0462500"
2093,"Os02g0765600"
2094,"Os02g0132100"
2095,"Os10g0564100"
2096,"Os03g0213600"
2097,"Os10g0160000"
2098,"Os07g0174400"
2099,"Os05g0224300"
2100,"Os09g0392800"
2101,"Os06g0666800"
2102,"Os01g0105900"
2103,"Os05g0105600"
2104,"Os06g0689600"
2105,"Os12g0626100"
2106,"POsControl0005"
2107,"Os09g0332300"
2108,"Os01g0261500"
2109,"Os09g0546100"
2110,"Os10g0397200"
2111,"Os09g0405900"
2112,"Os07g0202000"
2113,"Os01g0185300"
2114,"Os08g0540300"
2115,"Os06g0238900"
2116,"Os10g0154000"
2117,"Os02g0255500"
2118,"Os11g0129800"
2119,"Os03g0667700"
2120,"Os04g0461400"
2121,"Os05g0159200"
2122,"Os08g0326100"
2123,"Os03g0401200"
2124,"2124"
2125,"2125"
2126,"2126"
2127,"2127"
2128,"Os09g0488800"
2129,"Os08g0558200"
2130,"Os03g0668000"
2131,"Os05g0520600"
2132,"Os01g0805200"
2133,"Os11g0594800"
2134,"Os02g0184500"
2135,"Os01g0105300"
2136,"Os07g0567600"
2137,"Os02g0744000"
2138,"Os07g0439100"
2139,"Os04g0317500"
2140,"Os07g0160500"
2141,"Os12g0622900"
2142,"Os02g0193100"
2143,"Os03g0108100"
2144,"Os05g0188100"
2145,"Os02g0732900"
2146,"Os07g0616900"
2147,"Os10g0447100"
2148,"Os03g0650000"
2149,"Os03g0710600"
2150,"Os07g0568300"
2151,"Os08g0419000"
2152,"Os10g0389200"
2153,"Os03g0854200"
2154,"2154"
2155,"Os03g0591700"
2156,"PAtControl0002"
2157,"POsControl0047"
2158,"Os01g0502700"
2159,"Os07g0184600"
2160,"Os04g0495800"
2161,"Os02g0685200"
2162,"Os03g0419200"
2163,"Os01g0612200"
2164,"Os04g0412300"
2165,"Os03g0719900"
2166,"Os04g0114200"
2167,"Os08g0382400"
2168,"Os03g0180400"
2169,"Os06g0663900"
2170,"Os12g0606900"
2171,"Os05g0279600"
2172,"Os07g0409400"
2173,"Os03g0382100"
2174,"Os03g0853700"
2175,"Os03g0767900"
2176,"Os03g0700400"
2177,"Os02g0135800"
2178,"2178"
2179,"Os09g0130300"
2180,"Os02g0676600"
2181,"Os01g0222700"
2182,"Os04g0317300"
2183,"Os03g0274000"
2184,"Os05g0355100"
2185,"Os01g0327600"
2186,"Os03g0252800"
2187,"Os02g0124400"
2188,"Os07g0175400"
2189,"Os03g0150800"
2190,"Os08g0162800"
2191,"Os02g0831300"
2192,"Os03g0128700"
2193,"Os07g0639600"
2194,"Os05g0212200"
2195,"Os01g0889000"
2196,"Os03g0828100"
2197,"Os12g0540900"
2198,"Os03g0342800"
2199,"Os11g0307500"
2200,"Os05g0217800"
2201,"Os03g0577200"
2202,"Os01g0118400"
2203,"Os07g0422100"
2204,"Os08g0527700"
2205,"Os07g0406800"
2206,"Os01g0711900"
2207,"Os06g0274600"
2208,"Os05g0101200"
2209,"2209"
2210,"2210"
2211,"2211"
2212,"2212"
2213,"Os12g0563400"
2214,"Os04g0657300"
2215,"Os03g0622000"
2216,"Os07g0102500"
2217,"osa-miR171e"
2218,"Os03g0800000"
2219,"Os04g0583000"
2220,"2220"
2221,"Os03g0822300"
2222,"Os01g0977200"
2223,"Os03g0556100"
2224,"Os05g0583100"
2225,"Os03g0729900"
2226,"Os01g0231000"
2227,"Os01g0848700"
2228,"Os07g0102000"
2229,"Os11g0438000"
2230,"Os09g0367900"
2231,"POsControl0044"
2232,"2232"
2233,"Os01g0885000"
2234,"Os06g0626200"
2235,"Os03g0593200"
2236,"Os07g0668600"
2237,"Os04g0379500"
2238,"Os01g0229200"
2239,"Os07g0171200"
2240,"2240"
2241,"PZmControl0003"
2242,"Os03g0298800"
2243,"Os01g0250900"
2244,"Os08g0136100"
2245,"Os04g0582700"
2246,"Os09g0378300"
2247,"POsControl0020"
2248,"Os05g0491100"
2249,"Os07g0142900"
2250,"Os05g0346200"
2251,"Os02g0234000"
2252,"Os10g0575200"
2253,"Os04g0367400"
2254,"Os04g0126500"
2255,"Os02g0143200"
2256,"Os08g0473300"
2257,"Os04g0656800"
2258,"Os10g0453900"
2259,"Os03g0779000"
2260,"Os04g0692100"
2261,"Os01g0883900"
2262,"Os07g0670300"
2263,"Os02g0802500"
2264,"Os08g0206900"
2265,"Os03g0176300"
2266,"Os02g0506400"
2267,"Os09g0524500"
2268,"Os04g0650500"
2269,"Os04g0420900"
2270,"Os03g0692700"
2271,"Os08g0558100"
2272,"Os01g0911900"
2273,"Os01g0351800"
2274,"Os02g0137000"
2275,"Os03g0770000"
2276,"Os03g0815300"
2277,"Os05g0420600"
2278,"Os05g0490200"
2279,"Os01g0957600"
2280,"Os02g0817700"
2281,"Os05g0476000"
2282,"osa-miR399c"
2283,"Os07g0196200"
2284,"Os03g0857900"
2285,"Os08g0483300"
2286,"Os11g0143500"
2287,"Os12g0124400"
2288,"Os03g0753100"
2289,"POsControl0007"
2290,"Os10g0577800"
2291,"Os06g0708400"
2292,"Os03g0272300"
2293,"Os01g0672300"
2294,"2294"
2295,"2295"
2296,"2296"
2297,"Os03g0405500"
2298,"Os10g0138300"
2299,"Os03g0339300"
2300,"Os01g0744000"
2301,"Os02g0134300"
2302,"Os11g0109700"
2303,"Os12g0278700"
2304,"Os07g0264000"
2305,"Os12g0211000"
2306,"Os01g0118700"
2307,"Os03g0608000"
2308,"Os04g0191600"
2309,"Os08g0440200"
2310,"Os05g0565200"
2311,"Os05g0381500"
2312,"Os11g0151500"
2313,"Os02g0541000"
2314,"Os01g0899800"
2315,"Os05g0129800"
2316,"Os07g0293000"
2317,"Os03g0596900"
2318,"Os03g0759500"
2319,"Os02g0525600"
2320,"Os08g0515700"
2321,"POsControl0037"
2322,"Os03g0119500"
2323,"Os02g0526000"
2324,"osa-miR168b"
2325,"Os04g0106400"
2326,"Os05g0459000"
2327,"Os03g0342900"
2328,"Os08g0288000"
2329,"Os04g0486300"
2330,"Os04g0435500"
2331,"Os03g0243600"
2332,"Os02g0461600"
2333,"Os09g0534900"
2334,"Os09g0314300"
2335,"Os02g0154300"
2336,"Os03g0390000"
2337,"Os10g0135700"
2338,"Os07g0633600"
2339,"Os11g0687900"
2340,"Os02g0610400"
2341,"Os11g0265900"
2342,"Os10g0411800"
2343,"Os05g0519700"
2344,"Os01g0294700"
2345,"Os06g0498100"
2346,"Os03g0595600"
2347,"Os01g0881500"
2348,"Os04g0679800"
2349,"Os06g0655500"
2350,"Os06g0232200"
2351,"Os02g0755400"
2352,"Os01g0604100"
2353,"Os01g0850900"
2354,"Os07g0588000"
2355,"Os08g0386200"
2356,"Os05g0567100"
2357,"Os02g0320100"
2358,"Os01g0949500"
2359,"Os08g0126500"
2360,"Os09g0453700"
2361,"Os02g0631200"
2362,"Os02g0759400"
2363,"Os10g0180800"
2364,"Os10g0414700"
2365,"POsControl0045"
2366,"Os02g0327000"
2367,"Os08g0562500"
2368,"Os10g0498200"
2369,"2369"
2370,"2370"
2371,"Os02g0105200"
2372,"Os03g0203200"
2373,"Os03g0390400"
2374,"Os02g0255700"
2375,"Os01g0261900"
2376,"Os07g0676200"
2377,"Os01g0235400"
2378,"Os01g0265800"
2379,"2379"
2380,"2380"
2381,"2381"
2382,"2382"
2383,"Os06g0239600"
2384,"Os10g0113900"
2385,"Os01g0249300"
2386,"Os05g0241100"
2387,"Os10g0534100"
2388,"Os03g0657000"
2389,"Os08g0544500"
2390,"Os08g0421400"
2391,"2391"
2392,"Os12g0601600"
2393,"Os12g0605800"
2394,"Os08g0119700"
2395,"Os12g0484600"
2396,"Os04g0446500"
2397,"Os03g0712700"
2398,"Os01g0935600"
2399,"Os02g0318400"
2400,"Os03g0404500"
2401,"Os03g0626700"
2402,"Os11g0482400"
2403,"Os02g0209300"
2404,"Os05g0159100"
2405,"Os03g0681700"
2406,"Os09g0555700"
2407,"Os04g0663400"
2408,"Os05g0451200"
2409,"osa-miR169j"
2410,"Os02g0772500"
2411,"Os03g0369200"
2412,"Os09g0567100"
2413,"Os01g0841000"
2414,"Os02g0229400"
2415,"Os05g0557200"
2416,"Os10g0371200"
2417,"Os01g0702500"
2418,"Os07g0592200"
2419,"osa-miR167f"
2420,"Os02g0504700"
2421,"Os02g0776400"
2422,"Os01g0787600"
2423,"Os11g0172800"
2424,"Os10g0197200"
2425,"Os07g0685400"
2426,"Os02g0205400"
2427,"Os11g0303800"
2428,"Os03g0701000"
2429,"Os04g0206200"
2430,"Os03g0246900"
2431,"Os04g0658100"
2432,"Os06g0651200"
2433,"Os06g0708200"
2434,"Os03g0299700"
2435,"Os01g0168100"
2436,"Os03g0446100"
2437,"Os01g0978100"
2438,"Os04g0616900"
2439,"Os01g0850800"
2440,"Os08g0520100"
2441,"POsControl0018"
2442,"Os11g0202300"
2443,"Os01g0589500"
2444,"Os02g0728300"
2445,"Os03g0804300"
2446,"Os02g0260700"
2447,"Os04g0483000"
2448,"Os11g0592900"
2449,"Os12g0118400"
2450,"Os10g0534100"
2451,"Os07g0255300"
2452,"Os03g0271900"
2453,"Os11g0110100"
2454,"Os08g0509400"
2455,"Os11g0311100"
2456,"Os03g0390600"
2457,"Os04g0465000"
2458,"Os07g0253000"
2459,"Os09g0444200"
2460,"Os09g0266000"
2461,"Os03g0832800"
2462,"Os04g0631100"
2463,"Os04g0692200"
2464,"Os06g0727200"
2465,"2465"
2466,"2466"
2467,"Os05g0370200"
2468,"Os02g0127200"
2469,"Os07g0162500"
2470,"Os07g0677900"
2471,"Os02g0821800"
2472,"Os01g0718900"
2473,"Os05g0475700"
2474,"Os07g0224900"
2475,"Os11g0544300"
2476,"Os08g0473600"
2477,"Os03g0824300"
2478,"Os11g0415400"
2479,"Os08g0140500"
2480,"Os04g0644400"
2481,"Os07g0124100"
2482,"Os11g0180600"
2483,"Os03g0604200"
2484,"Os11g0516100"
2485,"Os08g0129800"
2486,"Os01g0263300"
2487,"Os03g0180100"
2488,"Os02g0194800"
2489,"Os05g0582300"
2490,"Os07g0635500"
2491,"Os12g0545600"
2492,"Os06g0235500"
2493,"Os06g0625900"
2494,"Os03g0122400"
2495,"Os10g0545500"
2496,"Os05g0157000"
2497,"Os09g0452900"
2498,"Os01g0615500"
2499,"Os09g0280800"
2500,"Os06g0613100"
2501,"Os04g0457800"
2502,"Os12g0111500"
2503,"Os03g0667500"
2504,"Os01g0880300"
2505,"Os01g0885200"
2506,"Os03g0576700"
2507,"Os08g0437300"
2508,"Os01g0963000"
2509,"Os01g0295700"
2510,"Os08g0417000"
2511,"Os04g0606800"
2512,"POsControl0026"
2513,"Os07g0492000"
2514,"Os02g0508500"
2515,"Os05g0204900"
2516,"Os09g0504000"
2517,"Os01g0142800"
2518,"Os05g0554000"
2519,"Os02g0610800"
2520,"Os02g0292600"
2521,"Os05g0414300"
2522,"osa-miR395f"
2523,"osa-miR164a"
2524,"Os03g0167700"
2525,"Os10g0208500"
2526,"Os04g0523100"
2527,"Os10g0469100"
2528,"Os01g0877600"
2529,"Os10g0579400"
2530,"POsControl0003"
2531,"Os01g0301300"
2532,"Os09g0380200"
2533,"Os08g0128400"
2534,"Os07g0681500"
2535,"Os07g0574600"
2536,"Os01g0191300"
2537,"Os06g0545800"
2538,"Os09g0338400"
2539,"Os01g0654200"
2540,"Os12g0612100"
2541,"Os02g0179100"
2542,"Os05g0593900"
2543,"Os02g0587600"
2544,"Os01g0866100"
2545,"Os02g0512300"
2546,"Os07g0669500"
2547,"Os02g0328600"
2548,"Os02g0656300"
2549,"2549"
2550,"2550"
2551,"2551"
2552,"Os11g0160700"
2553,"Os03g0240800"
2554,"Os07g0119800"
2555,"POsControl0033"
2556,"Os05g0367000"
2557,"Os07g0684000"
2558,"Os01g0901800"
2559,"Os10g0493100"
2560,"Os01g0891300"
2561,"Os05g0283100"
2562,"Os03g0288300"
2563,"Os02g0791800"
2564,"Os11g0427500"
2565,"Os02g0546600"
2566,"Os01g0785700"
2567,"Os02g0736200"
2568,"Os05g0378900"
2569,"Os01g0685900"
2570,"Os03g0334500"
2571,"Os02g0754500"
2572,"Os06g0129700"
2573,"Os03g0288600"
2574,"osa-miR169i"
2575,"Os02g0270900"
2576,"Os01g0736600"
2577,"Os01g0275300"
2578,"Os02g0770600"
2579,"Os01g0252100"
2580,"Os07g0627100"
2581,"Os01g0750100"
2582,"Os02g0582200"
2583,"Os05g0121700"
2584,"Os09g0416800"
2585,"Os03g0393700"
2586,"Os02g0813300"
2587,"POsControl0026"
2588,"Os02g0829200"
2589,"Os03g0643500"
2590,"Os03g0687000"
2591,"Os04g0532200"
2592,"Os05g0156800"
2593,"Os12g0112000"
2594,"Os02g0160400"
2595,"Os10g0547900"
2596,"Os03g0235900"
2597,"Os09g0375900"
2598,"Os01g0958100"
2599,"Os01g0200400"
2600,"Os05g0540000"
2601,"Os08g0472600"
2602,"Os02g0702300"
2603,"Os07g0167100"
2604,"Os01g0355400"
2605,"Os07g0175900"
2606,"Os05g0230600"
2607,"Os06g0728200"
2608,"Os08g0400300"
2609,"Os06g0133000"
2610,"Os03g0262200"
2611,"Os05g0481000"
2612,"Os10g0167300"
2613,"Os07g0495200"
2614,"Os10g0516000"
2615,"Os08g0544800"
2616,"Os08g0104600"
2617,"Os12g0194800"
2618,"Os07g0479300"
2619,"Os04g0665400"
2620,"Os06g0223000"
2621,"Os09g0539200"
2622,"Os02g0773400"
2623,"Os10g0432300"
2624,"Os07g0154300"
2625,"Os12g0482700"
2626,"Os02g0489500"
2627,"Os01g0227800"
2628,"Os09g0326900"
2629,"Os07g0186000"
2630,"Os05g0365300"
2631,"Os07g0127500"
2632,"Os03g0366200"
2633,"Os02g0272900"
2634,"Os04g0521100"
2635,"2635"
2636,"2636"
2637,"Os05g0144400"
2638,"2638"
2639,"Os07g0684800"
2640,"osa-miR166e"
2641,"Os03g0588800"
2642,"Os01g0598400"
2643,"Os01g0571800"
2644,"Os02g0768600"
2645,"2645"
2646,"Os02g0673300"
2647,"Os01g0882500"
2648,"Os04g0493000"
2649,"Os03g0294100"
2650,"Os03g0386500"
2651,"Os02g0519900"
2652,"Os01g0155000"
2653,"Os06g0237000"
2654,"Os07g0494800"
2655,"osa-miR395g"
2656,"Os04g0346800"
2657,"Os03g0656800"
2658,"Os02g0528100"
2659,"Os05g0427300"
2660,"Os02g0625000"
2661,"Os09g0250200"
2662,"Os01g0748200"
2663,"Os09g0560500"
2664,"Os06g0545400"
2665,"Os06g0320900"
2666,"Os01g0868400"
2667,"Os01g0153400"
2668,"Os01g0658900"
2669,"Os03g0802300"
2670,"Os02g0783100"
2671,"Os03g0185800"
2672,"Os07g0104400"
2673,"Os09g0505000"
2674,"Os10g0473400"
2675,"Os01g0255700"
2676,"Os04g0460600"
2677,"Os02g0736300"
2678,"Os03g0710800"
2679,"Os03g0268000"
2680,"Os07g0676800"
2681,"Os12g0160400"
2682,"Os12g0481200"
2683,"Os06g0479100"
2684,"Os06g0677500"
2685,"Os08g0113300"
2686,"Os10g0492600"
2687,"Os10g0456200"
2688,"Os05g0220900"
2689,"Os10g0127900"
2690,"Os05g0521400"
2691,"Os02g0796300"
2692,"Os01g0117200"
2693,"Os01g0748600"
2694,"Os12g0630100"
2695,"Os06g0701200"
2696,"Os07g0106200"
2697,"Os09g0135100"
2698,"Os03g0694000"
2699,"Os02g0663900"
2700,"Os01g0759900"
2701,"Os01g0763300"
2702,"Os08g0104600"
2703,"Os12g0538600"
2704,"Os05g0197700"
2705,"Os11g0133200"
2706,"Os08g0205100"
2707,"Os08g0414600"
2708,"Os05g0346400"
2709,"Os03g0106500"
2710,"Os02g0587800"
2711,"Os01g0303800"
2712,"Os01g0505500"
2713,"Os10g0419000"
2714,"Os03g0106500"
2715,"Os02g0743700"
2716,"Os06g0690100"
2717,"Os11g0118300"
2718,"Os11g0529800"
2719,"Os04g0674200"
2720,"2720"
2721,"2721"
2722,"Os02g0201300"
2723,"Os12g0263800"
2724,"Os01g0819900"
2725,"Os09g0496400"
2726,"Os07g0615500"
2727,"Os01g0730700"
2728,"Os04g0266200"
2729,"Os05g0409100"
2730,"Os02g0605900"
2731,"Os03g0337800"
2732,"Os12g0132300"
2733,"Os10g0552400"
2734,"Os02g0177700"
2735,"Os01g0579000"
2736,"Os06g0264700"
2737,"Os04g0250200"
2738,"Os05g0244700"
2739,"osa-miR441b"
2740,"Os07g0119400"
2741,"Os06g0153100"
2742,"Os07g0136400"
2743,"Os01g0863800"
2744,"Os01g0253300"
2745,"Os07g0606800"
2746,"Os08g0500000"
2747,"Os09g0515800"
2748,"Os11g0137200"
2749,"Os03g0245800"
2750,"Os05g0595000"
2751,"Os09g0522000"
2752,"Os12g0194900"
2753,"Os04g0502100"
2754,"Os02g0556800"
2755,"Os08g0519000"
2756,"Os06g0186400"
2757,"Os09g0517900"
2758,"Os09g0468300"
2759,"Os09g0485900"
2760,"Os01g0121000"
2761,"Os12g0407900"
2762,"Os01g0833000"
2763,"Os08g0316900"
2764,"Os04g0278200"
2765,"Os12g0548300"
2766,"Os09g0522200"
2767,"Os07g0219300"
2768,"Os03g0166200"
2769,"Os07g0241100"
2770,"Os09g0531100"
2771,"Os05g0468100"
2772,"Os04g0651700"
2773,"Os02g0614500"
2774,"Os02g0769900"
2775,"Os05g0540800"
2776,"Os07g0613900"
2777,"Os12g0271700"
2778,"Os12g0144600"
2779,"Os09g0288700"
2780,"Os07g0190600"
2781,"Os07g0599600"
2782,"osa-miR159d"
2783,"Os12g0224000"
2784,"Os07g0662500"
2785,"Os09g0525400"
2786,"Os07g0576000"
2787,"Os11g0568600"
2788,"Os07g0191600"
2789,"Os03g0144800"
2790,"Os01g0742300"
2791,"Os10g0562500"
2792,"Os05g0579300"
2793,"Os03g0191000"
2794,"Os03g0711300"
2795,"osa-miR399i"
2796,"Os07g0488200"
2797,"Os11g0171400"
2798,"Os12g0121300"
2799,"Os09g0527500"
2800,"Os06g0605600"
2801,"Os03g0753100"
2802,"Os01g0501800"
2803,"Os09g0116600"
2804,"Os01g0897200"
2805,"2805"
2806,"Os03g0182400"
2807,"Os02g0195300"
2808,"Os02g0534700"
2809,"Os07g0556200"
2810,"Os02g0551400"
2811,"Os08g0547500"
2812,"Os03g0588200"
2813,"Os02g0714000"
2814,"Os02g0747400"
2815,"Os02g0189900"
2816,"Os01g0652600"
2817,"Os06g0729300"
2818,"Os06g0344900"
2819,"POsControl0014"
2820,"Os03g0155900"
2821,"Os02g0635700"
2822,"Os07g0125900"
2823,"Os05g0568900"
2824,"Os05g0597100"
2825,"Os04g0439900"
2826,"Os10g0580900"
2827,"Os05g0395000"
2828,"Os03g0372500"
2829,"Os09g0544300"
2830,"Os01g0915600"
2831,"Os02g0658500"
2832,"Os12g0630700"
2833,"Os08g0366200"
2834,"Os05g0407500"
2835,"Os01g0238200"
2836,"Os04g0585900"
2837,"Os01g0138900"
2838,"Os06g0295000"
2839,"POsControl0042"
2840,"Os12g0152500"
2841,"Os03g0712700"
2842,"Os01g0629900"
2843,"PTaControl0001"
2844,"Os03g0622400"
2845,"Os08g0155700"
2846,"Os05g0473300"
2847,"Os08g0373400"
2848,"Os08g0443800"
2849,"Os12g0591200"
2850,"Os01g0856500"
2851,"Os02g0804100"
2852,"Os05g0129700"
2853,"Os07g0122400"
2854,"osa-miR167c"
2855,"Os10g0452300"
2856,"Os08g0536000"
2857,"Os09g0447900"
2858,"Os05g0170400"
2859,"Os10g0545100"
2860,"Os05g0375100"
2861,"Os06g0175500"
2862,"Os01g0719400"
2863,"Os02g0743500"
2864,"Os01g0261500"
2865,"Os02g0132300"
2866,"Os05g0101300"
2867,"Os03g0215900"
2868,"Os07g0635600"
2869,"Os08g0223900"
2870,"Os02g0688500"
2871,"Os10g0574800"
2872,"Os08g0459600"
2873,"Os05g0440100"
2874,"Os05g0392900"
2875,"Os12g0555000"
2876,"Os01g0940600"
2877,"Os02g0562300"
2878,"Os04g0411700"
2879,"Os06g0714100"
2880,"osa-miR395o"
2881,"Os01g0850700"
2882,"Os05g0317700"
2883,"Os12g0454600"
2884,"Os03g0284400"
2885,"Os05g0461000"
2886,"Os11g0537800"
2887,"Os05g0188500"
2888,"Os01g0110200"
2889,"Os11g0112800"
2890,"2890"
2891,"2891"
2892,"Os02g0136400"
2893,"Os08g0282100"
2894,"Os09g0385300"
2895,"Os04g0625000"
2896,"Os06g0715200"
2897,"Os03g0835400"
2898,"Os06g0287000"
2899,"Os07g0212400"
2900,"Os02g0721600"
2901,"Os07g0450900"
2902,"Os02g0301100"
2903,"Os04g0419200"
2904,"Os01g0267800"
2905,"Os09g0314300"
2906,"Os03g0435200"
2907,"Os01g0773100"
2908,"Os05g0429700"
2909,"Os04g0494900"
2910,"Os01g0834400"
2911,"2911"
2912,"Os03g0268300"
2913,"Os07g0265600"
2914,"Os02g0102900"
2915,"Os01g0246100"
2916,"Os02g0649000"
2917,"Os03g0582000"
2918,"Os05g0195400"
2919,"Os01g0343200"
2920,"Os06g0641200"
2921,"2921"
2922,"Os01g0110100"
2923,"Os05g0311600"
2924,"Os04g0379400"
2925,"Os03g0750800"
2926,"Os05g0556900"
2927,"Os03g0452000"
2928,"Os08g0312000"
2929,"Os02g0202600"
2930,"Os08g0366000"
2931,"Os06g0578700"
2932,"Os05g0415200"
2933,"Os03g0789500"
2934,"Os02g0807100"
2935,"Os02g0829100"
2936,"Os03g0120600"
2937,"Os08g0254600"
2938,"Os02g0804800"
2939,"Os02g0327500"
2940,"Os01g0738600"
2941,"Os01g0960400"
2942,"Os11g0293900"
2943,"Os02g0475300"
2944,"Os04g0643300"
2945,"Os03g0135200"
2946,"Os12g0525800"
2947,"Os01g0559600"
2948,"Os01g0650200"
2949,"Os02g0667500"
2950,"Os12g0418900"
2951,"Os08g0465800"
2952,"Os08g0485600"
2953,"Os08g0181800"
2954,"Os02g0689900"
2955,"Os01g0617500"
2956,"Os03g0698100"
2957,"Os07g0546500"
2958,"Os01g0667900"
2959,"Os03g0412200"
2960,"Os01g0742400"
2961,"osa-miR399g"
2962,"Os02g0573500"
2963,"2963"
2964,"Os01g0848200"
2965,"Os07g0492000"
2966,"Os01g0810700"
2967,"Os10g0418100"
2968,"Os06g0199500"
2969,"Os03g0685000"
2970,"Os08g0487100"
2971,"Os01g0113400"
2972,"Os01g0182900"
2973,"Os03g0599800"
2974,"Os12g0441200"
2975,"Os07g0470800"
2976,"Os06g0644200"
2977,"Os01g0923700"
2978,"Os01g0124400"
2979,"Os07g0242600"
2980,"Os12g0485600"
2981,"Os04g0671900"
2982,"Os05g0540800"
2983,"POsControl0040"
2984,"Os02g0771100"
2985,"Os08g0200600"
2986,"Os01g0116400"
2987,"Os12g0590500"
2988,"Os08g0347400"
2989,"Os11g0219000"
2990,"Os08g0295300"
2991,"Os01g0834500"
2992,"Os03g0573500"
2993,"Os01g0343500"
2994,"Os12g0460800"
2995,"Os05g0426900"
2996,"Os12g0162100"
2997,"Os11g0235200"
2998,"Os07g0231900"
2999,"Os08g0531700"
3000,"Os04g0679400"
3001,"Os03g0838100"
3002,"osa-miR395f"
3003,"Os05g0215000"
3004,"Os04g0569100"
3005,"Os06g0130000"
3006,"Os01g0611100"
3007,"Os09g0434500"
3008,"Os07g0620300"
3009,"Os04g0659900"
3010,"Os03g0180400"
3011,"Os02g0142300"
3012,"Os06g0697500"
3013,"osa-miR399j"
3014,"Os07g0169700"
3015,"Os11g0546000"
3016,"Os01g0975900"
3017,"Os07g0457300"
3018,"Os11g0118400"
3019,"Os08g0476900"
3020,"Os02g0198900"
3021,"Os11g0152600"
3022,"Os07g0120500"
3023,"Os08g0431900"
3024,"Os04g0658000"
3025,"Os05g0406200"
3026,"Os07g0626100"
3027,"3027"
3028,"Os09g0521500"
3029,"Os10g0329400"
3030,"Os08g0364500"
3031,"Os04g0119400"
3032,"Os06g0153900"
3033,"Os05g0228000"
3034,"Os01g0530500"
3035,"Os02g0313400"
3036,"Os01g0976200"
3037,"Os05g0562200"
3038,"Os12g0244100"
3039,"Os02g0627100"
3040,"POsControl0013"
3041,"Os02g0670000"
3042,"Os04g0174800"
3043,"Os09g0480400"
3044,"Os06g0476200"
3045,"Os03g0200400"
3046,"Os02g0658100"
3047,"Os10g0391300"
3048,"Os04g0308300"
3049,"Os04g0280200"
3050,"Os02g0180000"
3051,"osa-miR171c"
3052,"POsControl0042"
3053,"Os01g0837800"
3054,"Os12g0635500"
3055,"Os06g0224200"
3056,"Os06g0618300"
3057,"Os01g0943000"
3058,"Os01g0618800"
3059,"Os11g0114200"
3060,"3060"
3061,"3061"
3062,"Os12g0485400"
3063,"Os12g0457500"
3064,"Os10g0561800"
3065,"Os05g0228400"
3066,"Os09g0549900"
3067,"Os08g0130500"
3068,"Os07g0661400"
3069,"Os04g0542200"
3070,"Os04g0659100"
3071,"osa-miR169p"
3072,"Os07g0576000"
3073,"Os11g0582100"
3074,"Os03g0684700"
3075,"Os02g0564600"
3076,"osa-miR439d"
3077,"Os06g0155600"
3078,"Os02g0727300"
3079,"Os11g0158700"
3080,"Os10g0440100"
3081,"Os04g0594100"
3082,"Os07g0669100"
3083,"Os06g0640500"
3084,"Os01g0383900"
3085,"Os12g0641500"
3086,"Os04g0663200"
3087,"Os01g0867300"
3088,"Os03g0226600"
3089,"Os03g0441000"
3090,"Os01g0866700"
3091,"Os08g0418600"
3092,"osa-miR156h"
3093,"Os02g0782700"
3094,"Os03g0581800"
3095,"Os10g0466700"
3096,"Os12g0281300"
3097,"Os06g0114000"
3098,"osa-miR395f"
3099,"Os04g0397500"
3100,"Os03g0779000"
3101,"Os03g0149000"
3102,"Os01g0160800"
3103,"Os07g0249200"
3104,"Os05g0594500"
3105,"Os03g0101800"
3106,"Os02g0515100"
3107,"PGmControl0001"
3108,"Os02g0229500"
3109,"osa-miR171e"
3110,"Os05g0137800"
3111,"Os06g0647400"
3112,"Os07g0617000"
3113,"Os03g0364500"
3114,"Os01g0604000"
3115,"Os02g0702500"
3116,"Os01g0174300"
3117,"Os08g0436000"
3118,"Os04g0412500"
3119,"Os08g0203100"
3120,"Os02g0547300"
3121,"Os05g0499800"
3122,"Os11g0661400"
3123,"Os04g0593200"
3124,"POsControl0035"
3125,"Os03g0826700"
3126,"Os04g0448000"
3127,"Os07g0205500"
3128,"Os01g0585300"
3129,"Os03g0221500"
3130,"Os01g0103800"
3131,"Os08g0179000"
3132,"Os03g0711100"
3133,"Os12g0151500"
3134,"Os07g0673100"
3135,"Os06g0482200"
3136,"Os12g0102500"
3137,"Os08g0564300"
3138,"Os11g0169400"
3139,"Os01g0276800"
3140,"Os01g0707500"
3141,"Os03g0259400"
3142,"Os01g0840900"
3143,"Os01g0685200"
3144,"Os06g0181900"
3145,"Os02g0121100"
3146,"Os09g0475200"
3147,"Os10g0170600"
3148,"Os12g0169000"
3149,"Os05g0293500"
3150,"Os09g0570300"
3151,"Os09g0439700"
3152,"Os04g0448100"
3153,"Os11g0691600"
3154,"3154"
3155,"Os03g0245500"
3156,"Os03g0636800"
3157,"Os04g0502800"
3158,"Os01g0835800"
3159,"osa-miR395e"
3160,"Os05g0262000"
3161,"Os02g0742000"
3162,"Os01g0127700"
3163,"Os09g0456700"
3164,"Os05g0415400"
3165,"Os04g0176200"
3166,"Os05g0556800"
3167,"Os06g0331500"
3168,"Os08g0205300"
3169,"Os11g0586300"
3170,"Os02g0127000"
3171,"Os05g0519200"
3172,"Os03g0295800"
3173,"Os02g0264300"
3174,"Os05g0576800"
3175,"Os06g0220300"
3176,"Os11g0456200"
3177,"Os07g0173200"
3178,"Os02g0242100"
3179,"Os05g0126200"
3180,"Os05g0526400"
3181,"Os08g0347200"
3182,"Os07g0180900"
3183,"Os04g0639800"
3184,"Os12g0428400"
3185,"Os02g0133100"
3186,"Os04g0459500"
3187,"Os03g0629900"
3188,"Os10g0330400"
3189,"Os02g0448000"
3190,"Os01g0618000"
3191,"Os09g0515500"
3192,"Os11g0485200"
3193,"Os11g0109300"
3194,"Os09g0314900"
3195,"Os01g0889800"
3196,"Os11g0470200"
3197,"Os05g0461300"
3198,"Os04g0457800"
3199,"Os02g0814000"
3200,"Os05g0442400"
3201,"Os09g0558300"
3202,"Os06g0548000"
3203,"Os08g0233300"
3204,"Os09g0451400"
3205,"Os10g0184200"
3206,"Os03g0856400"
3207,"Os03g0727600"
3208,"Os07g0624700"
3209,"Os08g0526400"
3210,"Os01g0809300"
3211,"Os07g0249700"
3212,"Os05g0247100"
3213,"Os11g0600500"
3214,"Os01g0624000"
3215,"Os03g0326300"
3216,"Os05g0438300"
3217,"Os03g0179200"
3218,"Os03g0275500"
3219,"Os03g0243300"
3220,"Os02g0100800"
3221,"Os01g0157200"
3222,"Os10g0563000"
3223,"Os01g0755600"
3224,"Os01g0642000"
3225,"Os01g0783200"
3226,"Os02g0774100"
3227,"Os04g0372400"
3228,"Os02g0156400"
3229,"Os05g0523300"
3230,"3230"
3231,"osa-miR529"
3232,"Os06g0575100"
3233,"Os08g0390000"
3234,"Os05g0501400"
3235,"Os03g0577500"
3236,"Os03g0131200"
3237,"Os04g0622000"
3238,"Os09g0439800"
3239,"Os03g0125600"
3240,"Os05g0445900"
3241,"Os10g0433100"
3242,"Os02g0564500"
3243,"Os11g0483000"
3244,"Os02g0225200"
3245,"Os03g0703600"
3246,"Os01g0175400"
3247,"Os03g0581400"
3248,"Os03g0167400"
3249,"Os04g0623300"
3250,"Os05g0588800"
3251,"Os02g0725000"
3252,"Os06g0624900"
3253,"Os11g0649500"
3254,"Os05g0577900"
3255,"Os02g0565200"
3256,"Os04g0287400"
3257,"Os12g0634900"
3258,"Os07g0513000"
3259,"Os12g0542200"
3260,"Os08g0109500"
3261,"Os05g0458300"
3262,"Os11g0178700"
3263,"PAtControl0002"
3264,"Os09g0401300"
3265,"Os10g0355800"
3266,"Os01g0570500"
3267,"Os06g0270900"
3268,"Os02g0121800"
3269,"Os07g0111400"
3270,"3270"
3271,"Os07g0612500"
3272,"Os12g0244000"
3273,"Os05g0337200"
3274,"Os02g0752800"
3275,"Os08g0127500"
3276,"Os08g0155900"
3277,"Os02g0819500"
3278,"osa-miR445d"
3279,"Os09g0424300"
3280,"Os01g0111400"
3281,"Os03g0165800"
3282,"Os06g0712800"
3283,"Os01g0809000"
3284,"Os11g0191800"
3285,"Os03g0581200"
3286,"Os11g0120000"
3287,"Os06g0664300"
3288,"Os08g0120000"
3289,"Os12g0636000"
3290,"Os01g0361000"
3291,"Os05g0532500"
3292,"Os06g0644600"
3293,"Os09g0481300"
3294,"Os02g0729700"
3295,"Os05g0374600"
3296,"Os11g0591800"
3297,"Os03g0353400"
3298,"Os01g0682500"
3299,"Os01g0935900"
3300,"Os01g0917400"
3301,"Os05g0344200"
3302,"Os12g0414500"
3303,"Os07g0427900"
3304,"Os05g0533600"
3305,"Os07g0613300"
3306,"3306"
3307,"Os08g0486200"
3308,"Os01g0864100"
3309,"Os05g0316200"
3310,"Os11g0531300"
3311,"Os04g0431400"
3312,"Os10g0413400"
3313,"Os01g0714100"
3314,"Os01g0161300"
3315,"Os02g0734700"
3316,"Os06g0119100"
3317,"Os02g0801900"
3318,"Os02g0638900"
3319,"Os04g0414800"
3320,"Os06g0613400"
3321,"Os12g0580300"
3322,"Os01g0350900"
3323,"Os08g0388300"
3324,"3324"
3325,"Os05g0302700"
3326,"Os07g0256700"
3327,"Os11g0645600"
3328,"Os07g0254400"
3329,"Os01g0887700"
3330,"Os01g0109500"
3331,"Os01g0837500"
3332,"Os08g0208700"
3333,"Os08g0328600"
3334,"Os12g0456200"
3335,"Os09g0333500"
3336,"Os01g0822800"
3337,"Os08g0113000"
3338,"Os02g0155400"
3339,"Os09g0423700"
3340,"Os04g0347900"
3341,"Os04g0282400"
3342,"Os04g0662200"
3343,"Os08g0556700"
3344,"Os09g0116400"
3345,"Os02g0726000"
3346,"Os01g0651000"
3347,"Os06g0299100"
3348,"Os11g0158600"
3349,"Os03g0807100"
3350,"3350"
3351,"3351"
3352,"Os01g0260000"
3353,"Os05g0511700"
3354,"Os05g0582100"
3355,"Os05g0448300"
3356,"Os07g0270900"
3357,"Os01g0153000"
3358,"Os08g0483200"
3359,"Os02g0613200"
3360,"Os07g0539700"
3361,"Os06g0266800"
3362,"osa-miR439b"
3363,"Os05g0486300"
3364,"Os06g0506200"
3365,"Os09g0472700"
3366,"Os05g0301500"
3367,"Os01g0948600"
3368,"Os08g0522300"
3369,"Os07g0130800"
3370,"Os02g0630300"
3371,"Os12g0186500"
3372,"Os03g0124100"
3373,"Os04g0390000"
3374,"Os10g0580800"
3375,"Os04g0611300"
3376,"Os03g0171900"
3377,"Os02g0761000"
3378,"Os08g0104600"
3379,"Os03g0301000"
3380,"Os05g0355400"
3381,"Os02g0164300"
3382,"Os01g0532300"
3383,"Os04g0505500"
3384,"Os01g0834200"
3385,"Os07g0264100"
3386,"Os05g0513800"
3387,"Os10g0478000"
3388,"Os02g0610500"
3389,"Os06g0329700"
3390,"Os04g0490600"
3391,"3391"
3392,"Os02g0294600"
3393,"Os02g0805400"
3394,"Os01g0350000"
3395,"Os01g0273300"
3396,"Os06g0693200"
3397,"Os05g0285900"
3398,"Os12g0569700"
3399,"Os06g0682700"
3400,"Os04g0639200"
3401,"Os01g0727700"
3402,"Os03g0601900"
3403,"Os07g0529800"
3404,"Os08g0224700"
3405,"Os04g0607000"
3406,"Os03g0135100"
3407,"Os11g0157000"
3408,"Os06g0661700"
3409,"Os02g0633400"
3410,"Os03g0818800"
3411,"Os04g0516800"
3412,"Os02g0779500"
3413,"Os01g0589800"
3414,"Os12g0541000"
3415,"Os03g0379300"
3416,"Os05g0249100"
3417,"Os02g0244700"
3418,"Os04g0537900"
3419,"Os09g0518000"
3420,"Os08g0245200"
3421,"Os01g0719600"
3422,"Os07g0167800"
3423,"Os01g0876500"
3424,"Os04g0675300"
3425,"Os01g0736600"
3426,"Os09g0544100"
3427,"Os01g0185300"
3428,"Os06g0538900"
3429,"Os07g0100300"
3430,"Os03g0254700"
3431,"Os08g0513100"
3432,"Os01g0151400"
3433,"Os01g0818900"
3434,"osa-miR166l"
3435,"Os12g0555000"
3436,"Os02g0557200"
3438,"Os04g0677800"
3439,"Os07g0212200"
3440,"Os07g0475000"
3441,"osa-miR395b"
3442,"Os03g0148700"
3443,"Os10g0485600"
3444,"Os03g0584400"
3445,"Os01g0930300"
3446,"Os10g0102400"
3447,"Os04g0368000"
3448,"Os06g0639500"
3449,"Os02g0780600"
3450,"Os04g0420900"
3451,"Os06g0573600"
3452,"Os01g0792400"
3453,"Os03g0637800"
3454,"Os04g0626100"
3455,"Os03g0355700"
3456,"Os01g0814000"
3457,"Os02g0144100"
3458,"Os10g0535800"
3459,"Os10g0567400"
3460,"Os10g0150400"
3461,"osa-miR395e"
3462,"Os02g0572400"
3463,"osa-miR164b"
3464,"Os07g0531500"
3465,"Os02g0261100"
3466,"Os03g0136800"
3467,"PAtControl0003"
3468,"Os10g0456500"
3469,"Os11g0587600"
3470,"Os10g0398100"
3471,"Os01g0847600"
3472,"Os04g0498600"
3473,"3473"
3474,"Os03g0407400"
3475,"Os11g0602700"
3476,"3476"
3477,"Os06g0282000"
3478,"Os01g0188400"
3479,"osa-miR171e"
3480,"Os11g0535600"
3481,"Os04g0478100"
3482,"Os12g0120500"
3483,"Os08g0261000"
3484,"Os01g0760600"
3485,"Os11g0707000"
3486,"Os09g0385300"
3487,"Os03g0599800"
3488,"Os07g0184800"
3489,"Os07g0178100"
3490,"Os10g0464400"
3491,"Os03g0321900"
3492,"Os06g0644500"
3493,"Os05g0522500"
3494,"Os11g0210000"
3495,"Os08g0343600"
3496,"Os05g0511000"
3497,"Os03g0666700"
3498,"Os07g0563600"
3499,"Os02g0822600"
3500,"Os05g0519800"
3501,"Os03g0780700"
3502,"Os01g0678500"
3503,"Os09g0433500"
3504,"Os08g0116700"
3505,"Os07g0498800"
3506,"Os11g0240900"
3507,"Os01g0894600"
3508,"Os07g0541500"
3509,"Os04g0433300"
3510,"Os02g0666200"
3511,"Os10g0351400"
3512,"Os08g0234200"
3513,"Os03g0251300"
3514,"Os08g0444100"
3515,"Os06g0284800"
3516,"osa-miR395m"
3517,"Os04g0623100"
3518,"Os01g0673600"
3519,"Os05g0495100"
3520,"Os08g0498100"
3521,"Os05g0135400"
3522,"Os02g0106000"
3523,"Os09g0329000"
3524,"Os12g0288500"
3525,"Os05g0564500"
3526,"Os01g0777800"
3527,"Os03g0669200"
3528,"Os08g0440300"
3529,"Os04g0203100"
3530,"POsControl0040"
3531,"Os03g0308700"
3532,"Os07g0563800"
3533,"Os07g0452100"
3534,"Os03g0798300"
3535,"Os01g0507400"
3536,"Os08g0331800"
3537,"Os06g0301400"
3538,"Os03g0107100"
3539,"Os11g0156800"
3540,"Os05g0168500"
3541,"Os05g0564200"
3542,"Os04g0526600"
3543,"Os01g0142800"
3544,"Os01g0955000"
3545,"Os05g0446000"
3546,"Os02g0265200"
3547,"Os02g0244600"
3548,"Os03g0567600"
3549,"Os12g0562800"
3550,"Os10g0578900"
3551,"Os01g0661800"
3552,"Os03g0820400"
3553,"Os10g0104800"
3554,"Os10g0554200"
3555,"Os09g0270800"
3556,"Os02g0801900"
3557,"3557"
3558,"Os07g0146800"
3559,"Os01g0713200"
3560,"Os10g0131800"
3561,"Os05g0542800"
3562,"Os03g0752800"
3563,"Os02g0785000"
3564,"Os10g0396400"
3565,"Os10g0416800"
3566,"Os02g0308900"
3567,"Os02g0714500"
3568,"Os11g0208700"
3569,"Os05g0104700"
3570,"Os11g0655800"
3571,"Os03g0264600"
3572,"Os01g0509800"
3573,"osa-miR399h"
3574,"Os12g0263800"
3575,"Os06g0686800"
3576,"Os02g0647300"
3577,"Os01g0589500"
3578,"Os02g0639800"
3579,"Os07g0614700"
3580,"Os05g0595100"
3581,"Os09g0541900"
3582,"Os03g0171600"
3583,"Os12g0506800"
3584,"Os01g0607300"
3585,"Os01g0535900"
3586,"Os05g0492200"
3587,"Os06g0507100"
3588,"Os01g0106800"
3589,"Os11g0419600"
3590,"Os05g0162500"
3591,"Os01g0793200"
3592,"3592"
3593,"Os03g0264800"
3594,"Os02g0595400"
3595,"Os02g0566400"
3596,"Os06g0622800"
3597,"Os01g0768400"
3598,"Os05g0112800"
3599,"Os04g0301600"
3600,"POsControl0031"
3601,"Os09g0567300"
3602,"Os06g0722100"
3603,"Os01g0894600"
3604,"Os06g0176600"
3605,"Os01g0104400"
3606,"Os08g0118000"
3607,"Os03g0816200"
3608,"Os05g0468000"
3609,"Os11g0202300"
3610,"Os10g0328100"
3611,"Os07g0434500"
3613,"Os06g0361500"
3614,"Os03g0211500"
3615,"Os03g0556200"
3616,"Os06g0642500"
3617,"Os11g0214100"
3618,"Os01g0126000"
3619,"Os04g0395600"
3620,"Os03g0345200"
3621,"Os01g0916400"
3622,"Os07g0238800"
3623,"Os02g0670900"
3624,"Os02g0831500"
3625,"Os08g0248800"
3626,"Os11g0174000"
3627,"Os03g0159000"
3628,"Os01g0773700"
3629,"Os05g0512400"
3630,"Os03g0804100"
3631,"Os04g0555400"
3632,"Os01g0818400"
3633,"Os02g0607700"
3634,"Os06g0619000"
3635,"Os04g0678300"
3636,"Os07g0210000"
3637,"Os02g0754600"
3638,"Os06g0617800"
3639,"Os03g0301400"
3640,"Os03g0711300"
3641,"Os12g0528500"
3642,"Os11g0543300"
3643,"Os12g0596200"
3644,"Os01g0916300"
3645,"Os05g0198400"
3646,"Os01g0242400"
3647,"Os06g0198500"
3648,"Os01g0776800"
3649,"Os06g0203800"
3650,"osa-miR166d"
3651,"Os12g0429300"
3652,"Os10g0318900"
3653,"Os05g0114700"
3654,"Os11g0118300"
3655,"Os03g0174700"
3656,"Os08g0300200"
3657,"Os01g0170000"
3658,"Os07g0244400"
3659,"Os02g0212300"
3660,"3660"
3661,"Os07g0476200"
3662,"Os05g0296900"
3663,"Os02g0288000"
3664,"Os06g0590100"
3665,"Os06g0700000"
3666,"Os07g0616400"
3667,"Os02g0301400"
3668,"Os06g0537700"
3669,"Os03g0724700"
3670,"Os01g0758000"
3671,"Os12g0105800"
3672,"Os01g0654500"
3673,"Os11g0187500"
3674,"Os01g0270100"
3675,"Os08g0290500"
3676,"Os06g0620000"
3677,"Os09g0508500"
3678,"Os03g0139100"
3679,"Os03g0647800"
3680,"Os04g0469700"
3681,"Os01g0770200"
3682,"Os07g0636200"
3683,"Os02g0810000"
3684,"Os09g0314200"
3685,"Os09g0258600"
3686,"Os05g0365600"
3687,"Os09g0404500"
3688,"Os11g0147500"
3689,"osa-miR160a"
3690,"Os02g0598400"
3691,"Os01g0736900"
3692,"Os01g0713200"
3693,"Os04g0629500"
3694,"Os05g0445100"
3695,"Os12g0580300"
3696,"Os07g0588400"
3697,"Os01g0637600"
3698,"Os05g0215000"
3699,"Os07g0115800"
3700,"Os08g0326700"
3701,"Os05g0372100"
3702,"Os02g0703600"
3703,"Os03g0648300"
3704,"Os01g0502900"
3705,"Os01g0612500"
3706,"Os12g0242900"
3707,"Os03g0376800"
3708,"Os12g0405100"
3709,"Os01g0713200"
3710,"Os09g0463700"
3711,"Os01g0253400"
3712,"Os01g0876900"
3713,"Os12g0596900"
3714,"Os05g0558800"
3715,"Os06g0226000"
3716,"Os07g0562700"
3717,"Os06g0113900"
3718,"Os01g0878000"
3719,"Os01g0293200"
3720,"POsControl0014"
3721,"Os04g0208800"
3722,"Os02g0123100"
3723,"Os04g0556400"
3724,"Os04g0529100"
3725,"Os08g0104900"
3726,"Os03g0241400"
3727,"Os10g0495300"
3728,"Os01g0545100"
3729,"Os05g0591200"
3730,"Os02g0205300"
3731,"Os11g0539100"
3732,"Os11g0543100"
3733,"Os04g0506900"
3734,"Os11g0657900"
3735,"Os04g0190900"
3736,"Os01g0974200"
3737,"Os09g0426500"
3738,"Os05g0371200"
3739,"Os01g0251200"
3740,"Os01g0949300"
3741,"Os05g0410100"
3742,"Os06g0128300"
3743,"Os04g0165900"
3744,"Os10g0555100"
3745,"Os08g0184700"
3746,"Os06g0125800"
3747,"Os01g0843500"
3748,"Os12g0596100"
3749,"Os07g0670800"
3750,"Os10g0532800"
3751,"Os04g0527000"
3752,"Os12g0586000"
3753,"Os07g0536500"
3754,"Os03g0363900"
3755,"Os02g0138200"
3756,"Os10g0548400"
3757,"Os08g0501200"
3758,"Os04g0500700"
3759,"Os04g0103900"
3760,"Os11g0423200"
3761,"Os05g0523200"
3762,"Os01g0200700"
3763,"Os01g0853600"
3764,"Os03g0827500"
3765,"Os10g0191300"
3766,"Os03g0318600"
3767,"Os03g0722800"
3768,"Os08g0379400"
3769,"Os08g0474700"
3770,"Os07g0641700"
3771,"Os06g0613900"
3772,"Os05g0315100"
3773,"3773"
3774,"Os01g0619000"
3775,"Os10g0160000"
3776,"Os02g0578000"
3777,"Os01g0176200"
3778,"Os06g0729300"
3779,"Os12g0445200"
3780,"Os05g0148600"
3781,"Os08g0323800"
3782,"Os01g0120900"
3783,"Os01g0881100"
3784,"Os05g0118900"
3785,"Os12g0225200"
3786,"Os10g0103700"
3787,"Os01g0553400"
3788,"Os08g0129200"
3789,"Os06g0488200"
3790,"Os05g0586600"
3791,"3791"
3792,"Os04g0129500"
3793,"Os06g0160100"
3794,"Os08g0472400"
3795,"Os01g0127100"
3796,"Os04g0166000"
3797,"Os06g0476100"
3798,"Os04g0295500"
3799,"Os04g0409900"
3800,"Os02g0137500"
3801,"Os04g0462900"
3802,"Os01g0166100"
3803,"Os04g0612600"
3804,"Os12g0212100"
3805,"Os04g0488000"
3806,"Os02g0200900"
3807,"Os03g0321700"
3808,"Os01g0185300"
3809,"Os06g0268800"
3810,"osa-miR156a"
3811,"Os11g0678000"
3812,"Os05g0502500"
3813,"Os06g0226700"
3814,"Os01g0762600"
3815,"Os06g0715300"
3816,"Os01g0840800"
3817,"Os02g0147800"
3818,"Os02g0522100"
3819,"Os01g0187000"
3820,"Os05g0202300"
3821,"osa-miR414"
3822,"Os01g0829400"
3823,"Os03g0197300"
3824,"Os07g0612400"
3825,"Os01g0117700"
3826,"3826"
3827,"Os03g0176600"
3828,"Os09g0455500"
3829,"Os01g0949500"
3830,"Os05g0122600"
3831,"Os02g0153300"
3832,"Os03g0718000"
3833,"Os01g0849100"
3834,"Os04g0613800"
3835,"Os06g0216800"
3836,"Os07g0661100"
3837,"Os04g0691100"
3838,"Os08g0314500"
3839,"Os02g0827500"
3840,"Os02g0817200"
3841,"Os09g0450600"
3842,"Os12g0448900"
3843,"Os10g0565100"
3844,"Os10g0561900"
3845,"Os03g0222700"
3846,"Os12g0635400"
3847,"Os06g0726900"
3848,"Os06g0680500"
3849,"Os04g0280800"
3850,"Os04g0118500"
3851,"Os04g0519100"
3852,"Os01g0500500"
3853,"Os12g0597300"
3854,"Os06g0697200"
3855,"Os01g0922600"
3856,"osa-miR167f"
3857,"Os01g0705000"
3858,"Os06g0228200"
3859,"Os06g0221000"
3860,"Os01g0740800"
3861,"Os01g0311600"
3862,"Os07g0527600"
3863,"Os03g0813700"
3864,"Os01g0124400"
3865,"Os03g0448500"
3866,"Os05g0516400"
3867,"Os04g0416400"
3868,"osa-miR445a"
3869,"Os01g0869800"
3870,"Os12g0104800"
3871,"Os08g0159500"
3872,"Os04g0536800"
3873,"Os01g0313000"
3874,"Os03g0841900"
3875,"Os06g0652300"
3876,"Os07g0254900"
3877,"Os03g0401900"
3878,"Os01g0920100"
3879,"Os06g0348800"
3880,"Os01g0225300"
3881,"Os02g0158400"
3882,"Os03g0263800"
3883,"Os04g0515300"
3884,"Os04g0448800"
3885,"Os08g0151700"
3886,"Os10g0521000"
3887,"Os08g0531700"
3888,"Os05g0453700"
3889,"Os12g0104800"
3890,"Os12g0595800"
3891,"Os12g0507500"
3892,"Os03g0211900"
3893,"PGmControl0002"
3894,"Os06g0163600"
3895,"Os10g0364600"
3896,"Os02g0781700"
3897,"Os01g0707500"
3898,"Os08g0324800"
3899,"Os07g0599100"
3900,"Os09g0459800"
3901,"Os06g0176000"
3902,"Os12g0175800"
3903,"Os04g0592300"
3904,"Os02g0274000"
3905,"Os10g0554800"
3906,"Os02g0226000"
3907,"Os04g0197500"
3908,"Os03g0845800"
3909,"3909"
3910,"Os10g0124500"
3911,"Os01g0316100"
3912,"Os03g0146100"
3913,"Os09g0406400"
3914,"Os03g0836500"
3915,"Os04g0223000"
3916,"Os01g0786700"
3917,"Os01g0881000"
3918,"Os07g0237700"
3919,"Os04g0596500"
3920,"Os08g0148600"
3921,"Os12g0631100"
3922,"Os03g0109700"
3923,"Os04g0668700"
3924,"Os03g0267700"
3925,"Os02g0731200"
3926,"Os03g0181800"
3927,"Os07g0582800"
3928,"Os09g0123200"
3929,"Os06g0707800"
3930,"Os02g0703300"
3931,"Os07g0611700"
3932,"Os11g0237900"
3933,"Os02g0469600"
3934,"Os06g0553200"
3935,"Os01g0723700"
3936,"Os06g0184900"
3937,"Os02g0245100"
3938,"Os03g0409100"
3939,"Os10g0438800"
3940,"Os07g0663300"
3941,"Os06g0528600"
3942,"Os11g0168100"
3943,"osa-miR439g"
3944,"Os04g0681900"
3945,"Os07g0632700"
3946,"Os06g0111500"
3947,"Os12g0106200"
3948,"Os10g0451900"
3949,"Os03g0223000"
3950,"Os07g0656200"
3951,"Os04g0387600"
3952,"Os05g0184000"
3953,"Os08g0131000"
3954,"Os02g0198800"
3955,"Os09g0551300"
3956,"Os11g0256300"
3957,"Os02g0805200"
3958,"Os05g0226900"
3959,"Os06g0717100"
3960,"Os03g0165900"
3961,"Os07g0661800"
3962,"Os08g0332700"
3963,"Os09g0506700"
3964,"Os06g0276300"
3965,"Os01g0503700"
3966,"Os12g0620400"
3967,"Os03g0582900"
3968,"Os04g0612600"
3969,"Os04g0414100"
3970,"Os06g0149400"
3971,"Os03g0339400"
3972,"Os01g0919800"
3973,"Os03g0825500"
3974,"Os06g0346600"
3975,"Os05g0157200"
3976,"Os01g0514300"
3977,"Os07g0160000"
3978,"Os06g0185200"
3979,"Os01g0204000"
3980,"Os05g0145900"
3981,"Os06g0632700"
3982,"Os04g0466700"
3983,"Os03g0659300"
3984,"osa-miR394"
3985,"Os02g0169400"
3986,"Os11g0704100"
3987,"Os12g0409600"
3988,"Os02g0619600"
3989,"Os02g0662700"
3990,"Os02g0125300"
3991,"Os03g0195800"
3992,"Os08g0560000"
3993,"Os03g0810400"
3994,"Os06g0134400"
3995,"Os01g0310700"
3996,"Os10g0191000"
3997,"Os03g0424000"
3998,"Os08g0185900"
3999,"Os03g0286200"
4000,"Os02g0325400"
4001,"Os08g0154000"
4002,"Os11g0170700"
4003,"Os09g0563700"
4004,"Os05g0164400"
4005,"Os11g0173500"
4006,"Os05g0455400"
4007,"Os04g0444900"
4008,"Os06g0693400"
4009,"Os07g0236700"
4010,"Os03g0300500"
4011,"Os06g0195800"
4012,"Os07g0614500"
4013,"Os06g0112100"
4014,"Os03g0848200"
4015,"Os04g0595800"
4016,"Os01g0276400"
4017,"Os06g0168400"
4018,"Os03g0784700"
4019,"Os02g0167200"
4020,"Os01g0874100"
4021,"Os01g0310900"
4022,"Os03g0661900"
4023,"Os12g0616200"
4024,"Os06g0551800"
4025,"Os06g0726200"
4026,"Os03g0816000"
4027,"Os12g0639800"
4028,"Os06g0556300"
4029,"Os01g0948400"
4030,"Os03g0770700"
4031,"Os12g0105700"
4032,"Os01g0222900"
4033,"Os07g0141400"
4034,"Os06g0210300"
4035,"Os07g0217800"
4036,"Os11g0640600"
4037,"Os02g0326200"
4038,"Os02g0677700"
4039,"Os10g0470900"
4040,"Os06g0731000"
4041,"POsControl0018"
4042,"Os01g0288700"
4043,"Os04g0650800"
4044,"Os03g0845300"
4045,"Os03g0712700"
4046,"Os03g0333400"
4047,"Os07g0687500"
4048,"Os02g0753400"
4049,"Os01g0233300"
4050,"Os06g0708000"
4051,"Os01g0615200"
4052,"Os02g0168600"
4053,"Os03g0835800"
4054,"Os07g0440700"
4055,"Os01g0966700"
4056,"Os05g0414600"
4057,"Os02g0556100"
4058,"Os09g0116100"
4059,"Os04g0542000"
4060,"Os03g0799500"
4061,"Os04g0601200"
4062,"Os07g0301200"
4063,"Os03g0638400"
4064,"4064"
4065,"Os11g0703100"
4066,"Os04g0594500"
4067,"Os02g0514000"
4068,"Os03g0133000"
4069,"Os03g0717000"
4070,"Os05g0583500"
4071,"Os03g0240400"
4072,"Os07g0470400"
4073,"Os07g0209000"
4074,"Os02g0723300"
4075,"Os04g0483400"
4076,"Os01g0686400"
4077,"Os04g0112300"
4078,"Os07g0462700"
4079,"Os08g0545700"
4080,"4080"
4081,"osa-miR395k"
4082,"Os09g0547300"
4083,"Os12g0228400"
4084,"Os06g0620600"
4085,"Os06g0714200"
4086,"Os12g0577200"
4087,"Os06g0582600"
4088,"Os01g0208400"
4089,"Os03g0244600"
4090,"Os04g0683700"
4091,"Os03g0665800"
4092,"Os06g0256200"
4093,"Os03g0596900"
4094,"Os12g0618300"
4095,"Os03g0381300"
4096,"Os12g0550600"
4097,"Os04g0541700"
4098,"Os03g0210200"
4099,"Os11g0701000"
4100,"Os11g0660300"
4101,"Os01g0181100"
4102,"Os07g0566000"
4103,"Os02g0193000"
4104,"Os01g0935300"
4105,"POsControl0043"
4106,"Os10g0161100"
4107,"Os09g0453500"
4108,"Os08g0143400"
4109,"Os12g0631200"
4110,"Os03g0696300"
4111,"Os07g0274100"
4112,"Os04g0609200"
4113,"Os06g0243900"
4114,"Os03g0381500"
4115,"osa-miR399g"
4116,"Os09g0248200"
4117,"Os02g0113400"
4118,"Os06g0610100"
4119,"Os12g0206700"
4120,"Os05g0170000"
4121,"Os02g0657500"
4122,"Os03g0772800"
4123,"Os09g0476300"
4124,"Os03g0787400"
4125,"Os12g0481100"
4126,"Os12g0616900"
4127,"osa-miR159b"
4128,"Os11g0291900"
4129,"Os11g0283200"
4130,"Os03g0114800"
4131,"Os05g0359500"
4132,"Os10g0160100"
4133,"Os06g0275900"
4134,"Os07g0553600"
4135,"Os01g0638000"
4136,"Os03g0239400"
4137,"Os04g0555400"
4138,"Os12g0607100"
4139,"Os04g0660900"
4140,"Os10g0147900"
4141,"Os04g0543200"
4142,"Os10g0439800"
4143,"Os05g0546500"
4144,"Os03g0335300"
4145,"Os08g0439000"
4146,"Os07g0695100"
4147,"POsControl0006"
4148,"osa-miR394"
4149,"Os01g0852500"
4150,"Os09g0457400"
4151,"Os02g0529700"
4152,"Os02g0325600"
4153,"Os02g0735100"
4154,"Os07g0530400"
4155,"Os12g0484900"
4156,"Os06g0717800"
4157,"Os05g0149900"
4158,"Os12g0468600"
4159,"Os07g0662900"
4160,"Os05g0530400"
4161,"Os02g0437800"
4162,"Os11g0449800"
4163,"Os05g0404600"
4164,"Os07g0158200"
4165,"Os01g0779400"
4166,"Os07g0614400"
4167,"Os03g0429800"
4168,"Os01g0195400"
4169,"Os01g0922800"
4170,"Os01g0876400"
4171,"Os04g0465600"
4172,"Os11g0579300"
4173,"Os10g0417600"
4174,"Os07g0216600"
4175,"Os11g0531800"
4176,"Os11g0116200"
4177,"Os06g0148000"
4178,"Os04g0120200"
4179,"Os01g0559600"
4180,"Os02g0600400"
4181,"Os10g0132800"
4182,"Os12g0227500"
4183,"Os12g0299300"
4184,"Os05g0102800"
4185,"Os06g0708000"
4186,"4186"
4187,"Os11g0184900"
4188,"Os11g0558200"
4189,"Os08g0556200"
4190,"Os11g0173500"
4191,"Os02g0744600"
4192,"Os02g0722800"
4193,"Os10g0394400"
4194,"Os01g0111900"
4195,"Os09g0558200"
4196,"Os01g0897300"
4197,"Os08g0480300"
4198,"Os03g0102700"
4199,"Os01g0691700"
4200,"Os05g0110100"
4201,"Os05g0506000"
4202,"Os09g0252800"
4203,"Os01g0744300"
4204,"Os08g0481800"
4205,"Os03g0737900"
4206,"Os06g0479200"
4207,"Os11g0244200"
4208,"Os06g0664200"
4209,"Os01g0566200"
4210,"Os04g0116800"
4211,"Os12g0219700"
4212,"Os01g0257300"
4213,"Os08g0500400"
4214,"Os04g0461000"
4215,"Os01g0192900"
4216,"Os04g0627000"
4217,"Os05g0499100"
4218,"Os01g0718300"
4219,"Os09g0325700"
4220,"Os01g0770400"
4221,"Os02g0717500"
4222,"Os03g0129000"
4223,"Os11g0148200"
4224,"Os07g0139400"
4225,"Os04g0632300"
4226,"Os10g0464000"
4227,"Os12g0517000"
4228,"Os08g0209000"
4229,"Os02g0518100"
4230,"Os07g0685300"
4231,"Os07g0574400"
4232,"Os07g0222100"
4233,"Os10g0560400"
4234,"Os10g0335200"
4235,"4235"
4236,"Os01g0592300"
4237,"Os01g0112800"
4238,"Os01g0957000"
4239,"Os01g0609900"
4240,"Os07g0124900"
4241,"Os07g0557100"
4242,"Os05g0292700"
4243,"Os12g0621500"
4244,"POsControl0015"
4245,"Os02g0609200"
4246,"Os12g0257000"
4247,"Os01g0631400"
4248,"Os05g0108400"
4249,"Os02g0625000"
4250,"Os01g0296100"
4251,"Os05g0365000"
4252,"Os05g0582200"
4253,"osa-miR159b"
4254,"Os11g0171700"
4255,"Os05g0298200"
4256,"Os01g0290600"
4257,"osa-miR395i"
4258,"Os07g0673100"
4259,"Os01g0880200"
4260,"Os03g0311300"
4261,"Os06g0609400"
4262,"Os02g0256500"
4263,"Os04g0542800"
4264,"Os05g0116100"
4265,"Os05g0580000"
4266,"Os06g0584000"
4267,"Os01g0191900"
4268,"Os12g0485500"
4269,"Os08g0117800"
4270,"4270"
4271,"Os03g0802300"
4272,"Os10g0563500"
4273,"Os08g0428800"
4274,"Os02g0617200"
4275,"Os12g0291100"
4276,"Os10g0516400"
4277,"Os03g0822400"
4278,"Os09g0134400"
4279,"Os03g0754100"
4280,"Os01g0518400"
4281,"4281"
4282,"Os03g0718100"
4283,"Os12g0299500"
4284,"Os08g0233500"
4285,"Os10g0545400"
4286,"osa-miR396b"
4287,"PGmControl0003"
4288,"Os01g0327100"
4289,"Os09g0547800"
4290,"Os11g0514800"
4291,"Os06g0138000"
4292,"Os05g0537400"
4293,"Os04g0631900"
4294,"Os01g0970600"
4295,"Os11g0516400"
4296,"Os08g0483100"
4297,"Os11g0303300"
4298,"Os01g0604700"
4299,"Os02g0717700"
4300,"Os01g0842400"
4301,"Os07g0512200"
4302,"Os05g0410200"
4303,"Os01g0921300"
4304,"Os03g0200500"
4305,"Os01g0680700"
4306,"Os04g0605200"
4307,"Os04g0689700"
4308,"4308"
4309,"Os08g0560000"
4310,"Os01g0510800"
4311,"Os10g0519800"
4312,"Os06g0496800"
4313,"Os09g0352400"
4314,"Os05g0344200"
4315,"Os04g0634800"
4316,"Os05g0213900"
4317,"Os07g0220600"
4318,"Os05g0406600"
4319,"Os01g0600900"
4320,"Os06g0644800"
4321,"Os05g0430300"
4322,"Os03g0809700"
4323,"Os01g0315800"
4324,"Os01g0134500"
4325,"Os01g0209200"
4326,"Os02g0723400"
4327,"Os03g0122300"
4328,"Os03g0640600"
4329,"Os02g0709400"
4330,"Os05g0176500"
4331,"Os01g0384300"
4332,"Os10g0550200"
4333,"Os09g0505600"
4334,"Os06g0193000"
4335,"Os01g0834400"
4336,"osa-miR395t"
4337,"Os06g0218600"
4338,"Os02g0179300"
4339,"Os01g0644200"
4340,"Os03g0339900"
4341,"Os05g0424800"
4342,"Os04g0670200"
4343,"Os01g0957800"
4344,"Os09g0125900"
4345,"Os02g0822100"
4346,"Os11g0440200"
4347,"Os04g0515300"
4348,"Os03g0198600"
4349,"Os05g0475500"
4350,"Os02g0704000"
4351,"Os02g0586500"
4352,"Os05g0132300"
4353,"Os08g0526300"
4354,"Os01g0607400"
4355,"Os11g0145000"
4356,"Os06g0630300"
4357,"Os03g0627500"
4358,"Os03g0106900"
4359,"Os11g0130500"
4360,"4360"
4361,"Os07g0495900"
4362,"Os04g0470700"
4363,"Os06g0490700"
4364,"Os10g0473400"
4365,"Os03g0322800"
4366,"Os01g0904200"
4367,"Os09g0525300"
4368,"Os11g0197500"
4369,"Os03g0399600"
4370,"Os03g0644400"
4371,"Os05g0348400"
4372,"Os06g0345200"
4373,"Os03g0107800"
4374,"Os03g0339300"
4375,"Os02g0579000"
4376,"Os02g0700600"
4377,"Os08g0498600"
4378,"Os05g0207300"
4379,"Os05g0381700"
4380,"Os04g0568700"
4381,"Os02g0125200"
4382,"Os06g0542000"
4383,"Os01g0337500"
4384,"Os11g0152700"
4385,"Os12g0408800"
4386,"Os01g0101200"
4387,"Os03g0747800"
4388,"Os03g0660700"
4389,"Os10g0374600"
4390,"Os05g0149600"
4391,"Os02g0813500"
4392,"Os03g0793000"
4393,"Os12g0641200"
4394,"Os04g0669300"
4395,"Os01g0507700"
4396,"Os08g0107900"
4397,"Os07g0459400"
4398,"Os05g0198200"
4399,"Os01g0962700"
4400,"Os09g0281900"
4401,"Os04g0116900"
4402,"Os11g0602700"
4403,"Os01g0326100"
4404,"Os03g0237500"
4405,"Os02g0497700"
4406,"Os01g0161000"
4407,"Os01g0859400"
4408,"Os07g0124600"
4409,"Os08g0435700"
4410,"osa-miR171c"
4411,"Os07g0258400"
4412,"Os07g0589400"
4413,"Os01g0657100"
4414,"Os02g0797500"
4415,"Os09g0347900"
4416,"Os07g0459200"
4417,"Os05g0138300"
4418,"osa-miR395h"
4419,"Os01g0639600"
4420,"Os08g0198300"
4421,"Os05g0524300"
4422,"Os11g0433300"
4423,"Os09g0568200"
4424,"Os01g0730300"
4425,"Os09g0361700"
4426,"Os06g0352900"
4427,"Os05g0217800"
4428,"Os08g0127900"
4429,"Os07g0111600"
4430,"Os02g0218800"
4431,"Os09g0315800"
4432,"Os12g0153600"
4433,"Os12g0637100"
4434,"POsControl0024"
4435,"Os06g0273800"
4436,"Os10g0391200"
4437,"Os02g0555600"
4438,"Os06g0564100"
4439,"Os06g0141200"
4440,"Os09g0397700"
4441,"Os11g0579600"
4442,"Os05g0516600"
4443,"Os11g0232100"
4444,"Os03g0104100"
4445,"Os02g0489400"
4446,"Os07g0200900"
4447,"Os05g0389500"
4448,"Os12g0637700"
4449,"Os06g0185800"
4450,"Os01g0341600"
4451,"Os01g0658400"
4452,"Os01g0496900"
4453,"Os03g0754300"
4454,"Os08g0157500"
4455,"Os05g0571600"
4456,"Os03g0180900"
4457,"Os10g0122500"
4458,"Os04g0293100"
4459,"Os06g0660700"
4460,"Os05g0557200"
4461,"Os01g0206300"
4462,"Os01g0306800"
4463,"Os11g0432600"
4464,"Os07g0523300"
4465,"Os11g0191400"
4466,"Os07g0484600"
4467,"Os01g0566100"
4468,"Os02g0770000"
4469,"Os10g0363500"
4470,"Os11g0537300"
4471,"Os05g0461000"
4472,"Os08g0344600"
4473,"Os04g0674700"
4474,"osa-miR395a"
4475,"Os05g0471800"
4476,"Os07g0496600"
4477,"Os02g0799300"
4478,"Os02g0331200"
4479,"Os01g0198500"
4480,"Os09g0320400"
4481,"4481"
4482,"Os05g0126100"
4483,"Os03g0181500"
4484,"Os02g0616100"
4485,"Os03g0205000"
4486,"Os02g0324900"
4487,"Os04g0683100"
4488,"Os05g0290300"
4489,"Os01g0130100"
4490,"Os02g0742200"
4491,"Os02g0824900"
4492,"Os09g0501200"
4493,"Os03g0125400"
4494,"Os01g0303600"
4495,"Os04g0524300"
4496,"Os09g0120800"
4497,"Os05g0453700"
4498,"Os02g0757700"
4499,"Os08g0300300"
4500,"Os03g0804600"
4501,"Os12g0468100"
4502,"Os03g0409100"
4503,"Os01g0978400"
4504,"Os03g0234100"
4505,"Os11g0454000"
4506,"Os01g0711100"
4507,"Os04g0546800"
4508,"Os02g0303500"
4509,"Os05g0559600"
4510,"Os05g0226100"
4511,"Os03g0563300"
4512,"Os07g0658000"
4513,"Os08g0512500"
4514,"Os01g0614300"
4515,"Os03g0179000"
4516,"Os04g0469800"
4517,"Os01g0844900"
4518,"Os08g0450800"
4519,"Os11g0645300"
4520,"Os08g0535200"
4521,"Os10g0116400"
4522,"Os10g0545700"
4523,"Os07g0171300"
4524,"4524"
4525,"Os12g0639700"
4526,"Os05g0106900"
4527,"Os07g0180700"
4528,"Os01g0182600"
4529,"Os08g0141800"
4530,"Os01g0733500"
4531,"Os05g0573900"
4532,"Os02g0732700"
4533,"Os09g0397900"
4534,"Os05g0402700"
4535,"Os04g0429800"
4536,"Os04g0403300"
4537,"Os01g0897700"
4538,"Os05g0397900"
4539,"Os05g0552300"
4540,"Os06g0131700"
4541,"4541"
4542,"Os07g0106100"
4543,"osa-miR442"
4544,"Os08g0302000"
4545,"Os10g0533100"
4546,"Os12g0165300"
4547,"Os09g0441400"
4548,"Os10g0130500"
4549,"Os08g0120500"
4550,"Os12g0104700"
4551,"Os06g0699600"
4552,"Os04g0640700"
4553,"Os02g0105500"
4554,"Os07g0565500"
4555,"Os04g0242300"
4556,"4556"
4557,"Os06g0542700"
4558,"Os04g0556300"
4559,"Os02g0106100"
4560,"Os04g0563700"
4561,"Os06g0669100"
4562,"Os08g0200400"
4563,"Os02g0108600"
4564,"Os02g0182500"
4565,"Os03g0136400"
4566,"Os05g0340700"
4567,"Os06g0238300"
4568,"Os01g0254100"
4569,"Os05g0540600"
4570,"Os02g0122800"
4571,"Os01g0689600"
4572,"Os01g0348700"
4573,"Os01g0594300"
4574,"Os02g0611800"
4575,"Os11g0508600"
4576,"Os01g0836900"
4577,"Os02g0590400"
4578,"Os08g0535600"
4579,"Os01g0224200"
4580,"Os03g0336600"
4581,"Os01g0513800"
4582,"Os07g0608100"
4583,"4583"
4584,"Os02g0610500"
4585,"Os09g0279600"
4586,"Os11g0244300"
4587,"Os05g0573200"
4588,"Os02g0668200"
4589,"osa-miR171i"
4590,"Os03g0704100"
4591,"Os02g0822300"
4592,"Os04g0577700"
4593,"Os12g0555400"
4594,"Os02g0807100"
4595,"Os07g0586200"
4596,"Os01g0601700"
4597,"Os02g0823500"
4598,"Os10g0569300"
4599,"Os04g0545400"
4600,"Os10g0559700"
4601,"Os02g0626600"
4602,"Os09g0567300"
4603,"Os02g0140300"
4604,"Os02g0575200"
4605,"Os03g0718100"
4606,"Os06g0693700"
4607,"Os04g0506800"
4608,"Os07g0103000"
4609,"Os06g0263400"
4610,"Os07g0530700"
4611,"Os04g0431300"
4612,"Os03g0416200"
4613,"Os01g0628000"
4614,"Os04g0258100"
4615,"Os04g0421800"
4616,"Os03g0220700"
4617,"Os12g0577100"
4618,"Os06g0726200"
4619,"Os12g0582700"
4620,"Os09g0410700"
4621,"Os04g0178300"
4622,"Os09g0279200"
4623,"Os03g0672300"
4624,"osa-miR398a"
4625,"Os04g0418900"
4626,"Os08g0398700"
4627,"Os01g0347600"
4628,"Os01g0927900"
4629,"4629"
4630,"Os04g0401300"
4631,"Os05g0150800"
4632,"Os04g0419100"
4633,"Os05g0430200"
4634,"Os01g0923600"
4635,"Os01g0279400"
4636,"Os05g0391000"
4637,"Os11g0648700"
4638,"Os02g0522300"
4639,"Os07g0172200"
4640,"Os01g0172100"
4641,"4641"
4642,"Os09g0569200"
4643,"Os07g0523500"
4644,"Os10g0517800"
4645,"Os03g0350100"
4646,"Os08g0109000"
4647,"Os12g0616500"
4648,"Os05g0455500"
4649,"Os03g0723700"
4650,"Os05g0115900"
4651,"Os02g0693700"
4652,"Os05g0478900"
4653,"Os04g0157300"
4654,"Os01g0223400"
4655,"Os07g0227700"
4656,"Os08g0528000"
4657,"Os06g0192100"
4658,"Os12g0538800"
4659,"Os05g0526600"
4660,"Os03g0295400"
4661,"Os02g0224500"
4662,"Os03g0850700"
4663,"Os12g0175500"
4664,"Os08g0385100"
4665,"Os09g0425300"
4666,"Os08g0189500"
4667,"Os03g0823500"
4668,"Os10g0186900"
4669,"Os03g0401300"
4670,"Os05g0344400"
4671,"Os05g0274900"
4672,"Os03g0744600"
4673,"Os03g0653900"
4674,"Os01g0936800"
4675,"4675"
4676,"osa-miR399a"
4677,"Os03g0441400"
4678,"Os06g0667000"
4679,"Os02g0616100"
4680,"Os04g0562000"
4681,"Os02g0258300"
4682,"Os06g0355300"
4683,"Os03g0597600"
4684,"Os01g0911100"
4685,"Os02g0814000"
4686,"4686"
4687,"Os06g0542600"
4688,"Os03g0157800"
4689,"Os03g0301200"
4690,"Os04g0530000"
4691,"Os01g0683600"
4692,"Os01g0290800"
4693,"Os11g0175000"
4694,"Os05g0597200"
4695,"Os10g0114500"
4696,"Os03g0184300"
4697,"Os08g0542100"
4698,"Os08g0140700"
4699,"Os09g0566100"
4700,"Os02g0736900"
4701,"Os03g0752800"
4702,"Os07g0122200"
4703,"Os02g0690600"
4704,"4704"
4705,"Os10g0548700"
4706,"4706"
4707,"Os10g0444400"
4708,"Os12g0619000"
4709,"Os04g0529500"
4710,"Os01g0176500"
4711,"Os06g0167500"
4712,"Os04g0281900"
4713,"Os12g0618000"
4714,"Os01g0200700"
4715,"Os08g0436600"
4716,"Os05g0120700"
4717,"Os02g0823300"
4718,"Os09g0541700"
4719,"Os10g0439200"
4720,"Os08g0471900"
4721,"Os02g0153700"
4722,"Os06g0686400"
4723,"Os02g0290300"
4724,"Os03g0219300"
4725,"Os07g0675100"
4726,"Os03g0421300"
4727,"Os08g0244400"
4728,"Os08g0141700"
4729,"Os04g0520200"
4730,"Os02g0534400"
4731,"Os02g0814900"
4732,"Os08g0534300"
4733,"Os06g0163300"
4734,"Os04g0453300"
4735,"Os12g0558400"
4736,"Os04g0524400"
4737,"Os05g0130100"
4738,"Os08g0499700"
4739,"Os03g0753100"
4740,"Os06g0334400"
4741,"Os06g0166200"
4742,"Os05g0423400"
4743,"Os07g0617000"
4744,"Os11g0684100"
4745,"Os05g0533600"
4746,"Os03g0295500"
4747,"Os07g0107800"
4748,"Os02g0579600"
4749,"Os02g0135500"
4750,"Os04g0560200"
4751,"Os10g0431000"
4752,"4752"
4753,"Os08g0120600"
4754,"Os01g0232700"
4755,"Os01g0328300"
4756,"Os06g0644300"
4757,"Os08g0371900"
4758,"Os12g0267800"
4759,"Os11g0647800"
4760,"Os05g0358000"
4761,"Os05g0234700"
4762,"Os09g0266000"
4763,"Os09g0247600"
4764,"Os09g0537700"
4765,"Os06g0731500"
4766,"Os02g0144900"
4767,"Os10g0166500"
4768,"Os05g0103400"
4769,"Os03g0269300"
4770,"Os01g0119000"
4771,"Os09g0436400"
4772,"Os01g0934900"
4773,"Os05g0149800"
4774,"Os01g0503500"
4775,"Os02g0601800"
4776,"Os12g0257500"
4777,"Os09g0479900"
4778,"Os08g0104100"
4779,"Os03g0855700"
4780,"Os03g0285800"
4781,"Os08g0423700"
4782,"Os10g0350500"
4783,"Os11g0265400"
4784,"Os06g0205600"
4785,"Os01g0172400"
4786,"Os09g0458900"
4787,"POsControl0042"
4788,"Os03g0183900"
4789,"Os11g0439100"
4790,"Os02g0743800"
4791,"Os09g0530300"
4792,"Os12g0242700"
4793,"Os08g0276000"
4794,"4794"
4795,"Os09g0445000"
4796,"Os07g0648000"
4797,"Os06g0490700"
4798,"4798"
4799,"Os04g0594400"
4800,"Os03g0738400"
4801,"Os09g0298500"
4802,"Os02g0146700"
4803,"Os09g0529900"
4804,"Os09g0571400"
4805,"Os07g0230400"
4806,"Os06g0718100"
4807,"Os03g0282300"
4808,"Os04g0485700"
4809,"Os11g0249900"
4810,"4810"
4811,"Os03g0850200"
4812,"Os11g0108700"
4813,"Os03g0219300"
4814,"Os09g0518200"
4815,"POsControl0033"
4816,"Os08g0104600"
4817,"Os04g0583800"
4818,"Os04g0469300"
4819,"osa-miR393b"
4820,"Os01g0799600"
4821,"Os01g0868200"
4822,"Os11g0214700"
4823,"Os03g0397700"
4824,"Os02g0820700"
4825,"Os11g0453900"
4826,"Os12g0210800"
4827,"Os02g0602300"
4828,"Os05g0249300"
4829,"Os04g0403400"
4830,"4830"
4831,"Os03g0177400"
4832,"Os05g0270500"
4833,"Os03g0699200"
4834,"Os12g0442800"
4835,"Os11g0125900"
4836,"Os01g0322300"
4837,"Os01g0818000"
4838,"Os02g0699300"
4839,"Os01g0207300"
4840,"Os07g0130700"
4841,"Os11g0169800"
4842,"Os11g0220400"
4843,"Os10g0491000"
4844,"POsControl0026"
4845,"Os07g0607300"
4846,"Os07g0631000"
4847,"Os02g0186500"
4848,"Os05g0192100"
4849,"Os08g0434300"
4850,"Os01g0684900"
4851,"4851"
4852,"Os04g0679200"
4853,"Os04g0340100"
4854,"Os09g0349900"
4855,"Os01g0229300"
4856,"Os05g0481800"
4857,"Os02g0462300"
4858,"Os12g0250700"
4859,"Os01g0575000"
4860,"Os03g0776900"
4861,"Os07g0404200"
4862,"Os05g0244500"
4863,"Os01g0543600"
4864,"Os09g0467700"
4865,"Os01g0114900"
4866,"Os06g0587300"
4867,"Os06g0115400"
4868,"4868"
4869,"Os04g0379800"
4870,"Os07g0657400"
4871,"Os06g0153800"
4872,"Os03g0130700"
4873,"Os05g0266800"
4874,"Os02g0616800"
4875,"Os03g0350100"
4876,"Os12g0223000"
4877,"Os07g0191600"
4878,"Os07g0415200"
4879,"Os09g0464000"
4880,"Os05g0568600"
4881,"Os01g0188400"
4882,"Os06g0683400"
4883,"Os10g0115700"
4884,"Os03g0285700"
4885,"Os06g0687800"
4886,"Os11g0461200"
4887,"Os03g0728800"
4888,"Os12g0420200"
4889,"Os01g0185300"
4890,"Os06g0645600"
4891,"Os12g0509800"
4892,"4892"
4893,"Os03g0146100"
4894,"Os10g0567900"
4895,"Os08g0386200"
4896,"Os06g0729000"
4897,"4897"
4898,"Os02g0287000"
4899,"Os08g0359500"
4900,"Os05g0112000"
4901,"Os01g0772800"
4902,"Os03g0268100"
4903,"Os01g0520500"
4904,"Os03g0712100"
4905,"Os01g0805900"
4906,"Os08g0498400"
4907,"Os10g0411000"
4908,"Os07g0609000"
4909,"Os01g0762500"
4910,"Os04g0460400"
4911,"Os03g0736300"
4912,"osa-miR446"
4913,"Os06g0256300"
4914,"Os02g0442200"
4915,"Os04g0565900"
4916,"Os01g0276300"
4917,"Os07g0589600"
4918,"Os11g0664000"
4919,"Os07g0262200"
4920,"Os01g0364000"
4921,"Os08g0410300"
4922,"osa-miR164b"
4923,"Os08g0525800"
4924,"Os04g0500300"
4925,"Os06g0183900"
4926,"Os03g0754900"
4927,"Os08g0556000"
4928,"Os07g0589400"
4929,"Os04g0608300"
4930,"Os07g0405100"
4931,"Os08g0254500"
4932,"Os12g0509600"
4933,"Os08g0428200"
4934,"Os08g0249500"
4935,"Os03g0812500"
4936,"Os03g0435900"
4937,"Os08g0296600"
4938,"Os07g0179000"
4939,"Os05g0241900"
4940,"Os02g0590100"
4941,"Os11g0420000"
4942,"Os03g0683800"
4943,"Os09g0539100"
4944,"Os11g0461000"
4945,"Os03g0625900"
4946,"Os03g0160900"
4947,"Os02g0456200"
4948,"Os02g0658600"
4949,"Os05g0460600"
4950,"Os02g0282900"
4951,"Os01g0862200"
4952,"Os10g0539900"
4953,"Os01g0144100"
4954,"Os08g0431800"
4955,"Os10g0192500"
4956,"Os02g0651500"
4957,"Os11g0116500"
4958,"Os11g0546900"
4959,"Os01g0631100"
4960,"Os01g0254800"
4961,"osa-miR159c"
4962,"Os08g0407200"
4963,"Os01g0677100"
4964,"Os04g0113900"
4965,"Os05g0508700"
4966,"Os03g0723000"
4967,"Os02g0778400"
4968,"Os09g0515200"
4969,"Os07g0279200"
4970,"osa-miR172a"
4971,"Os02g0170500"
4972,"Os12g0149100"
4973,"Os09g0250300"
4974,"Os05g0110100"
4975,"Os11g0452400"
4976,"Os05g0505900"
4977,"Os10g0148400"
4978,"Os03g0333300"
4979,"Os06g0704600"
4980,"Os02g0545000"
4981,"Os06g0267500"
4982,"Os09g0249000"
4983,"Os07g0600200"
4984,"osa-miR399k"
4985,"Os02g0755600"
4986,"Os11g0227200"
4987,"POsControl0012"
4988,"Os06g0197000"
4989,"Os10g0540900"
4990,"Os05g0305100"
4991,"Os08g0160600"
4992,"Os04g0660100"
4993,"Os04g0448600"
4994,"Os07g0416600"
4995,"Os07g0636800"
4996,"Os02g0720400"
4997,"Os06g0104400"
4998,"Os08g0492500"
4999,"Os10g0410100"
5000,"Os06g0234200"
5001,"Os04g0384100"
5002,"Os02g0495900"
5003,"Os09g0456200"
5004,"Os01g0177900"
5005,"Os10g0561400"
5006,"Os11g0198900"
5007,"Os08g0367300"
5009,"Os08g0499800"
5010,"Os01g0773100"
5011,"Os03g0387100"
5012,"Os12g0189700"
5013,"Os03g0121700"
5014,"Os06g0277700"
5015,"Os06g0571000"
5016,"Os01g0834500"
5017,"Os01g0686800"
5018,"Os04g0661300"
5019,"Os09g0467200"
5020,"Os03g0693900"
5021,"Os12g0638700"
5022,"Os04g0537800"
5023,"Os04g0401800"
5024,"Os01g0167500"
5025,"Os02g0580300"
5026,"Os05g0305100"
5027,"Os03g0392400"
5028,"Os02g0252200"
5029,"Os02g0280300"
5030,"Os11g0549500"
5031,"Os05g0406800"
5032,"Os07g0238600"
5033,"Os01g0584300"
5034,"Os01g0167800"
5035,"Os11g0183300"
5036,"Os02g0252300"
5037,"Os07g0142900"
5038,"Os07g0121100"
5039,"Os05g0147400"
5040,"Os05g0217800"
5041,"Os01g0742300"
5042,"Os03g0785900"
5043,"Os08g0549600"
5044,"Os04g0588600"
5045,"osa-miR399c"
5046,"Os03g0294200"
5047,"Os08g0558700"
5048,"Os02g0649900"
5049,"Os06g0121300"
5050,"Os05g0446900"
5051,"Os01g0179600"
5052,"Os03g0808100"
5053,"Os10g0484800"
5054,"Os03g0167700"
5055,"Os10g0520100"
5056,"Os08g0130100"
5057,"Os04g0555600"
5058,"Os11g0693800"
5059,"Os05g0481800"
5060,"Os01g0908400"
5061,"Os03g0125900"
5062,"Os05g0519000"
5063,"Os07g0114500"
5064,"Os04g0690500"
5066,"Os01g0832300"
5067,"Os02g0546500"
5068,"Os07g0645200"
5069,"Os03g0177400"
5070,"Os04g0190000"
5071,"Os01g0663800"
5072,"Os09g0433400"
5073,"Os04g0272700"
5074,"Os01g0958200"
5075,"POsControl0035"
5076,"Os12g0114100"
5077,"Os03g0637900"
5078,"Os07g0633800"
5079,"Os02g0197600"
5080,"5080"
5081,"Os02g0526700"
5082,"Os05g0253200"
5083,"Os07g0532500"
5084,"Os03g0835600"
5085,"Os07g0152200"
5086,"Os01g0857400"
5087,"Os09g0506000"
5088,"Os04g0485800"
5089,"Os03g0806500"
5090,"Os05g0473400"
5091,"Os02g0729400"
5092,"Os05g0116000"
5093,"Os10g0504200"
5094,"Os11g0668300"
5095,"Os02g0514700"
5096,"Os04g0632300"
5097,"Os02g0213100"
5098,"Os02g0671100"
5099,"Os04g0530900"
5100,"Os09g0299300"
5101,"Os03g0196000"
5102,"Os07g0484800"
5103,"Os03g0853500"
5104,"Os12g0583900"
5105,"5105"
5106,"Os03g0127900"
5107,"Os06g0225200"
5108,"Os03g0701800"
5109,"Os01g0675100"
5110,"Os04g0628400"
5111,"Os02g0208300"
5112,"Os01g0233500"
5113,"Os04g0367200"
5114,"osa-miR419"
5115,"Os10g0149700"
5116,"5116"
5117,"Os05g0543700"
5118,"Os01g0710000"
5119,"Os03g0217900"
5120,"Os01g0873900"
5121,"Os11g0103100"
5122,"Os07g0562300"
5123,"Os11g0264700"
5124,"Os08g0280100"
5125,"Os10g0536400"
5126,"Os05g0477100"
5127,"Os12g0468300"
5128,"Os07g0486500"
5129,"Os01g0512200"
5130,"Os01g0832900"
5131,"osa-miR535"
5132,"Os01g0279100"
5133,"Os09g0488600"
5134,"Os06g0297700"
5135,"Os01g0274300"
5136,"Os03g0658800"
5137,"PAtControl0003"
5138,"Os06g0271000"
5139,"Os08g0561700"
5140,"Os08g0541500"
5141,"Os08g0112700"
5142,"Os07g0272300"
5143,"Os11g0151600"
5144,"Os05g0159300"
5145,"Os06g0550800"
5146,"Os09g0275200"
5147,"5147"
5148,"Os07g0577600"
5149,"Os04g0128300"
5150,"Os09g0433000"
5151,"Os08g0476100"
5152,"Os05g0581000"
5153,"Os03g0828100"
5154,"Os11g0707000"
5155,"Os01g0918300"
5156,"Os01g0946100"
5157,"Os06g0715600"
5158,"Os01g0856800"
5159,"Os01g0916000"
5160,"Os06g0650600"
5161,"Os11g0116400"
5162,"Os03g0750800"
5163,"Os07g0677400"
5164,"Os03g0238600"
5165,"Os05g0358400"
5166,"Os03g0752700"
5167,"Os02g0684300"
5168,"Os06g0708100"
5169,"Os07g0208000"
5170,"Os01g0182600"
5171,"Os06g0167500"
5172,"Os04g0535600"
5173,"5173"
5174,"Os04g0459800"
5175,"Os02g0308400"
5176,"Os04g0584700"
5177,"Os03g0656900"
5178,"Os05g0388400"
5179,"Os01g0611000"
5180,"Os05g0368700"
5181,"Os02g0234500"
5182,"Os03g0174900"
5183,"Os04g0566500"
5184,"Os05g0225100"
5185,"Os08g0178300"
5186,"Os05g0104600"
5187,"Os07g0204800"
5188,"Os01g0140100"
5189,"Os03g0174100"
5190,"Os02g0715300"
5191,"Os06g0682900"
5192,"Os08g0326400"
5193,"Os05g0535800"
5194,"Os03g0774200"
5195,"Os05g0202500"
5196,"Os11g0132400"
5197,"Os06g0274200"
5198,"Os05g0424700"
5199,"Os03g0359000"
5200,"Os09g0538000"
5201,"Os06g0160700"
5202,"Os03g0789600"
5203,"Os05g0450300"
5204,"Os02g0214600"
5205,"Os12g0182600"
5206,"Os12g0228500"
5207,"Os01g0357100"
5209,"Os10g0512100"
5210,"Os07g0138400"
5211,"Os11g0622600"
5212,"Os07g0412100"
5213,"Os02g0536100"
5214,"Os10g0457700"
5215,"Os08g0382700"
5216,"Os12g0132600"
5217,"Os01g0539900"
5218,"Os03g0266800"
5219,"POsControl0025"
5220,"Os02g0500500"
5221,"Os11g0134300"
5222,"Os11g0668000"
5223,"Os03g0610900"
5224,"Os03g0725300"
5225,"Os04g0503500"
5226,"Os10g0507800"
5227,"Os12g0105200"
5228,"Os01g0805200"
5229,"Os11g0184900"
5230,"Os06g0717200"
5231,"Os05g0524200"
5232,"Os02g0118400"
5233,"Os05g0100900"
5234,"Os07g0567000"
5235,"Os01g0527700"
5236,"Os04g0598800"
5237,"Os08g0431100"
5238,"Os04g0119500"
5239,"Os05g0507600"
5240,"Os03g0608700"
5241,"Os01g0639200"
5242,"Os07g0681500"
5243,"Os01g0753500"
5244,"Os04g0485000"
5245,"Os04g0247700"
5246,"Os05g0550300"
5247,"Os10g0478600"
5248,"Os05g0474600"
5249,"Os03g0828800"
5250,"POsControl0029"
5251,"Os09g0321500"
5252,"Os04g0224200"
5253,"Os05g0114000"
5254,"Os03g0103100"
5255,"Os03g0339300"
5256,"Os07g0468900"
5257,"Os01g0843500"
5258,"Os02g0452700"
5259,"Os01g0919700"
5260,"Os04g0180400"
5261,"Os03g0377700"
5262,"osa-miR169k"
5263,"Os03g0294300"
5264,"Os03g0247500"
5265,"Os03g0801200"
5266,"Os03g0102400"
5267,"Os11g0641500"
5268,"Os05g0461000"
5269,"Os02g0454300"
5270,"Os03g0301700"
5271,"Os01g0952700"
5272,"Os12g0508200"
5273,"Os02g0796300"
5274,"Os11g0423000"
5275,"Os06g0178400"
5276,"osa-miR159d"
5277,"Os06g0603600"
5278,"Os06g0110100"
5279,"Os01g0821800"
5280,"Os05g0269800"
5281,"Os08g0369300"
5282,"Os11g0128300"
5283,"Os01g0758900"
5284,"Os03g0411100"
5285,"Os03g0225200"
5286,"Os07g0598300"
5287,"Os11g0242200"
5288,"Os07g0592200"
5289,"Os03g0711700"
5290,"Os03g0177500"
5291,"Os02g0766700"
5292,"Os03g0803800"
5293,"Os02g0133200"
5294,"Os07g0623300"
5295,"Os02g0131600"
5296,"Os11g0191000"
5297,"Os06g0166900"
5298,"Os08g0414700"
5299,"Os01g0625300"
5300,"Os12g0277900"
5301,"Os02g0714700"
5302,"Os05g0217900"
5303,"Os06g0318500"
5304,"Os11g0306400"
5305,"Os11g0115400"
5306,"Os01g0521300"
5307,"Os06g0185100"
5308,"Os09g0507200"
5309,"Os02g0556800"
5310,"Os01g0918500"
5311,"Os07g0168300"
5312,"Os04g0339400"
5313,"Os04g0532700"
5314,"Os10g0189800"
5315,"Os05g0508400"
5316,"Os02g0748300"
5317,"Os06g0508700"
5318,"Os01g0280000"
5319,"Os04g0108300"
5320,"Os10g0563600"
5321,"osa-miR414"
5322,"Os03g0587100"
5323,"POsControl0012"
5324,"Os08g0162500"
5325,"Os01g0265700"
5326,"5326"
5327,"Os05g0397700"
5328,"Os01g0942900"
5329,"Os10g0517400"
5330,"Os09g0420000"
5331,"Os01g0649100"
5332,"Os11g0531700"
5333,"Os01g0253300"
5334,"Os03g0719500"
5335,"Os01g0589200"
5336,"Os06g0214800"
5337,"Os02g0215900"
5338,"Os07g0527800"
5339,"Os06g0115700"
5340,"Os07g0468200"
5341,"Os10g0364700"
5342,"Os01g0668900"
5343,"Os08g0103500"
5344,"Os07g0539100"
5345,"Os03g0360700"
5346,"Os08g0445900"
5348,"Os03g0714100"
5349,"Os12g0626400"
5350,"Os06g0624200"
5351,"Os11g0481500"
5352,"Os01g0708600"
5353,"Os01g0162800"
5354,"Os07g0678300"
5355,"Os12g0539800"
5356,"Os02g0759100"
5357,"Os05g0420500"
5358,"Os02g0722800"
5359,"Os04g0561200"
5360,"Os11g0702200"
5361,"Os07g0448800"
5362,"Os12g0111500"
5363,"Os05g0411300"
5364,"Os03g0793000"
5365,"Os10g0562100"
5366,"Os04g0481800"
5367,"Os08g0148500"
5368,"Os02g0473200"
5369,"Os12g0244800"
5370,"Os02g0658900"
5371,"Os04g0218000"
5372,"Os12g0116000"
5373,"Os08g0154600"
5374,"Os01g0708500"
5375,"Os03g0843700"
5376,"Os06g0225300"
5377,"Os01g0130000"
5378,"Os08g0459300"
5379,"Os01g0590800"
5380,"Os12g0509900"
5381,"Os07g0606900"
5382,"Os04g0457700"
5383,"Os01g0590700"
5384,"Os01g0550800"
5385,"Os01g0101600"
5386,"Os03g0222500"
5387,"Os02g0532300"
5388,"Os03g0122000"
5389,"Os10g0156300"
5390,"Os03g0266100"
5391,"Os10g0455300"
5392,"Os03g0738600"
5393,"Os02g0136000"
5394,"Os10g0503700"
5395,"Os08g0565800"
5396,"Os12g0109900"
5397,"Os03g0219400"
5398,"Os09g0380400"
5399,"Os09g0254600"
5400,"Os07g0162900"
5401,"Os07g0295800"
5402,"Os02g0588500"
5403,"Os03g0823700"
5404,"Os04g0289800"
5405,"Os07g0110400"
5406,"Os02g0200800"
5407,"Os06g0175400"
5408,"Os06g0116100"
5409,"Os06g0654000"
5410,"Os03g0151800"
5411,"Os06g0110000"
5412,"Os07g0653900"
5413,"Os12g0159300"
5414,"Os08g0473900"
5415,"Os01g0574400"
5416,"Os10g0556100"
5417,"Os01g0970900"
5418,"Os02g0531200"
5419,"osa-miR398b"
5420,"Os01g0772200"
5421,"Os05g0420200"
5422,"Os11g0457300"
5423,"POsControl0034"
5424,"Os04g0676200"
5425,"Os09g0530600"
5426,"Os05g0486600"
5427,"Os03g0411900"
5428,"Os03g0399400"
5429,"Os02g0822400"
5430,"Os03g0346500"
5431,"Os02g0668400"
5432,"Os02g0562700"
5433,"Os01g0757200"
5434,"Os11g0169100"
5435,"Os05g0526400"
5436,"Os02g0103600"
5437,"Os08g0110300"
5438,"Os05g0516800"
5439,"Os11g0652600"
5440,"Os01g0302500"
5441,"Os02g0616600"
5442,"Os11g0251400"
5443,"Os06g0724600"
5444,"Os12g0553200"
5445,"Os03g0132200"
5446,"Os04g0505200"
5447,"Os10g0119100"
5448,"Os09g0343200"
5449,"Os12g0428600"
5450,"Os02g0506500"
5451,"Os02g0274900"
5452,"Os07g0110500"
5453,"Os03g0101900"
5454,"Os01g0119800"
5455,"Os10g0337500"
5456,"Os05g0137400"
5457,"Os10g0142100"
5458,"Os02g0781600"
5459,"Os02g0590700"
5460,"Os04g0401700"
5461,"Os03g0637600"
5462,"Os10g0548300"
5463,"Os11g0536800"
5464,"Os10g0503200"
5465,"Os03g0624000"
5466,"Os12g0283300"
5467,"Os11g0146200"
5468,"Os06g0710800"
5469,"Os02g0133800"
5470,"Os10g0503300"
5471,"Os04g0629500"
5472,"Os01g0318400"
5473,"Os09g0402300"
5474,"Os04g0443300"
5475,"Os09g0455000"
5476,"Os07g0186000"
5477,"Os08g0557000"
5478,"Os04g0470200"
5479,"Os01g0252200"
5480,"osa-miR171d"
5481,"Os10g0462600"
5482,"Os04g0401700"
5483,"Os02g0163600"
5484,"Os12g0290800"
5485,"Os07g0418600"
5486,"Os05g0318300"
5487,"Os04g0405700"
5488,"Os02g0315600"
5489,"Os03g0330800"
5490,"Os06g0579800"
5491,"Os05g0375600"
5492,"Os09g0566700"
5493,"Os04g0423400"
5494,"Os07g0496900"
5495,"Os10g0441800"
5496,"Os01g0560000"
5497,"Os06g0703300"
5498,"Os01g0864200"
5499,"Os08g0122000"
5500,"Os12g0207000"
5501,"Os03g0559900"
5502,"Os05g0176800"
5503,"Os06g0642500"
5504,"Os07g0438800"
5505,"Os03g0707600"
5506,"POsControl0035"
5507,"Os01g0960500"
5508,"Os05g0551000"
5509,"Os05g0310600"
5510,"Os12g0134600"
5511,"Os05g0129300"
5512,"Os12g0566800"
5513,"Os12g0114200"
5514,"Os08g0110800"
5515,"POsControl0006"
5516,"Os01g0880200"
5517,"Os03g0655400"
5518,"Os12g0621000"
5519,"Os12g0219000"
5520,"Os02g0628800"
5521,"Os07g0570900"
5522,"Os01g0668000"
5523,"Os03g0374400"
5524,"Os05g0231700"
5525,"Os03g0652000"
5526,"Os03g0339700"
5527,"Os02g0150800"
5528,"Os09g0536700"
5529,"Os12g0566000"
5530,"Os03g0350300"
5531,"Os04g0553000"
5532,"Os11g0109000"
5533,"Os07g0253600"
5534,"Os08g0143500"
5535,"Os02g0558100"
5536,"Os08g0201500"
5537,"Os12g0512800"
5538,"Os01g0189700"
5539,"Os06g0669700"
5540,"Os01g0866200"
5541,"Os05g0208900"
5542,"Os01g0256500"
5543,"Os02g0715000"
5544,"Os01g0776700"
5545,"Os04g0534300"
5546,"Os03g0211600"
5547,"Os05g0487600"
5548,"Os05g0130500"
5549,"Os10g0502400"
5550,"Os03g0810500"
5551,"Os07g0272700"
5552,"Os03g0289100"
5553,"Os05g0148700"
5554,"Os12g0609200"
5555,"Os03g0203700"
5556,"Os06g0686500"
5557,"Os06g0521000"
5558,"Os03g0105000"
5559,"Os01g0176800"
5560,"Os03g0577200"
5561,"Os03g0133300"
5562,"Os07g0565800"
5563,"Os02g0294700"
5564,"Os07g0560700"
5565,"Os03g0708700"
5566,"Os06g0130200"
5567,"Os05g0529700"
5568,"Os08g0249100"
5569,"Os03g0216800"
5570,"Os05g0530500"
5571,"Os04g0326000"
5572,"Os04g0412200"
5573,"Os05g0135500"
5574,"Os02g0103800"
5575,"Os10g0459900"
5576,"Os06g0197200"
5577,"Os03g0795200"
5578,"Os08g0479300"
5579,"Os01g0314700"
5580,"Os09g0511700"
5581,"Os06g0676000"
5582,"Os03g0129400"
5583,"Os09g0455200"
5584,"Os07g0295400"
5585,"Os12g0147800"
5586,"Os05g0493800"
5587,"Os01g0937400"
5588,"Os04g0511600"
5589,"Os01g0201800"
5590,"Os03g0656500"
5591,"Os05g0420600"
5592,"Os08g0145300"
5593,"Os02g0829600"
5594,"Os03g0784500"
5595,"Os05g0559900"
5596,"osa-miR167j"
5597,"Os01g0362400"
5598,"Os08g0117400"
5599,"Os05g0110300"
5600,"Os11g0227700"
5601,"Os01g0218500"
5602,"Os05g0215000"
5603,"Os03g0620500"
5604,"Os01g0821800"
5605,"Os03g0626400"
5606,"Os06g0631800"
5607,"Os04g0517100"
5608,"Os12g0119000"
5609,"5609"
5610,"Os07g0615100"
5611,"Os03g0140200"
5612,"Os09g0490200"
5613,"Os06g0191300"
5614,"Os02g0819100"
5615,"Os09g0349600"
5616,"Os11g0439600"
5617,"Os05g0163400"
5618,"POsControl0018"
5619,"Os06g0725500"
5620,"Os03g0604500"
5621,"Os01g0734200"
5622,"Os02g0741100"
5623,"Os07g0658600"
5624,"Os09g0343500"
5625,"Os04g0533900"
5626,"Os10g0548900"
5627,"Os07g0141400"
5628,"Os01g0774200"
5629,"Os12g0554100"
5630,"Os07g0586200"
5631,"Os08g0422700"
5632,"Os06g0128800"
5633,"Os11g0702300"
5634,"Os09g0491100"
5635,"Os07g0655900"
5636,"Os05g0399100"
5637,"osa-miR160c"
5638,"Os01g0763700"
5639,"Os12g0582800"
5640,"Os05g0199300"
5641,"Os08g0229600"
5642,"Os10g0564800"
5643,"Os07g0418500"
5644,"Os01g0122200"
5645,"Os02g0800500"
5646,"Os07g0608400"
5647,"Os03g0428800"
5648,"Os06g0121500"
5649,"POsControl0041"
5650,"Os12g0269700"
5651,"Os10g0147400"
5652,"Os02g0666200"
5653,"Os02g0146600"
5654,"Os05g0292500"
5655,"Os04g0165600"
5656,"Os03g0238300"
5657,"Os02g0536400"
5658,"Os08g0224100"
5659,"Os11g0701800"
5660,"Os04g0535200"
5661,"Os02g0598200"
5662,"Os06g0637800"
5663,"Os02g0201900"
5664,"Os03g0344100"
5665,"Os12g0566000"
5666,"Os04g0445700"
5667,"Os02g0779200"
5668,"Os03g0276500"
5669,"Os05g0506000"
5670,"Os02g0139300"
5671,"Os05g0283000"
5672,"Os04g0457800"
5673,"Os03g0783700"
5674,"Os03g0410000"
5675,"Os01g0224000"
5676,"Os07g0596300"
5677,"Os05g0226000"
5678,"Os10g0437700"
5679,"Os02g0775400"
5680,"Os03g0565300"
5681,"Os01g0681900"
5682,"Os01g0702300"
5683,"Os03g0645100"
5684,"Os02g0803700"
5685,"Os03g0793700"
5686,"Os03g0718100"
5687,"Os02g0203500"
5688,"Os01g0665200"
5689,"Os01g0772200"
5690,"Os08g0215300"
5691,"Os03g0747900"
5692,"Os10g0459500"
5693,"Os09g0545000"
5694,"POsControl0037"
5695,"Os04g0420600"
5696,"Os06g0218200"
5697,"Os10g0569200"
5698,"Os10g0578600"
5699,"Os03g0823700"
5700,"Os07g0682800"
5701,"Os03g0655100"
5702,"Os11g0514400"
5703,"Os03g0129400"
5704,"Os07g0591300"
5705,"Os10g0563200"
5706,"5706"
5707,"Os03g0673400"
5708,"Os06g0701100"
5709,"Os03g0372500"
5710,"Os06g0148700"
5711,"Os02g0462000"
5712,"osa-miR399c"
5713,"Os06g0203600"
5714,"Os03g0822200"
5715,"osa-miR164f"
5716,"Os04g0579200"
5717,"PZmControl0003"
5718,"Os03g0297400"
5719,"osa-miR439c"
5720,"Os01g0133100"
5721,"Os08g0328600"
5722,"Os08g0449400"
5723,"Os05g0540300"
5724,"Os07g0573400"
5725,"Os03g0108500"
5726,"Os06g0724600"
5727,"Os07g0558200"
5728,"Os07g0463100"
5729,"Os03g0337700"
5730,"Os07g0193600"
5731,"Os01g0227200"
5732,"Os03g0703000"
5733,"Os01g0229700"
5734,"Os01g0682200"
5735,"Os05g0188900"
5736,"Os05g0134000"
5737,"Os10g0112600"
5738,"Os05g0305100"
5739,"Os09g0453000"
5740,"Os04g0631000"
5741,"Os04g0503600"
5742,"Os02g0157400"
5743,"Os08g0127900"
5744,"Os09g0451000"
5745,"Os07g0510800"
5746,"Os09g0544900"
5747,"Os04g0466100"
5748,"Os02g0625000"
5749,"Os08g0105000"
5750,"Os02g0182800"
5751,"Os07g0598200"
5752,"Os11g0491900"
5753,"Os05g0349400"
5754,"Os05g0371100"
5755,"Os03g0186900"
5756,"Os03g0201500"
5757,"Os08g0367400"
5758,"Os04g0520900"
5759,"Os11g0198200"
5760,"Os04g0616100"
5761,"Os07g0122000"
5762,"Os07g0515100"
5763,"Os06g0295500"
5764,"Os05g0155300"
5765,"Os07g0568800"
5766,"Os08g0363200"
5767,"Os10g0515200"
5768,"Os03g0777500"
5769,"Os07g0176900"
5770,"Os01g0729100"
5771,"Os03g0795500"
5772,"Os01g0513700"
5773,"Os03g0684000"
5774,"Os03g0610800"
5775,"Os01g0267100"
5776,"Os04g0492400"
5777,"Os12g0170800"
5778,"Os03g0587000"
5779,"Os09g0133200"
5780,"Os04g0430700"
5781,"Os02g0189900"
5782,"Os05g0426400"
5783,"Os05g0102000"
5784,"Os08g0234400"
5785,"Os01g0606200"
5786,"Os09g0437100"
5787,"Os10g0130200"
5788,"Os09g0406000"
5789,"Os04g0629600"
5790,"Os01g0963000"
5791,"Os03g0410900"
5792,"Os02g0473200"
5793,"Os10g0327800"
5794,"Os07g0684900"
5795,"Os04g0552200"
5796,"Os04g0175500"
5797,"POsControl0038"
5798,"Os01g0936200"
5799,"Os10g0514500"
5800,"Os11g0582400"
5801,"Os05g0453900"
5802,"Os11g0149300"
5803,"Os01g0874700"
5804,"Os02g0448400"
5805,"Os12g0178000"
5806,"Os04g0403200"
5807,"Os08g0366000"
5808,"Os06g0299300"
5809,"Os11g0656500"
5810,"Os10g0567400"
5811,"Os01g0360200"
5812,"5812"
5813,"Os10g0108100"
5814,"Os08g0558900"
5815,"Os01g0936100"
5816,"Os01g0977600"
5817,"Os01g0971400"
5818,"Os03g0843300"
5819,"Os07g0693700"
5820,"Os11g0615700"
5821,"Os01g0516600"
5822,"Os11g0701400"
5823,"Os09g0454500"
5824,"Os03g0826700"
5825,"Os10g0335200"
5826,"Os01g0378100"
5827,"Os10g0459400"
5828,"Os05g0593300"
5829,"Os10g0392700"
5830,"Os07g0562700"
5831,"Os03g0775500"
5832,"Os05g0169100"
5833,"Os08g0198700"
5834,"Os11g0582400"
5835,"Os07g0480900"
5836,"Os07g0685000"
5837,"Os03g0293900"
5838,"Os03g0808000"
5839,"Os12g0591100"
5840,"Os02g0148100"
5841,"osa-miR395l"
5842,"Os05g0169800"
5843,"Os12g0150200"
5844,"Os10g0454300"
5845,"Os02g0702800"
5846,"Os03g0188900"
5847,"Os03g0823500"
5848,"Os01g0316900"
5849,"PGmControl0001"
5850,"Os06g0609700"
5851,"Os01g0208000"
5852,"Os02g0286900"
5853,"Os03g0659900"
5854,"Os01g0743300"
5855,"Os02g0158100"
5856,"Os01g0179500"
5857,"Os03g0291500"
5858,"Os12g0485000"
5859,"Os04g0644400"
5860,"Os06g0186300"
5861,"Os06g0282000"
5862,"Os03g0210400"
5863,"Os10g0530900"
5864,"Os01g0924600"
5865,"Os01g0747400"
5866,"Os04g0492400"
5867,"Os05g0312500"
5868,"Os05g0412500"
5869,"Os02g0127500"
5870,"Os03g0792800"
5871,"Os01g0183800"
5872,"Os11g0655300"
5873,"Os08g0110200"
5874,"Os08g0229200"
5875,"Os10g0580300"
5876,"Os08g0276400"
5877,"Os12g0235800"
5878,"Os12g0571800"
5879,"Os05g0578500"
5880,"osa-miR156k"
5881,"Os06g0562300"
5882,"Os05g0506900"
5883,"Os05g0305200"
5884,"Os01g0912700"
5885,"Os01g0886600"
5886,"Os07g0604400"
5887,"Os06g0264600"
5888,"Os05g0324000"
5889,"Os04g0518400"
5890,"Os02g0116900"
5891,"Os01g0362100"
5892,"Os02g0617500"
5893,"Os06g0291000"
5894,"Os09g0551600"
5895,"Os03g0839400"
5896,"Os01g0300600"
5897,"Os04g0636400"
5898,"Os06g0660700"
5899,"Os08g0170800"
5900,"Os01g0152000"
5901,"Os03g0858100"
5902,"Os01g0769700"
5903,"Os07g0147900"
5904,"Os07g0501100"
5905,"osa-miR399g"
5906,"Os03g0349800"
5907,"Os01g0875300"
5908,"Os05g0185900"
5909,"Os11g0701600"
5910,"Os04g0211800"
5911,"Os08g0191700"
5912,"Os03g0273800"
5913,"Os04g0265300"
5914,"Os09g0436300"
5915,"Os02g0828500"
5916,"Os10g0167700"
5917,"Os02g0204700"
5918,"Os01g0235300"
5919,"Os09g0538400"
5920,"Os12g0117500"
5921,"Os02g0317400"
5922,"Os12g0160000"
5923,"Os04g0380200"
5924,"Os06g0196300"
5925,"Os01g0607800"
5926,"Os09g0267500"
5927,"Os10g0159800"
5928,"Os01g0966500"
5929,"Os11g0414000"
5930,"Os06g0700500"
5931,"osa-miR438"
5932,"Os01g0702400"
5933,"5933"
5934,"Os01g0261000"
5935,"Os01g0337700"
5936,"Os04g0394200"
5937,"Os09g0535000"
5938,"Os11g0559200"
5939,"Os01g0168000"
5940,"Os09g0109800"
5941,"5941"
5942,"Os02g0704600"
5943,"Os05g0437300"
5944,"Os03g0207900"
5945,"Os01g0524500"
5946,"Os07g0108000"
5947,"Os11g0140100"
5948,"Os03g0234200"
5949,"Os07g0132500"
5950,"Os08g0361400"
5951,"Os02g0640800"
5952,"POsControl0038"
5953,"Os04g0105700"
5954,"Os10g0484800"
5955,"Os02g0698000"
5956,"Os04g0383700"
5957,"Os03g0747200"
5958,"Os01g0553600"
5959,"Os07g0479400"
5960,"Os02g0768600"
5961,"Os01g0717000"
5962,"Os11g0657300"
5963,"Os01g0813900"
5964,"Os05g0506000"
5965,"Os02g0102400"
5966,"Os03g0822700"
5967,"5967"
5968,"Os10g0450400"
5969,"5969"
5970,"Os01g0830500"
5971,"Os12g0597500"
5972,"Os11g0602200"
5973,"Os02g0510100"
5974,"Os12g0161900"
5975,"Os05g0569400"
5976,"Os06g0491800"
5977,"Os06g0493600"
5978,"Os06g0681300"
5979,"Os04g0616700"
5980,"Os03g0583700"
5981,"Os10g0518100"
5982,"Os01g0718000"
5983,"Os08g0351300"
5984,"Os12g0541500"
5985,"osa-miR171e"
5986,"Os01g0893400"
5987,"Os05g0329200"
5988,"Os07g0598900"
5989,"Os04g0310500"
5990,"Os04g0105200"
5991,"Os01g0851700"
5992,"Os05g0399700"
5993,"Os01g0777700"
5994,"Os09g0293600"
5995,"Os01g0546400"
5996,"Os07g0179400"
5997,"Os01g0673600"
5998,"Os03g0359100"
5999,"Os12g0111600"
6000,"Os01g0761400"
6001,"Os05g0520900"
6002,"Os06g0556300"
6003,"Os10g0323900"
6004,"Os07g0535000"
6005,"Os04g0589200"
6006,"Os12g0223300"
6007,"Os05g0108800"
6008,"Os01g0134700"
6009,"Os01g0872500"
6010,"Os11g0286400"
6011,"Os02g0550000"
6012,"Os06g0691400"
6013,"Os10g0495600"
6014,"Os08g0143800"
6015,"Os07g0251500"
6016,"Os03g0111600"
6017,"Os02g0313700"
6018,"Os01g0348900"
6019,"Os12g0193800"
6020,"Os05g0570300"
6021,"Os08g0191900"
6022,"Os05g0323100"
6023,"Os03g0356400"
6024,"Os01g0177400"
6025,"Os01g0818600"
6026,"Os02g0192300"
6027,"Os01g0730800"
6028,"Os05g0589400"
6029,"Os01g0846400"
6030,"Os02g0273000"
6031,"Os06g0304700"
6032,"Os02g0332200"
6033,"Os02g0257200"
6034,"Os04g0645900"
6035,"Os08g0298600"
6036,"osa-miR399d"
6037,"Os12g0488700"
6038,"Os04g0666800"
6039,"Os12g0512100"
6040,"Os02g0156500"
6041,"Os04g0635800"
6042,"Os12g0136200"
6043,"Os01g0713200"
6044,"Os03g0781300"
6045,"Os01g0332500"
6046,"Os02g0558600"
6047,"Os04g0688400"
6048,"Os06g0105300"
6049,"osa-miR395d"
6050,"Os11g0242700"
6051,"Os12g0161100"
6052,"Os10g0508000"
6053,"Os06g0188600"
6054,"Os07g0598000"
6055,"Os02g0661300"
6056,"Os07g0632800"
6057,"Os02g0127900"
6058,"Os02g0591800"
6059,"Os02g0771500"
6060,"Os01g0152500"
6061,"Os07g0177200"
6062,"Os10g0466300"
6063,"Os09g0520000"
6064,"Os04g0614900"
6065,"Os05g0319800"
6066,"Os12g0117400"
6067,"Os03g0810300"
6068,"Os11g0514600"
6069,"Os10g0139300"
6070,"Os07g0109700"
6071,"Os05g0138300"
6072,"Os04g0459500"
6073,"Os11g0262600"
6074,"Os08g0390500"
6075,"Os06g0207500"
6076,"Os11g0605800"
6077,"Os07g0159500"
6078,"Os02g0519100"
6079,"Os12g0484900"
6080,"Os10g0479000"
6081,"Os06g0209300"
6082,"Os08g0124900"
6083,"Os10g0150800"
6084,"Os11g0569500"
6085,"Os05g0362600"
6086,"PTaControl0001"
6087,"Os10g0467800"
6088,"Os07g0574800"
6089,"Os05g0452600"
6090,"POsControl0031"
6091,"Os04g0111300"
6092,"Os05g0565000"
6093,"Os04g0685300"
6094,"Os06g0272500"
6095,"Os06g0112100"
6096,"Os04g0217600"
6097,"Os03g0712200"
6098,"Os01g0803200"
6099,"Os02g0465900"
6100,"Os03g0780400"
6101,"Os02g0788500"
6102,"Os04g0647800"
6103,"Os06g0187900"
6104,"Os04g0431200"
6105,"Os02g0308400"
6106,"Os10g0397200"
6107,"Os08g0207800"
6108,"Os08g0113100"
6109,"Os04g0651500"
6110,"Os03g0851000"
6111,"Os03g0654900"
6112,"Os05g0556400"
6113,"Os04g0430600"
6114,"Os05g0534500"
6115,"Os05g0129300"
6116,"Os02g0121300"
6117,"Os04g0474500"
6118,"Os07g0258700"
6119,"Os06g0142700"
6120,"Os08g0318600"
6121,"Os02g0667600"
6122,"Os03g0216900"
6123,"Os02g0551900"
6124,"Os12g0555500"
6125,"Os01g0596000"
6126,"Os07g0607300"
6127,"Os01g0889400"
6128,"Os05g0392100"
6129,"Os03g0750400"
6130,"Os10g0454000"
6131,"Os05g0534000"
6132,"Os09g0372800"
6133,"Os05g0144400"
6134,"Os08g0506700"
6135,"Os06g0679200"
6136,"Os07g0150500"
6137,"Os04g0650700"
6138,"Os07g0618000"
6139,"Os03g0226200"
6140,"Os01g0553000"
6141,"Os06g0143900"
6142,"Os01g0235200"
6143,"Os03g0432800"
6144,"Os06g0331900"
6145,"Os01g0126100"
6146,"Os05g0466800"
6147,"Os03g0257500"
6148,"Os11g0135900"
6149,"Os10g0322300"
6150,"Os03g0713100"
6151,"Os05g0124700"
6152,"Os06g0245700"
6153,"Os03g0622500"
6154,"Os01g0632000"
6155,"Os05g0339200"
6156,"Os05g0587500"
6157,"Os12g0276100"
6158,"Os04g0679200"
6159,"Os10g0337400"
6160,"Os03g0576700"
6161,"Os10g0154300"
6162,"Os05g0277000"
6163,"Os11g0619700"
6164,"Os08g0423500"
6165,"Os03g0110800"
6166,"Os09g0354300"
6167,"Os09g0513900"
6168,"Os04g0639100"
6169,"Os08g0439900"
6170,"Os02g0221600"
6171,"Os10g0556100"
6172,"Os08g0532700"
6173,"Os07g0516100"
6174,"Os03g0837100"
6175,"Os05g0433400"
6176,"POsControl0038"
6177,"Os06g0275500"
6178,"Os03g0705800"
6179,"PZmControl0003"
6180,"Os09g0428500"
6181,"Os04g0661300"
6182,"Os06g0641100"
6183,"Os01g0646700"
6184,"Os03g0792600"
6185,"Os08g0274700"
6186,"Os07g0189700"
6187,"Os03g0180000"
6188,"Os02g0193900"
6189,"Os03g0241600"
6190,"Os06g0477600"
6191,"Os11g0280600"
6192,"Os03g0202300"
6193,"Os07g0139400"
6194,"6194"
6195,"Os02g0117800"
6196,"Os04g0565400"
6197,"Os01g0591000"
6198,"Os11g0683500"
6199,"Os06g0105900"
6200,"Os03g0219800"
6201,"Os02g0803900"
6202,"Os05g0556100"
6203,"Os09g0402100"
6204,"Os04g0501600"
6205,"Os12g0182700"
6206,"Os02g0447000"
6207,"Os02g0601300"
6208,"Os01g0900800"
6209,"Os12g0118200"
6210,"Os01g0757400"
6211,"Os01g0142500"
6212,"Os04g0271700"
6213,"Os11g0660500"
6214,"Os06g0154800"
6215,"Os04g0231900"
6216,"Os06g0126100"
6217,"Os07g0133500"
6218,"Os12g0559200"
6219,"Os07g0470700"
6220,"Os05g0176100"
6221,"Os01g0853800"
6222,"Os06g0720400"
6224,"Os02g0570500"
6225,"Os11g0210500"
6226,"Os01g0271500"
6227,"Os11g0274100"
6228,"Os02g0212600"
6229,"Os05g0291600"
6230,"osa-miR172c"
6231,"Os12g0455100"
6232,"Os11g0199700"
6233,"Os03g0325500"
6234,"Os08g0242800"
6235,"Os10g0485300"
6236,"Os03g0187500"
6237,"Os02g0592200"
6238,"Os09g0563700"
6239,"Os07g0250300"
6240,"Os08g0313600"
6241,"Os06g0115800"
6242,"Os10g0372100"
6243,"Os08g0412800"
6244,"Os10g0497100"
6245,"Os11g0462600"
6246,"Os10g0551200"
6247,"Os07g0159200"
6248,"Os11g0455800"
6249,"Os05g0446500"
6250,"Os07g0480300"
6251,"Os03g0123600"
6252,"Os04g0554600"
6253,"osa-miR169d"
6254,"Os04g0600000"
6255,"Os11g0242400"
6256,"Os03g0764700"
6257,"Os06g0612800"
6258,"Os05g0215700"
6259,"Os04g0563900"
6260,"Os06g0495500"
6261,"Os10g0168900"
6262,"Os07g0472900"
6263,"Os09g0530700"
6264,"Os05g0511300"
6265,"Os01g0854800"
6266,"6266"
6267,"Os08g0559400"
6268,"Os10g0494800"
6269,"Os08g0104700"
6270,"Os03g0100200"
6271,"Os02g0245100"
6272,"Os02g0255700"
6273,"Os01g0620100"
6274,"Os02g0157200"
6275,"Os09g0355400"
6276,"Os04g0467700"
6277,"Os04g0583100"
6278,"Os06g0527500"
6279,"Os05g0525000"
6280,"Os08g0117700"
6281,"Os07g0573300"
6282,"Os09g0480800"
6283,"Os08g0201800"
6284,"Os03g0701500"
6285,"Os10g0572000"
6286,"Os01g0757900"
6287,"Os05g0165800"
6288,"Os03g0648200"
6289,"Os05g0446800"
6290,"Os06g0273400"
6291,"Os02g0188400"
6292,"Os02g0129100"
6293,"Os05g0305200"
6294,"Os08g0559200"
6295,"Os03g0757600"
6296,"Os09g0133800"
6297,"Os01g0564400"
6298,"Os06g0210000"
6299,"Os03g0182600"
6300,"Os09g0281300"
6301,"Os01g0229200"
6302,"Os05g0180600"
6303,"Os11g0209700"
6304,"Os01g0845800"
6305,"Os11g0704500"
6306,"Os02g0790600"
6307,"Os09g0487500"
6308,"Os03g0178500"
6309,"Os01g0837500"
6310,"Os11g0425600"
6311,"Os07g0586600"
6312,"Os01g0393000"
6313,"Os03g0381200"
6314,"Os01g0264100"
6315,"Os10g0404500"
6316,"Os09g0327800"
6317,"Os10g0439700"
6318,"Os01g0772600"
6319,"Os11g0482000"
6320,"Os06g0219600"
6321,"Os10g0476000"
6322,"Os04g0269600"
6323,"Os01g0147900"
6324,"Os06g0492900"
6325,"Os09g0402100"
6326,"Os07g0489200"
6327,"POsControl0011"
6328,"Os07g0287800"
6329,"Os05g0116100"
6330,"Os05g0503300"
6331,"Os01g0177400"
6332,"Os10g0464500"
6333,"Os11g0648100"
6334,"Os01g0857700"
6335,"Os04g0536300"
6336,"Os03g0298400"
6337,"Os03g0296800"
6338,"osa-miR160f"
6339,"Os02g0558500"
6340,"Os07g0512200"
6341,"Os05g0288100"
6342,"Os05g0136200"
6343,"Os06g0702700"
6344,"Os01g0339500"
6345,"Os07g0172900"
6346,"Os07g0643400"
6347,"Os04g0539100"
6348,"Os02g0816600"
6349,"Os12g0159000"
6350,"Os09g0407200"
6351,"Os03g0131900"
6352,"Os05g0147600"
6353,"PTaControl0001"
6354,"Os08g0366000"
6355,"Os04g0377400"
6356,"Os11g0180900"
6357,"Os11g0451700"
6358,"Os06g0730800"
6359,"Os03g0670700"
6360,"Os10g0455000"
6361,"Os03g0291800"
6362,"Os04g0661800"
6363,"Os12g0187800"
6364,"Os01g0921400"
6365,"Os09g0556700"
6366,"Os01g0948100"
6367,"Os01g0644000"
6368,"Os01g0801000"
6369,"Os01g0960300"
6370,"Os12g0438400"
6371,"Os06g0611900"
6372,"Os11g0199200"
6373,"Os02g0453300"
6374,"Os03g0296400"
6375,"Os03g0194900"
6376,"Os11g0241900"
6377,"Os01g0190400"
6378,"Os01g0972200"
6379,"Os02g0596000"
6380,"Os01g0102500"
6381,"Os10g0488100"
6382,"Os08g0238600"
6383,"Os02g0649300"
6384,"Os06g0603400"
6385,"Os02g0503400"
6386,"Os08g0379400"
6387,"Os03g0806600"
6388,"Os04g0249900"
6389,"Os07g0281200"
6390,"Os07g0134700"
6391,"Os01g0716800"
6392,"Os07g0664600"
6393,"6393"
6394,"Os05g0289100"
6395,"Os07g0641700"
6396,"Os02g0640300"
6397,"Os08g0374900"
6398,"Os05g0574500"
6399,"Os02g0676000"
6400,"Os11g0258500"
6401,"Os02g0307300"
6402,"Os04g0226400"
6403,"Os02g0822000"
6404,"Os03g0102700"
6405,"Os09g0530900"
6406,"Os01g0140500"
6407,"Os03g0423300"
6408,"Os01g0201100"
6409,"Os07g0546000"
6410,"Os05g0583500"
6411,"Os04g0391900"
6412,"Os01g0170900"
6413,"Os01g0618500"
6414,"Os01g0605400"
6415,"Os09g0392400"
6416,"Os04g0295400"
6417,"Os01g0242600"
6418,"Os08g0127300"
6419,"Os02g0703900"
6420,"Os02g0653000"
6421,"Os01g0692000"
6422,"Os01g0871900"
6423,"Os03g0412200"
6424,"Os03g0192000"
6425,"Os03g0152500"
6426,"Os02g0725100"
6427,"Os03g0296700"
6428,"PGmControl0002"
6429,"Os06g0566700"
6430,"POsControl0008"
6431,"osa-miR169d"
6432,"Os04g0480200"
6433,"Os08g0517300"
6434,"Os08g0243900"
6435,"Os01g0951200"
6436,"Os04g0413100"
6437,"Os01g0571000"
6438,"Os02g0210700"
6439,"Os12g0610100"
6440,"Os02g0787000"
6441,"Os04g0670400"
6442,"Os04g0449300"
6443,"Os01g0776600"
6444,"Os01g0133500"
6445,"osa-miR395d"
6446,"Os03g0242300"
6447,"Os06g0188800"
6448,"Os02g0175800"
6449,"Os06g0730200"
6450,"Os07g0679300"
6451,"Os09g0483100"
6452,"Os10g0344000"
6453,"Os02g0588700"
6454,"Os02g0578400"
6455,"Os01g0633100"
6456,"Os01g0317800"
6457,"6457"
6458,"Os02g0308800"
6459,"Os08g0266700"
6460,"Os11g0660400"
6461,"Os03g0717200"
6462,"Os06g0658500"
6463,"Os01g0228600"
6464,"Os03g0819500"
6465,"Os09g0573100"
6466,"osa-miR172b"
6467,"Os06g0509100"
6468,"Os03g0238300"
6469,"Os03g0583900"
6470,"Os03g0583900"
6471,"Os07g0533800"
6472,"Os08g0409100"
6473,"Os03g0709500"
6474,"Os01g0904400"
6475,"Os05g0393400"
6476,"6476"
6477,"Os08g0478700"
6478,"Os02g0116600"
6479,"Os01g0556900"
6480,"6480"
6481,"Os04g0483200"
6482,"Os01g0308300"
6483,"Os04g0541100"
6484,"Os01g0788400"
6485,"Os02g0325600"
6486,"Os02g0680700"
6487,"Os03g0397400"
6488,"Os05g0305100"
6489,"Os05g0431900"
6490,"Os04g0601700"
6491,"Os05g0223200"
6492,"Os08g0480800"
6493,"Os09g0259400"
6494,"Os12g0196700"
6495,"Os01g0563000"
6496,"Os08g0152700"
6497,"Os03g0737600"
6498,"Os08g0326900"
6499,"Os09g0488100"
6500,"Os03g0426800"
6501,"Os11g0472500"
6502,"Os11g0137500"
6503,"Os06g0708500"
6504,"Os12g0580300"
6505,"Os07g0171100"
6506,"Os02g0461900"
6507,"Os07g0508300"
6508,"osa-miR417"
6509,"Os03g0854400"
6510,"Os01g0228600"
6511,"Os02g0671300"
6512,"Os04g0177400"
6513,"Os08g0416100"
6514,"Os04g0194600"
6515,"Os10g0113100"
6516,"Os03g0125700"
6517,"Os02g0321900"
6518,"Os01g0652800"
6519,"6519"
6520,"Os03g0267200"
6521,"Os12g0556500"
6522,"Os03g0320800"
6523,"Os09g0538000"
6524,"Os12g0562700"
6525,"Os11g0595200"
6526,"Os01g0328500"
6527,"6527"
6528,"Os06g0587400"
6529,"Os04g0113000"
6530,"Os01g0540900"
6531,"Os07g0164100"
6532,"Os04g0381000"
6533,"Os01g0693800"
6534,"Os08g0176000"
6535,"Os02g0662200"
6536,"Os08g0112600"
6537,"Os12g0154000"
6538,"Os01g0971800"
6539,"Os12g0162900"
6540,"Os08g0155100"
6541,"Os02g0314600"
6542,"Os06g0716700"
6543,"Os07g0573400"
6544,"Os11g0516800"
6545,"Os02g0565000"
6546,"Os02g0184200"
6547,"Os02g0601700"
6548,"Os03g0360500"
6549,"6549"
6550,"Os08g0506700"
6551,"Os03g0312600"
6552,"Os12g0566100"
6553,"osa-miR413"
6554,"Os01g0138800"
6555,"Os04g0289600"
6556,"POsControl0011"
6557,"Os08g0545200"
6558,"Os01g0329900"
6559,"Os05g0458200"
6560,"Os01g0717000"
6561,"Os01g0673300"
6562,"Os03g0634000"
6563,"Os04g0464800"
6564,"Os03g0271600"
6565,"Os05g0217800"
6566,"Os10g0466100"
6567,"Os06g0185400"
6568,"Os03g0703000"
6569,"Os10g0532200"
6570,"Os03g0699700"
6571,"Os07g0626400"
6572,"Os06g0608600"
6573,"Os09g0132900"
6574,"Os09g0505400"
6575,"Os05g0489600"
6576,"Os01g0837000"
6577,"PZmControl0001"
6578,"Os01g0736100"
6579,"Os10g0100200"
6580,"Os04g0659500"
6581,"Os04g0452700"
6582,"Os10g0501000"
6583,"Os01g0690900"
6584,"Os09g0458500"
6585,"Os08g0396700"
6586,"Os03g0363600"
6587,"Os01g0565600"
6588,"osa-miR156a"
6589,"osa-miR164c"
6590,"osa-miR169p"
6591,"Os07g0297400"
6592,"Os06g0224700"
6593,"Os03g0735400"
6594,"Os05g0510400"
6595,"Os05g0535200"
6596,"Os01g0902200"
6597,"Os05g0168800"
6598,"Os07g0120400"
6599,"Os07g0537000"
6600,"osa-miR164e"
6601,"Os02g0152700"
6602,"Os12g0488800"
6603,"Os01g0633000"
6604,"Os02g0834700"
6605,"Os04g0602900"
6606,"Os01g0816400"
6607,"Os04g0226400"
6608,"Os08g0490700"
6609,"Os02g0121600"
6610,"Os08g0197000"
6611,"Os04g0411100"
6612,"Os02g0169000"
6613,"Os01g0635200"
6614,"Os10g0525000"
6615,"Os04g0276600"
6616,"Os02g0709100"
6617,"Os12g0637700"
6618,"POsControl0040"
6619,"Os02g0216300"
6620,"Os05g0198000"
6621,"Os02g0562700"
6622,"Os05g0217800"
6623,"Os01g0552500"
6624,"Os02g0560200"
6625,"Os02g0612800"
6626,"Os01g0544700"
6627,"Os10g0365800"
6628,"Os06g0298700"
6629,"Os11g0204000"
6630,"Os08g0412200"
6631,"Os08g0479400"
6632,"Os05g0387700"
6633,"Os09g0449100"
6634,"Os11g0168300"
6635,"Os05g0305100"
6636,"Os07g0630800"
6637,"Os11g0117400"
6638,"Os05g0542800"
6639,"Os06g0610400"
6640,"Os11g0134700"
6641,"osa-miR413"
6642,"osa-miR166n"
6643,"Os06g0568200"
6644,"Os09g0556000"
6645,"Os01g0795200"
6646,"Os02g0562700"
6647,"Os03g0649000"
6648,"Os04g0692800"
6649,"Os08g0564900"
6650,"Os03g0123500"
6651,"Os02g0152300"
6652,"Os03g0836400"
6653,"Os06g0705300"
6654,"Os04g0418800"
6655,"Os11g0147800"
6656,"Os05g0301600"
6657,"Os03g0666800"
6658,"Os05g0589600"
6659,"Os08g0336200"
6660,"Os01g0293100"
6661,"Os03g0395900"
6662,"Os01g0743100"
6663,"Os04g0621600"
6664,"Os07g0228400"
6665,"Os12g0511300"
6666,"Os07g0517300"
6667,"Os06g0667100"
6668,"osa-miR396c"
6669,"6669"
6670,"Os09g0515800"
6671,"Os07g0695100"
6672,"Os03g0566600"
6673,"Os05g0326300"
6674,"Os12g0609000"
6675,"Os10g0446100"
6676,"Os04g0604600"
6677,"Os09g0517600"
6678,"Os01g0627400"
6679,"Os04g0649600"
6680,"Os01g0793500"
6681,"Os06g0348800"
6682,"Os01g0882300"
6683,"Os06g0221300"
6684,"Os09g0321900"
6685,"Os11g0706600"
6686,"Os02g0705600"
6687,"Os01g0860500"
6688,"Os07g0694700"
6689,"Os01g0644900"
6690,"Os04g0627000"
6691,"Os06g0308600"
6692,"Os10g0563600"
6693,"Os07g0577400"
6694,"Os09g0570800"
6695,"Os01g0106300"
6696,"Os02g0592600"
6697,"Os07g0214300"
6698,"Os12g0541300"
6699,"Os01g0829000"
6700,"Os06g0150400"
6701,"Os09g0465400"
6702,"Os11g0614800"
6703,"Os02g0760300"
6704,"Os01g0777900"
6705,"Os08g0151400"
6706,"Os03g0811500"
6707,"Os05g0147300"
6708,"Os03g0100800"
6709,"Os07g0578700"
6710,"Os10g0107100"
6711,"Os07g0151300"
6712,"Os10g0361000"
6713,"Os10g0508700"
6714,"Os10g0485100"
6715,"Os09g0456100"
6716,"Os09g0134500"
6717,"Os03g0845000"
6718,"Os09g0251400"
6719,"Os04g0186400"
6720,"Os08g0562800"
6721,"Os02g0105300"
6722,"Os09g0445600"
6723,"Os10g0552900"
6724,"Os04g0491100"
6725,"Os03g0669300"
6726,"Os10g0386300"
6727,"Os01g0873000"
6728,"Os02g0612000"
6729,"Os10g0482900"
6730,"osa-miR169d"
6731,"Os02g0202900"
6732,"Os02g0139300"
6733,"Os03g0228500"
6734,"Os04g0494600"
6735,"Os02g0574100"
6736,"Os10g0317900"
6737,"Os04g0474800"
6738,"Os02g0634700"
6739,"Os06g0662000"
6740,"Os08g0329600"
6741,"6741"
6742,"Os02g0770300"
6743,"Os01g0930800"
6744,"Os05g0187600"
6745,"Os01g0812200"
6746,"Os01g0869000"
6747,"Os03g0736900"
6748,"Os05g0476700"
6749,"Os05g0102700"
6750,"Os01g0752500"
6751,"Os04g0177000"
6752,"Os03g0579000"
6753,"Os04g0619300"
6754,"Os03g0815200"
6755,"Os11g0240000"
6756,"Os08g0208800"
6757,"Os01g0538000"
6758,"Os06g0152500"
6759,"Os09g0115400"
6760,"Os03g0791700"
6761,"Os11g0101200"
6762,"Os12g0596000"
6763,"POsControl0004"
6764,"Os04g0683500"
6765,"Os03g0581100"
6766,"Os01g0231700"
6767,"Os04g0267000"
6768,"Os05g0541700"
6769,"Os02g0601000"
6770,"Os02g0468400"
6771,"Os03g0666600"
6772,"Os08g0512700"
6773,"Os01g0770000"
6774,"Os07g0529700"
6775,"Os07g0167200"
6776,"Os10g0510300"
6777,"Os01g0263000"
6778,"Os01g0172200"
6779,"Os07g0484300"
6780,"Os04g0509600"
6781,"Os04g0421700"
6782,"Os02g0510000"
6783,"Os07g0560400"
6784,"Os11g0219400"
6785,"Os05g0595300"
6786,"Os10g0498200"
6787,"Os07g0164200"
6788,"Os01g0120500"
6789,"Os03g0304500"
6790,"Os11g0182500"
6791,"Os04g0665400"
6792,"Os02g0634700"
6793,"Os03g0115500"
6794,"Os03g0683300"
6795,"Os02g0527700"
6796,"Os01g0880200"
6797,"Os12g0188500"
6798,"Os05g0567100"
6799,"Os03g0238600"
6800,"Os03g0231900"
6801,"Os01g0283300"
6802,"Os04g0480300"
6803,"Os03g0647600"
6804,"Os01g0795700"
6805,"Os01g0689300"
6806,"Os05g0277300"
6807,"Os04g0643000"
6808,"Os08g0352800"
6809,"Os06g0472300"
6810,"Os09g0377200"
6811,"Os03g0148700"
6812,"Os07g0624700"
6813,"Os07g0132000"
6814,"Os04g0479000"
6815,"Os03g0744800"
6816,"Os07g0647300"
6817,"Os06g0125800"
6818,"Os07g0572800"
6819,"Os03g0313300"
6820,"Os05g0470700"
6821,"Os01g0838100"
6822,"Os06g0581000"
6823,"Os01g0364900"
6824,"Os12g0265400"
6825,"Os06g0136000"
6826,"Os04g0588200"
6827,"Os06g0556000"
6828,"Os03g0246000"
6829,"Os08g0444500"
6830,"Os01g0141700"
6831,"Os02g0584200"
6832,"6832"
6833,"Os01g0937800"
6834,"Os01g0193900"
6835,"Os09g0493500"
6836,"Os01g0814300"
6837,"Os01g0587400"
6838,"Os03g0258500"
6839,"Os07g0479100"
6840,"Os01g0947700"
6841,"Os03g0748400"
6842,"Os01g0559600"
6843,"Os09g0473800"
6844,"6844"
6845,"Os01g0743500"
6846,"Os08g0484700"
6847,"Os07g0187300"
6848,"Os05g0129300"
6849,"Os07g0602600"
6850,"Os03g0105800"
6851,"Os02g0593400"
6852,"Os05g0172500"
6853,"Os06g0578100"
6854,"Os10g0392700"
6855,"Os07g0438800"
6856,"Os05g0493500"
6857,"Os03g0751600"
6858,"Os01g0134200"
6859,"Os02g0743700"
6860,"Os03g0710000"
6861,"Os01g0837300"
6862,"Os09g0569700"
6863,"Os05g0143400"
6864,"POsControl0037"
6865,"Os06g0256900"
6866,"Os04g0117900"
6867,"6867"
6868,"Os02g0723600"
6869,"Os10g0416500"
6870,"Os03g0212400"
6871,"Os10g0495000"
6872,"Os01g0321700"
6873,"Os09g0559400"
6874,"Os11g0683500"
6875,"Os05g0559000"
6876,"Os10g0351300"
6877,"Os03g0760600"
6878,"Os04g0560000"
6879,"Os05g0540900"
6880,"osa-miR535"
6881,"Os07g0488800"
6882,"Os03g0161600"
6883,"Os05g0148000"
6884,"Os02g0766600"
6885,"Os05g0164800"
6886,"Os12g0547100"
6887,"Os04g0626900"
6888,"Os03g0848100"
6889,"Os02g0616100"
6890,"Os09g0452300"
6891,"osa-miR439e"
6892,"Os06g0656300"
6893,"Os12g0618600"
6894,"Os01g0361800"
6895,"Os03g0805400"
6896,"Os01g0686300"
6897,"Os07g0142600"
6898,"PTaControl0001"
6899,"Os02g0770800"
6900,"osa-miR442"
6901,"Os01g0759100"
6902,"Os09g0128600"
6903,"Os07g0263500"
6904,"Os05g0542900"
6905,"Os02g0697400"
6906,"Os12g0178800"
6907,"Os02g0120600"
6908,"Os06g0134200"
6909,"Os11g0179900"
6910,"Os07g0623600"
6911,"Os06g0703700"
6912,"Os03g0613400"
6913,"Os11g0525600"
6914,"Os02g0608200"
6915,"Os02g0795600"
6916,"Os07g0577600"
6917,"Os01g0669100"
6918,"Os01g0608300"
6919,"osa-miR156i"
6920,"Os02g0529800"
6921,"osa-miR399e"
6922,"Os04g0185600"
6923,"Os03g0304400"
6924,"Os06g0681600"
6925,"Os07g0694000"
6926,"Os03g0752100"
6927,"Os05g0178900"
6928,"Os10g0462100"
6929,"Os01g0932600"
6930,"Os01g0951800"
6931,"PZmControl0002"
6932,"Os02g0102600"
6933,"Os07g0562700"
6934,"Os12g0403800"
6935,"Os06g0134000"
6936,"Os02g0467400"
6937,"Os09g0497000"
6938,"Os08g0414500"
6939,"Os12g0277000"
6940,"Os12g0587200"
6941,"Os11g0587500"
6942,"Os02g0187700"
6943,"Os03g0400700"
6944,"Os10g0512500"
6945,"Os01g0327600"
6946,"Os03g0595200"
6947,"Os11g0439600"
6948,"Os03g0725000"
6949,"Os03g0135400"
6950,"Os01g0176200"
6951,"Os02g0820300"
6952,"Os04g0488400"
6953,"Os11g0597700"
6954,"Os04g0653100"
6955,"Os01g0590300"
6956,"Os01g0329400"
6957,"Os12g0620600"
6958,"Os10g0440000"
6959,"Os06g0516800"
6960,"Os06g0157700"
6961,"Os12g0261300"
6962,"Os01g0866500"
6963,"Os01g0254000"
6964,"Os08g0136700"
6965,"Os01g0868200"
6966,"Os01g0554100"
6967,"Os08g0278100"
6968,"Os08g0390900"
6969,"Os03g0800200"
6970,"Os05g0406400"
6971,"Os11g0312000"
6972,"Os07g0158300"
6973,"Os03g0106400"
6974,"Os04g0151800"
6975,"Os01g0189700"
6976,"Os07g0535200"
6977,"Os12g0182800"
6978,"Os04g0576300"
6980,"Os04g0583700"
6981,"Os12g0124200"
6982,"Os01g0704700"
6983,"Os09g0550500"
6984,"Os01g0229400"
6985,"Os11g0537400"
6986,"Os04g0667800"
6987,"Os04g0664900"
6988,"Os08g0541400"
6989,"Os05g0332300"
6990,"Os02g0831000"
6991,"Os09g0344800"
6992,"Os02g0577400"
6993,"Os08g0338500"
6994,"Os02g0166600"
6995,"Os08g0238700"
6996,"Os12g0108000"
6997,"Os08g0317200"
6998,"Os05g0463100"
6999,"Os05g0217800"
7000,"Os08g0425100"
7001,"Os09g0104200"
7002,"Os03g0741400"
7003,"Os07g0597000"
7004,"Os04g0629100"
7005,"Os10g0113000"
7006,"Os10g0368100"
7007,"Os01g0680900"
7008,"Os05g0497200"
7009,"Os09g0499000"
7010,"Os06g0732000"
7011,"osa-miR169p"
7012,"Os12g0637300"
7013,"Os04g0168100"
7014,"Os01g0296100"
7015,"Os01g0103100"
7016,"osa-miR156l"
7017,"Os07g0251200"
7018,"Os07g0545300"
7019,"Os11g0195500"
7020,"Os01g0332900"
7021,"Os10g0450900"
7022,"Os03g0827500"
7023,"Os03g0697200"
7024,"Os01g0837600"
7025,"Os04g0379900"
7026,"Os07g0525600"
7027,"Os01g0329800"
7028,"Os03g0323700"
7029,"7029"
7030,"Os01g0621200"
7031,"Os05g0177100"
7032,"Os05g0467400"
7033,"Os02g0312500"
7034,"Os10g0446800"
7035,"Os02g0814800"
7036,"Os11g0576700"
7037,"Os05g0399300"
7038,"Os11g0545300"
7039,"Os11g0139500"
7040,"Os06g0248300"
7041,"Os06g0643300"
7042,"Os01g0941400"
7043,"Os01g0764700"
7044,"Os01g0901700"
7045,"PGmControl0002"
7046,"Os04g0291900"
7047,"Os08g0549300"
7048,"Os04g0143700"
7049,"Os08g0178400"
7050,"Os01g0658100"
7051,"Os01g0235200"
7052,"Os01g0674000"
7053,"Os03g0220700"
7054,"Os02g0562400"
7055,"Os04g0666900"
7056,"osa-miR393"
7057,"Os01g0803900"
7058,"Os02g0465900"
7059,"Os07g0158900"
7060,"Os02g0202500"
7061,"Os11g0525600"
7062,"Os11g0199000"
7063,"Os04g0587200"
7064,"Os09g0547300"
7065,"POsControl0038"
7066,"Os03g0755700"
7067,"Os01g0131600"
7068,"Os02g0662300"
7069,"osa-miR168b"
7070,"Os07g0108200"
7071,"Os01g0965500"
7072,"Os06g0328900"
7073,"Os03g0142900"
7074,"Os03g0285800"
7075,"Os02g0187600"
7076,"Os04g0272500"
7077,"Os08g0379200"
7078,"Os06g0199200"
7079,"Os07g0551400"
7080,"Os01g0682700"
7081,"Os01g0966100"
7082,"Os04g0420400"
7083,"Os01g0705700"
7084,"Os01g0649400"
7085,"Os06g0604200"
7086,"Os09g0522200"
7087,"POsControl0012"
7088,"Os01g0595400"
7089,"Os11g0245400"
7090,"Os03g0657000"
7091,"Os06g0158300"
7092,"Os04g0510600"
7093,"Os07g0657200"
7094,"Os03g0718000"
7095,"Os01g0612600"
7096,"Os01g0852200"
7097,"Os02g0243900"
7098,"Os03g0825300"
7099,"Os02g0267000"
7100,"Os07g0655400"
7101,"Os08g0169300"
7102,"Os01g0878700"
7103,"Os06g0187700"
7104,"Os09g0123200"
7105,"Os05g0176300"
7106,"Os05g0584300"
7107,"Os01g0847900"
7108,"Os03g0204500"
7109,"Os10g0462900"
7110,"Os11g0588400"
7111,"Os11g0646900"
7112,"Os02g0664700"
7113,"Os02g0634700"
7114,"Os03g0285200"
7115,"Os06g0698300"
7116,"Os02g0241300"
7117,"Os02g0234300"
7118,"Os04g0583200"
7119,"Os06g0362100"
7120,"Os05g0417600"
7121,"Os03g0402000"
7122,"Os02g0822400"
7123,"Os07g0571100"
7124,"Os03g0166800"
7125,"7125"
7126,"Os09g0101100"
7127,"Os03g0286200"
7128,"Os03g0323200"
7129,"Os11g0539200"
7130,"Os03g0262500"
7131,"Os01g0930900"
7132,"Os10g0524500"
7133,"osa-miR169e"
7134,"Os05g0510400"
7135,"Os03g0858200"
7136,"Os01g0694900"
7137,"Os07g0446400"
7138,"Os03g0589500"
7139,"Os10g0320100"
7140,"Os02g0608800"
7141,"Os07g0633200"
7142,"Os06g0717600"
7143,"Os02g0809800"
7144,"Os04g0514500"
7145,"Os01g0256500"
7146,"POsControl0046"
7147,"Os05g0430700"
7148,"Os03g0718100"
7149,"Os04g0665500"
7150,"Os04g0532400"
7151,"7151"
7152,"Os04g0652400"
7153,"Os02g0720000"
7154,"Os01g0203800"
7155,"Os03g0102600"
7156,"Os06g0679100"
7157,"Os03g0748200"
7158,"Os11g0115100"
7159,"osa-miR172c"
7160,"Os03g0370000"
7161,"Os11g0116000"
7162,"Os06g0167100"
7163,"Os02g0537500"
7164,"Os03g0239200"
7165,"Os04g0196600"
7166,"Os04g0633200"
7167,"Os03g0233900"
7168,"Os01g0969000"
7169,"Os04g0341100"
7170,"osa-miR439h"
7171,"Os02g0261900"
7172,"Os02g0753800"
7173,"Os03g0138600"
7174,"Os06g0712300"
7175,"Os08g0376700"
7176,"Os08g0355500"
7177,"Os05g0551500"
7178,"Os01g0168500"
7179,"Os11g0417800"
7180,"Os04g0332300"
7181,"Os06g0274100"
7182,"Os11g0171300"
7183,"Os10g0207400"
7184,"Os10g0463200"
7185,"Os06g0643300"
7186,"Os06g0103500"
7187,"Os03g0382300"
7188,"Os11g0704500"
7189,"Os11g0222000"
7190,"Os01g0528800"
7191,"Os08g0240200"
7192,"Os06g0618600"
7193,"Os04g0304400"
7194,"Os10g0516800"
7195,"Os02g0734800"
7196,"Os02g0294200"
7197,"Os06g0106100"
7198,"Os10g0150700"
7199,"Os01g0229300"
7200,"Os01g0745400"
7201,"Os01g0704400"
7202,"Os01g0180400"
7203,"Os11g0592200"
7204,"Os03g0754200"
7205,"Os04g0115700"
7206,"Os06g0617600"
7207,"Os12g0605800"
7208,"Os06g0150600"
7209,"Os11g0234200"
7210,"Os02g0522300"
7211,"Os04g0666900"
7212,"Os01g0720300"
7213,"Os03g0146500"
7214,"Os06g0297500"
7215,"Os11g0490600"
7216,"Os05g0386800"
7217,"Os01g0624000"
7218,"osa-miR441c"
7219,"Os05g0238400"
7220,"Os06g0531200"
7221,"Os09g0114500"
7222,"Os10g0492400"
7223,"Os04g0140400"
7224,"Os04g0117200"
7225,"osa-miR171a"
7226,"Os05g0437900"
7227,"Os01g0355400"
7228,"Os05g0445500"
7229,"Os05g0215300"
7230,"Os03g0166000"
7231,"Os08g0249600"
7232,"Os09g0103500"
7233,"Os05g0522500"
7234,"Os04g0465300"
7235,"Os03g0261800"
7236,"Os07g0584000"
7237,"Os11g0461300"
7238,"Os07g0301000"
7239,"Os11g0621500"
7240,"Os09g0448100"
7241,"Os05g0208100"
7242,"Os09g0554300"
7243,"Os02g0153100"
7244,"Os04g0392500"
7245,"Os02g0473000"
7246,"Os12g0414900"
7247,"Os07g0105600"
7248,"Os12g0501200"
7249,"Os01g0781100"
7250,"Os05g0261700"
7251,"Os01g0643300"
7252,"Os10g0562900"
7253,"Os02g0811800"
7254,"Os11g0490800"
7255,"Os11g0691800"
7256,"Os02g0732600"
7257,"Os08g0367400"
7258,"Os08g0227200"
7259,"Os06g0716000"
7260,"Os06g0253100"
7261,"Os04g0208400"
7262,"Os10g0105400"
7263,"Os01g0180300"
7264,"Os08g0487900"
7265,"Os08g0440000"
7266,"Os01g0112100"
7267,"Os01g0603200"
7268,"Os08g0520100"
7269,"Os04g0225700"
7270,"Os03g0262700"
7271,"Os07g0170200"
7272,"Os12g0106000"
7273,"Os10g0529300"
7274,"Os11g0701700"
7275,"Os02g0169900"
7276,"Os06g0527400"
7277,"Os02g0608600"
7278,"Os02g0613400"
7279,"7279"
7280,"Os02g0170100"
7281,"Os03g0100100"
7282,"Os04g0378100"
7283,"Os01g0741200"
7284,"Os05g0392700"
7285,"Os08g0129600"
7286,"osa-miR395r"
7287,"Os07g0435400"
7288,"Os09g0459200"
7289,"Os02g0572400"
7290,"Os11g0221300"
7291,"Os05g0549000"
7292,"Os10g0372800"
7293,"POsControl0044"
7294,"Os04g0548400"
7295,"Os12g0574700"
7296,"Os03g0206700"
7297,"Os03g0843400"
7298,"Os07g0537400"
7299,"Os07g0587300"
7300,"Os10g0578900"
7301,"7301"
7302,"Os09g0417600"
7303,"Os02g0824400"
7304,"Os03g0660000"
7305,"Os05g0402800"
7306,"Os07g0282300"
7307,"Os05g0432600"
7308,"POsControl0035"
7309,"Os07g0206500"
7310,"Os03g0376900"
7311,"Os02g0807300"
7312,"Os03g0644400"
7313,"Os10g0183500"
7314,"Os03g0272900"
7315,"Os06g0721600"
7316,"Os06g0556000"
7317,"Os03g0853800"
7318,"Os12g0113600"
7319,"Os01g0113200"
7320,"Os03g0601000"
7321,"Os12g0284000"
7322,"Os06g0179700"
7323,"Os12g0271600"
7324,"Os09g0322600"
7325,"Os07g0185300"
7326,"Os04g0561000"
7327,"Os01g0144300"
7328,"Os05g0354300"
7329,"Os04g0439100"
7330,"Os03g0796400"
7331,"Os05g0156600"
7332,"Os03g0335300"
7333,"Os07g0104600"
7334,"Os05g0119300"
7335,"Os04g0496600"
7336,"Os11g0208800"
7337,"Os01g0826900"
7338,"Os02g0131300"
7339,"Os04g0589900"
7340,"Os06g0561800"
7341,"Os10g0381800"
7342,"Os05g0389300"
7343,"7343"
7344,"Os02g0693200"
7345,"Os10g0145000"
7346,"7346"
7347,"Os01g0960800"
7348,"Os10g0486000"
7349,"Os03g0297600"
7350,"Os03g0857600"
7351,"Os03g0769100"
7352,"Os06g0217900"
7353,"Os08g0535100"
7354,"Os03g0313100"
7355,"Os05g0560600"
7356,"Os12g0236500"
7357,"Os03g0164200"
7358,"Os12g0508100"
7359,"Os06g0639800"
7360,"Os01g0859400"
7361,"Os12g0118900"
7362,"Os01g0940700"
7363,"Os01g0679000"
7364,"Os07g0695300"
7365,"Os07g0605600"
7366,"Os03g0169100"
7367,"Os02g0715200"
7368,"Os05g0435500"
7369,"Os12g0406100"
7370,"Os09g0470900"
7371,"7371"
7372,"Os11g0209200"
7373,"Os07g0220000"
7374,"Os07g0255200"
7375,"Os05g0399200"
7376,"Os06g0608800"
7377,"Os03g0780500"
7378,"Os10g0159300"
7379,"osa-miR169a"
7380,"Os09g0570400"
7381,"Os06g0548100"
7382,"Os12g0425800"
7383,"Os11g0666100"
7384,"Os06g0174400"
7385,"Os02g0689200"
7386,"Os09g0478100"
7387,"Os01g0968700"
7388,"Os06g0723900"
7389,"Os02g0519300"
7390,"Os11g0660000"
7391,"Os01g0738300"
7392,"POsControl0040"
7393,"Os09g0361100"
7394,"Os01g0924900"
7395,"7395"
7396,"osa-miR395f"
7397,"Os03g0128100"
7398,"Os08g0485500"
7399,"Os12g0638500"
7400,"7400"
7401,"Os12g0226900"
7402,"Os06g0498800"
7403,"Os01g0375200"
7404,"Os05g0392900"
7405,"Os02g0622100"
7406,"Os02g0787500"
7407,"Os01g0510600"
7408,"Os01g0893700"
7409,"Os09g0385800"
7410,"Os02g0147800"
7411,"Os06g0683600"
7412,"Os12g0439400"
7413,"Os07g0548800"
7414,"Os01g0563600"
7415,"Os03g0241900"
7416,"Os02g0684000"
7417,"Os04g0328200"
7418,"Os09g0496100"
7419,"Os03g0729000"
7420,"Os11g0214900"
7421,"Os01g0817100"
7422,"osa-miR166d"
7423,"Os02g0198600"
7424,"Os01g0265000"
7425,"Os03g0711800"
7426,"Os03g0170600"
7427,"Os09g0537100"
7428,"Os04g0195100"
7429,"Os03g0856200"
7430,"Os12g0149900"
7431,"Os05g0244700"
7432,"Os10g0497300"
7433,"Os03g0127500"
7434,"Os01g0141100"
7435,"Os06g0662800"
7436,"Os01g0841000"
7437,"Os07g0567700"
7438,"Os05g0392700"
7439,"Os02g0551700"
7440,"Os02g0244700"
7441,"Os06g0152200"
7442,"Os05g0524600"
7443,"Os02g0778300"
7444,"Os08g0431300"
7445,"Os04g0629500"
7446,"Os04g0503100"
7447,"Os03g0335600"
7448,"Os04g0513400"
7449,"Os11g0430600"
7450,"Os02g0668500"
7451,"Os07g0644300"
7452,"Os10g0326800"
7453,"POsControl0022"
7454,"Os05g0215800"
7455,"Os06g0123000"
7456,"Os02g0786300"
7457,"Os01g0763200"
7458,"Os04g0309400"
7459,"Os07g0209000"
7460,"Os05g0110800"
7461,"Os02g0214900"
7462,"Os06g0685200"
7463,"Os02g0149600"
7464,"Os02g0574000"
7465,"Os01g0254000"
7466,"Os01g0174500"
7467,"Os12g0108200"
7468,"Os05g0559300"
7469,"Os01g0527900"
7470,"Os10g0159800"
7471,"Os11g0114900"
7472,"Os08g0515800"
7473,"Os03g0822100"
7474,"Os01g0691100"
7475,"Os05g0186300"
7476,"Os01g0964900"
7477,"Os01g0312500"
7478,"Os02g0198300"
7479,"Os01g0229900"
7480,"Os02g0782700"
7481,"Os11g0454200"
7482,"Os06g0280900"
7483,"Os05g0486600"
7484,"Os03g0137500"
7485,"Os08g0429200"
7486,"Os04g0326100"
7487,"Os01g0542000"
7488,"Os12g0572400"
7489,"Os06g0671900"
7490,"Os08g0234400"
7491,"Os12g0611100"
7492,"Os11g0302900"
7493,"Os03g0137500"
7494,"Os01g0324400"
7495,"Os07g0604800"
7496,"Os09g0549400"
7497,"7497"
7498,"Os11g0206200"
7499,"Os01g0580400"
7500,"Os04g0659800"
7501,"Os12g0154000"
7502,"Os03g0387500"
7503,"Os01g0714400"
7504,"Os01g0722800"
7505,"Os06g0181500"
7506,"Os06g0652400"
7507,"Os02g0783700"
7508,"Os07g0642800"
7509,"Os10g0114400"
7510,"Os01g0813400"
7511,"osa-miR164c"
7512,"Os09g0248000"
7513,"Os09g0314400"
7514,"Os07g0676200"
7515,"Os08g0347000"
7516,"Os10g0457000"
7517,"Os03g0659400"
7518,"Os06g0634300"
7519,"Os01g0572300"
7520,"Os09g0458700"
7521,"Os10g0553900"
7522,"Os02g0467400"
7523,"Os05g0498800"
7524,"Os04g0531900"
7525,"Os06g0676700"
7526,"Os02g0545700"
7527,"Os01g0374200"
7528,"Os05g0349800"
7529,"Os08g0472000"
7530,"Os10g0405100"
7531,"Os08g0145600"
7532,"Os01g0924200"
7533,"Os06g0693200"
7534,"Os02g0521700"
7535,"Os08g0138500"
7536,"Os09g0353700"
7537,"Os02g0219900"
7538,"Os05g0586400"
7539,"Os01g0692600"
7540,"Os06g0696500"
7541,"osa-miR159f"
7542,"Os04g0614600"
7543,"Os06g0674100"
7544,"Os01g0713200"
7545,"Os02g0762200"
7546,"Os10g0160000"
7547,"Os08g0282500"
7548,"Os02g0786200"
7549,"Os02g0576700"
7550,"PAtControl0002"
7551,"Os04g0595100"
7552,"Os09g0511500"
7553,"Os02g0580300"
7554,"Os03g0796800"
7555,"Os05g0386900"
7556,"Os03g0358700"
7557,"Os02g0550900"
7558,"Os01g0758400"
7559,"Os12g0130100"
7560,"Os08g0485700"
7561,"Os05g0403600"
7562,"Os10g0474100"
7563,"Os09g0315800"
7564,"Os11g0460700"
7565,"Os03g0696000"
7566,"Os07g0113700"
7567,"Os01g0229900"
7568,"Os01g0516800"
7569,"Os12g0134900"
7570,"Os12g0163600"
7571,"Os04g0221600"
7572,"Os12g0226900"
7573,"Os05g0101300"
7574,"Os08g0316700"
7575,"Os05g0490200"
7576,"Os06g0566500"
7577,"Os05g0104100"
7578,"Os05g0491100"
7579,"Os05g0107300"
7580,"Os01g0181200"
7581,"Os02g0248800"
7582,"Os04g0382300"
7583,"Os03g0574300"
7584,"7584"
7585,"Os07g0513100"
7586,"Os06g0566100"
7587,"Os03g0752200"
7588,"Os11g0648400"
7589,"Os04g0254000"
7590,"Os04g0614600"
7591,"Os02g0799000"
7592,"Os12g0514500"
7593,"Os08g0451700"
7594,"Os06g0612800"
7595,"Os08g0476300"
7596,"Os03g0183300"
7597,"7597"
7598,"Os02g0117600"
7599,"Os05g0346800"
7600,"Os06g0177000"
7601,"Os03g0298100"
7602,"Os03g0196900"
7603,"Os03g0352400"
7604,"Os02g0112100"
7605,"Os03g0350100"
7606,"Os12g0142600"
7607,"Os09g0255000"
7608,"Os01g0675000"
7609,"Os07g0452400"
7610,"Os12g0225300"
7611,"Os02g0255000"
7612,"Os08g0332600"
7613,"Os02g0659600"
7614,"Os12g0267100"
7615,"Os09g0440700"
7616,"Os02g0602700"
7617,"Os05g0381600"
7618,"Os06g0722300"
7619,"Os02g0133900"
7620,"Os02g0738600"
7621,"Os01g0931300"
7622,"Os07g0694300"
7623,"Os03g0337600"
7624,"Os03g0425000"
7625,"Os11g0112000"
7626,"osa-miR439a"
7627,"Os07g0185900"
7628,"Os07g0681700"
7629,"Os10g0572700"
7630,"Os01g0668500"
7631,"Os09g0439100"
7632,"Os01g0715800"
7633,"Os01g0976000"
7634,"Os02g0591500"
7635,"Os06g0324000"
7636,"Os01g0702500"
7637,"Os03g0438200"
7638,"Os05g0196700"
7639,"Os11g0184300"
7640,"Os03g0425300"
7641,"Os01g0963400"
7642,"Os01g0971100"
7643,"7643"
7644,"Os02g0162000"
7645,"Os05g0437200"
7646,"Os10g0446200"
7647,"Os04g0412000"
7648,"Os12g0167900"
7649,"Os08g0452500"
7650,"Os11g0205200"
7651,"Os12g0224500"
7652,"Os06g0202300"
7653,"Os01g0554400"
7654,"Os10g0337600"
7655,"Os06g0671800"
7656,"Os04g0612800"
7657,"Os01g0531000"
7658,"Os07g0132100"
7659,"Os03g0151700"
7660,"Os09g0285100"
7661,"Os11g0602400"
7662,"Os08g0551700"
7663,"Os02g0782700"
7664,"Os04g0660000"
7665,"Os12g0555600"
7666,"Os03g0648900"
7667,"Os08g0105100"
7668,"Os03g0816400"
7669,"Os11g0694000"
7670,"Os01g0151200"
7671,"Os07g0489500"
7672,"Os08g0427900"
7673,"Os01g0789500"
7674,"Os08g0105000"
7675,"Os05g0535900"
7676,"Os03g0192500"
7677,"Os11g0522300"
7678,"Os04g0132900"
7679,"Os07g0570300"
7680,"Os04g0554200"
7681,"POsControl0004"
7682,"Os01g0258700"
7683,"Os09g0381600"
7684,"Os02g0735200"
7685,"Os09g0513700"
7686,"Os10g0416100"
7687,"Os09g0286800"
7688,"Os09g0306200"
7689,"POsControl0028"
7690,"PAtControl0003"
7691,"osa-miR171f"
7692,"Os01g0327400"
7693,"Os04g0136900"
7694,"Os04g0347200"
7695,"Os01g0974200"
7696,"Os03g0698900"
7697,"Os04g0465900"
7698,"Os07g0107500"
7699,"Os03g0172700"
7700,"Os03g0783000"
7701,"Os02g0709900"
7702,"Os07g0670200"
7703,"POsControl0002"
7704,"osa-miR395s"
7705,"7705"
7706,"Os11g0238700"
7707,"Os09g0401200"
7708,"Os09g0421200"
7709,"Os01g0622100"
7710,"Os06g0673800"
7711,"Os02g0197600"
7712,"Os02g0797500"
7713,"Os01g0867600"
7714,"Os06g0715500"
7715,"Os02g0804900"
7716,"Os08g0208300"
7717,"Os05g0120200"
7718,"Os08g0549000"
7719,"7719"
7720,"Os03g0420600"
7721,"Os03g0678800"
7722,"Os01g0925800"
7723,"Os08g0129700"
7724,"Os03g0140500"
7725,"Os05g0455700"
7726,"Os04g0578600"
7727,"Os01g0678000"
7728,"Os01g0520600"
7729,"Os12g0283100"
7730,"Os09g0261300"
7731,"Os06g0505700"
7732,"Os06g0235300"
7733,"Os05g0327000"
7734,"Os11g0107400"
7735,"Os10g0563400"
7736,"Os06g0472200"
7737,"Os01g0861500"
7738,"Os08g0190300"
7739,"Os02g0784400"
7740,"Os01g0253300"
7741,"Os04g0632000"
7742,"Os09g0374900"
7743,"POsControl0035"
7744,"Os08g0117300"
7745,"Os01g0686800"
7746,"Os08g0518900"
7747,"Os10g0567800"
7748,"Os03g0699700"
7749,"Os04g0221300"
7750,"Os07g0499300"
7751,"Os01g0729200"
7752,"Os07g0691800"
7753,"Os05g0566600"
7754,"7754"
7755,"Os08g0335600"
7756,"Os12g0640500"
7757,"Os12g0596600"
7758,"Os01g0356800"
7759,"Os03g0648400"
7760,"Os05g0134400"
7761,"Os02g0153600"
7762,"Os06g0133600"
7763,"Os06g0313500"
7764,"Os04g0448200"
7765,"Os08g0521200"
7766,"Os08g0109400"
7767,"Os03g0103800"
7768,"Os06g0127900"
7769,"Os11g0672200"
7770,"Os10g0493600"
7771,"Os10g0154000"
7772,"Os08g0470000"
7773,"Os08g0345800"
7774,"Os07g0585800"
7775,"Os06g0556100"
7776,"Os09g0269500"
7777,"Os09g0240500"
7778,"7778"
7779,"Os09g0572100"
7780,"Os03g0343700"
7781,"Os02g0682300"
7782,"Os07g0585500"
7783,"Os06g0125400"
7784,"Os11g0303200"
7785,"Os01g0516400"
7786,"Os07g0178600"
7787,"Os07g0137800"
7788,"Os07g0243100"
7789,"Os02g0697200"
7790,"Os08g0151300"
7791,"Os02g0755500"
7792,"Os07g0126500"
7793,"Os10g0134500"
7794,"Os03g0216400"
7795,"Os05g0304800"
7796,"Os03g0118400"
7797,"Os02g0817500"
7798,"Os12g0198500"
7799,"Os01g0818600"
7800,"Os01g0148400"
7801,"osa-miR162b"
7802,"Os03g0694900"
7803,"Os05g0458100"
7804,"Os10g0501200"
7805,"Os01g0106700"
7806,"Os11g0181200"
7807,"Os05g0589000"
7808,"Os01g0781000"
7809,"Os11g0708500"
7810,"Os01g0883800"
7811,"Os11g0484000"
7812,"osa-miR390"
7813,"Os03g0829200"
7814,"Os03g0219800"
7815,"Os01g0823100"
7816,"Os02g0622400"
7817,"Os02g0583300"
7818,"Os10g0580800"
7819,"Os07g0539900"
7820,"Os03g0844700"
7821,"Os03g0810800"
7822,"Os11g0554200"
7823,"Os02g0732500"
7824,"Os03g0790600"
7825,"Os01g0127600"
7826,"Os06g0104900"
7827,"Os01g0588700"
7828,"osa-miR160e"
7829,"Os05g0400100"
7830,"Os02g0221800"
7831,"Os01g0253300"
7832,"Os09g0248100"
7833,"Os02g0138800"
7834,"Os06g0483200"
7835,"osa-miR394"
7836,"Os09g0419100"
7837,"Os02g0216500"
7838,"Os11g0183800"
7839,"Os10g0548000"
7840,"Os05g0474400"
7841,"Os07g0525000"
7842,"Os03g0156600"
7843,"Os01g0289600"
7844,"Os06g0338900"
7845,"Os11g0154500"
7846,"Os01g0952200"
7847,"Os12g0446300"
7848,"Os06g0340600"
7849,"Os10g0415200"
7850,"Os05g0315200"
7851,"Os01g0622300"
7852,"Os01g0756200"
7853,"Os12g0541600"
7854,"Os02g0130300"
7855,"Os03g0239300"
7856,"POsControl0005"
7857,"Os02g0469600"
7858,"Os10g0376900"
7859,"Os02g0128300"
7860,"Os01g0793800"
7861,"Os01g0922800"
7862,"Os04g0608800"
7863,"Os04g0191800"
7864,"Os11g0482200"
7865,"Os03g0220100"
7866,"Os08g0560900"
7867,"Os12g0623500"
7868,"Os01g0813800"
7869,"Os03g0747300"
7870,"Os09g0538500"
7871,"Os02g0615400"
7872,"Os04g0234600"
7873,"Os02g0707900"
7874,"Os12g0636400"
7875,"Os10g0502200"
7876,"Os12g0566000"
7877,"Os05g0298900"
7878,"Os03g0851300"
7879,"Os02g0273800"
7880,"Os06g0154500"
7881,"Os04g0432200"
7882,"Os03g0125000"
7883,"Os12g0174100"
7884,"Os06g0687900"
7885,"Os05g0475300"
7886,"Os01g0764500"
7887,"Os02g0783100"
7888,"Os01g0748100"
7889,"Os06g0593200"
7890,"Os12g0514500"
7891,"Os11g0544600"
7892,"Os11g0591400"
7893,"Os10g0213700"
7894,"Os05g0197200"
7895,"Os07g0656500"
7896,"Os08g0163300"
7897,"Os03g0719400"
7898,"Os07g0195100"
7899,"Os03g0766600"
7900,"Os01g0281100"
7901,"Os10g0414500"
7902,"Os01g0612700"
7903,"Os08g0224700"
7904,"Os11g0205000"
7905,"Os04g0335400"
7906,"Os03g0601300"
7907,"Os10g0128400"
7908,"Os01g0801200"
7909,"Os12g0614900"
7910,"Os08g0242900"
7911,"Os04g0599900"
7912,"Os11g0106000"
7913,"Os07g0223100"
7914,"Os06g0135900"
7915,"Os03g0335300"
7916,"Os05g0181800"
7917,"Os03g0661700"
7918,"Os05g0332600"
7919,"Os06g0617800"
7920,"Os07g0605200"
7921,"Os01g0743300"
7922,"Os11g0141900"
7923,"Os03g0644400"
7924,"Os02g0602800"
7925,"Os07g0192900"
7926,"Os01g0247700"
7927,"Os05g0148400"
7928,"Os03g0728600"
7929,"Os03g0174100"
7930,"Os02g0588500"
7931,"PGmControl0001"
7932,"7932"
7933,"Os08g0517900"
7934,"Os04g0401300"
7935,"Os09g0517000"
7936,"Os08g0321400"
7937,"Os03g0819600"
7938,"Os04g0664500"
7939,"Os06g0113900"
7940,"Os06g0217600"
7941,"Os01g0767700"
7942,"Os12g0404400"
7943,"Os03g0675000"
7944,"Os09g0106700"
7945,"Os01g0885300"
7946,"Os09g0433700"
7947,"Os04g0455700"
7948,"Os12g0143400"
7949,"Os07g0200700"
7950,"Os06g0365400"
7951,"Os10g0422000"
7952,"Os06g0610800"
7953,"Os05g0592400"
7954,"Os03g0125100"
7955,"Os08g0109000"
7956,"Os04g0298600"
7957,"Os12g0105500"
7958,"Os06g0232000"
7959,"Os05g0140500"
7960,"Os05g0305600"
7961,"Os03g0268200"
7962,"Os10g0116900"
7963,"Os08g0199300"
7964,"Os05g0214700"
7965,"Os03g0855700"
7966,"Os03g0799600"
7967,"Os06g0102300"
7968,"Os10g0524100"
7969,"Os12g0102300"
7970,"Os02g0253800"
7971,"Os08g0296600"
7972,"Os03g0278800"
7973,"7973"
7974,"Os06g0139700"
7975,"Os09g0547100"
7976,"Os06g0564500"
7977,"Os08g0268900"
7978,"Os01g0102600"
7979,"Os05g0322900"
7980,"Os03g0401300"
7981,"Os01g0224300"
7982,"Os02g0721700"
7983,"Os06g0300800"
7984,"Os06g0539400"
7985,"Os01g0553900"
7986,"Os11g0256400"
7987,"Os01g0795300"
7988,"Os06g0480500"
7989,"Os03g0439300"
7990,"Os06g0638100"
7991,"Os08g0475000"
7992,"Os04g0418000"
7993,"Os02g0603600"
7994,"Os11g0130200"
7995,"Os08g0321000"
7996,"Os11g0146100"
7997,"Os01g0970400"
7998,"Os04g0673700"
7999,"Os09g0444900"
8000,"Os09g0349100"
8001,"Os07g0568100"
8002,"Os12g0291000"
8003,"Os01g0723200"
8004,"Os03g0804400"
8005,"Os02g0714500"
8006,"Os01g0312800"
8007,"Os09g0379900"
8008,"Os02g0461200"
8009,"POsControl0008"
8010,"Os01g0513200"
8011,"Os02g0680500"
8012,"Os01g0771200"
8013,"Os09g0525900"
8014,"Os01g0752300"
8015,"Os06g0151600"
8016,"Os01g0878800"
8017,"Os01g0962900"
8018,"Os08g0288500"
8019,"Os12g0236200"
8020,"Os02g0502400"
8021,"Os12g0168500"
8022,"Os01g0266500"
8023,"Os01g0571300"
8024,"Os01g0510800"
8025,"Os04g0635800"
8026,"Os03g0642900"
8027,"Os01g0591000"
8028,"Os11g0645300"
8029,"Os05g0472200"
8030,"Os01g0580100"
8031,"Os08g0246800"
8032,"Os12g0572500"
8033,"Os12g0538500"
8034,"Os04g0472400"
8035,"Os06g0507300"
8036,"Os02g0176100"
8037,"Os11g0642100"
8038,"Os08g0137400"
8039,"Os10g0165300"
8040,"Os10g0150700"
8041,"Os06g0311000"
8042,"Os12g0507600"
8043,"Os11g0229400"
8044,"Os05g0149300"
8045,"Os04g0495400"
8046,"Os02g0661200"
8047,"Os01g0978100"
8048,"Os05g0200500"
8049,"Os03g0359600"
8050,"PGmControl0002"
8051,"Os04g0665000"
8052,"Os05g0299100"
8053,"Os07g0525300"
8054,"Os01g0715900"
8055,"Os04g0173300"
8056,"Os01g0275800"
8057,"Os09g0466900"
8058,"Os02g0787700"
8059,"Os10g0454700"
8060,"Os03g0352200"
8061,"8061"
8062,"Os03g0805800"
8063,"Os06g0633300"
8064,"Os04g0148800"
8065,"Os05g0456500"
8066,"Os03g0781600"
8067,"Os05g0498800"
8068,"Os12g0420300"
8069,"Os06g0194000"
8070,"Os01g0903400"
8071,"osa-miR439c"
8072,"Os07g0511500"
8073,"Os07g0274800"
8074,"Os02g0481000"
8075,"Os02g0585600"
8076,"Os12g0596800"
8077,"Os01g0961600"
8078,"Os09g0557900"
8079,"Os02g0114700"
8080,"Os06g0197300"
8081,"Os05g0439200"
8082,"Os06g0209300"
8083,"Os02g0687900"
8084,"Os05g0304600"
8085,"Os03g0854000"
8086,"Os10g0190000"
8087,"8087"
8088,"Os08g0483700"
8089,"Os07g0627700"
8090,"Os08g0543900"
8091,"Os03g0767000"
8092,"osa-miR164c"
8093,"Os01g0236300"
8094,"Os02g0159800"
8095,"Os02g0639000"
8096,"Os04g0565500"
8097,"Os10g0213800"
8098,"Os07g0508200"
8099,"Os01g0516700"
8100,"POsControl0015"
8101,"Os12g0616900"
8102,"Os03g0339300"
8103,"Os12g0225100"
8104,"Os03g0741600"
8105,"Os05g0502800"
8106,"Os01g0191300"
8107,"Os12g0168000"
8108,"POsControl0002"
8109,"Os05g0215000"
8110,"Os06g0630900"
8111,"Os01g0216400"
8112,"Os03g0344300"
8113,"Os07g0173700"
8114,"Os03g0223100"
8115,"Os01g0974200"
8116,"Os02g0833900"
8117,"Os11g0240600"
8118,"POsControl0015"
8119,"Os04g0679000"
8120,"Os02g0497500"
8121,"Os12g0170800"
8122,"Os06g0129100"
8123,"Os07g0107300"
8124,"Os03g0717600"
8125,"Os02g0818000"
8126,"Os02g0175100"
8127,"Os08g0199000"
8128,"Os02g0726300"
8129,"Os05g0566700"
8130,"Os05g0513900"
8131,"Os03g0742900"
8132,"Os02g0656500"
8133,"Os05g0119300"
8134,"8134"
8135,"Os04g0291100"
8136,"Os12g0427000"
8137,"Os04g0507900"
8138,"Os07g0564600"
8139,"Os10g0396300"
8140,"Os02g0324500"
8141,"8141"
8142,"Os03g0178000"
8143,"Os05g0217800"
8144,"Os05g0410200"
8145,"Os03g0802200"
8146,"Os12g0632700"
8147,"osa-miR167a"
8148,"Os12g0623800"
8149,"Os04g0541700"
8150,"8150"
8151,"Os06g0731300"
8152,"osa-miR531"
8153,"Os10g0158400"
8154,"Os02g0690700"
8155,"Os12g0492700"
8156,"osa-miR169i"
8157,"Os04g0635300"
8158,"Os02g0772300"
8159,"Os10g0516600"
8160,"Os01g0670100"
8161,"Os08g0243500"
8162,"Os03g0433300"
8163,"osa-miR393"
8164,"Os03g0425900"
8165,"Os03g0385900"
8166,"Os03g0191700"
8167,"Os03g0795100"
8168,"Os01g0328300"
8169,"8169"
8170,"Os05g0368300"
8171,"Os07g0540500"
8172,"Os07g0452700"
8173,"Os10g0514400"
8174,"Os02g0256100"
8175,"Os07g0574100"
8176,"Os01g0101300"
8177,"Os01g0643900"
8178,"Os04g0527300"
8179,"osa-miR398b"
8180,"Os09g0526700"
8181,"Os04g0678700"
8182,"Os06g0720400"
8183,"Os01g0549400"
8184,"Os02g0312600"
8185,"Os08g0345800"
8186,"Os11g0597800"
8187,"8187"
8188,"Os08g0339200"
8189,"Os01g0536600"
8190,"Os03g0799600"
8191,"Os01g0966400"
8192,"Os03g0284900"
8193,"Os01g0584200"
8194,"Os01g0895100"
8195,"Os03g0764300"
8196,"Os01g0120800"
8197,"Os06g0137600"
8198,"osa-miR395l"
8199,"Os04g0115500"
8200,"Os06g0609800"
8201,"Os02g0670900"
8202,"Os07g0446900"
8203,"8203"
8204,"Os01g0207500"
8205,"Os02g0537000"
8206,"Os02g0709400"
8207,"Os08g0112200"
8208,"Os02g0759700"
8209,"Os11g0603100"
8210,"Os02g0792900"
8211,"osa-miR531"
8212,"Os11g0630300"
8213,"Os02g0146900"
8214,"Os11g0259700"
8215,"Os07g0515100"
8216,"osa-miR443"
8217,"Os07g0166800"
8218,"8218"
8219,"Os12g0604700"
8220,"Os03g0309200"
8221,"Os02g0507900"
8222,"Os08g0232000"
8223,"Os01g0550100"
8224,"Os11g0597400"
8225,"Os11g0644600"
8226,"Os01g0610800"
8227,"Os03g0767800"
8228,"Os03g0248200"
8229,"Os01g0749300"
8230,"Os08g0561700"
8231,"Os05g0513100"
8232,"Os11g0160500"
8233,"Os02g0194900"
8234,"Os08g0421800"
8235,"Os11g0237700"
8236,"Os07g0627400"
8237,"Os04g0450600"
8238,"osa-miR439b"
8239,"Os03g0104800"
8240,"Os05g0505800"
8241,"Os01g0642600"
8242,"Os02g0651100"
8243,"Os04g0384800"
8244,"Os11g0544500"
8245,"POsControl0025"
8246,"Os07g0691200"
8247,"Os04g0603300"
8248,"Os05g0509400"
8249,"Os11g0126100"
8250,"Os03g0215000"
8251,"Os08g0394000"
8252,"Os02g0707100"
8253,"Os06g0222900"
8254,"Os05g0524400"
8255,"Os06g0712700"
8256,"Os02g0205100"
8257,"Os08g0457000"
8258,"Os05g0390600"
8259,"Os03g0358800"
8260,"Os07g0195200"
8261,"Os12g0299400"
8262,"Os04g0432100"
8263,"Os02g0215200"
8264,"Os03g0424500"
8265,"Os08g0240500"
8266,"Os10g0566300"
8267,"Os07g0105200"
8268,"Os02g0714600"
8269,"Os03g0148000"
8270,"Os02g0543000"
8271,"Os04g0450800"
8272,"Os04g0132500"
8273,"Os03g0753600"
8274,"Os01g0904500"
8275,"Os04g0653200"
8276,"Os04g0458200"
8277,"Os02g0475300"
8278,"Os04g0351300"
8279,"Os10g0580700"
8280,"Os04g0348300"
8281,"Os11g0604400"
8282,"Os03g0778100"
8283,"Os12g0629300"
8284,"Os01g0948300"
8285,"Os09g0249700"
8286,"Os03g0339300"
8287,"Os01g0940100"
8288,"Os08g0552300"
8289,"Os12g0149800"
8290,"Os02g0189100"
8291,"Os08g0364900"
8292,"Os06g0304300"
8293,"Os01g0353400"
8294,"Os09g0555100"
8295,"Os08g0478000"
8296,"Os06g0103100"
8297,"Os12g0441700"
8298,"Os01g0144800"
8299,"osa-miR172b"
8300,"Os06g0218100"
8301,"Os04g0440000"
8302,"Os11g0184900"
8303,"Os02g0702700"
8304,"Os06g0473200"
8305,"Os07g0557500"
8306,"Os07g0684500"
8307,"Os12g0629700"
8308,"Os04g0674000"
8309,"Os06g0161900"
8310,"Os05g0557800"
8311,"Os12g0224400"
8312,"Os12g0203200"
8313,"Os07g0114000"
8314,"Os01g0770400"
8315,"Os08g0431500"
8316,"Os08g0550100"
8317,"Os03g0761200"
8318,"Os10g0320400"
8319,"Os04g0108900"
8320,"Os03g0398400"
8321,"Os03g0831500"
8322,"Os08g0335500"
8323,"Os06g0680900"
8324,"Os09g0514300"
8325,"Os04g0610400"
8326,"Os08g0546100"
8327,"Os02g0485800"
8328,"Os03g0372500"
8329,"Os06g0306600"
8330,"Os01g0357600"
8331,"Os06g0225300"
8332,"Os06g0727700"
8333,"Os01g0355900"
8334,"Os03g0188900"
8335,"Os09g0535500"
8336,"Os05g0124600"
8337,"Os07g0571900"
8338,"POsControl0027"
8339,"Os03g0405900"
8340,"Os02g0168100"
8341,"Os02g0771100"
8342,"Os06g0681200"
8343,"Os12g0122000"
8344,"Os01g0128400"
8345,"Os01g0549200"
8346,"Os02g0820900"
8347,"Os08g0434100"
8348,"Os03g0754900"
8349,"Os11g0686100"
8350,"Os04g0423600"
8351,"Os01g0854400"
8352,"Os01g0929000"
8353,"Os02g0128200"
8354,"Os03g0234900"
8355,"Os03g0680100"
8356,"Os08g0511800"
8357,"Os05g0488900"
8358,"Os11g0445300"
8359,"Os03g0149400"
8360,"osa-miR395a"
8361,"Os01g0895100"
8362,"Os01g0156600"
8363,"Os07g0508900"
8364,"Os02g0731700"
8365,"osa-miR395o"
8366,"Os02g0139600"
8367,"Os01g0665500"
8368,"Os09g0485600"
8369,"Os02g0829400"
8370,"Os08g0164300"
8371,"Os07g0411300"
8372,"Os12g0599900"
8373,"Os12g0293100"
8374,"Os06g0237600"
8375,"Os03g0708100"
8376,"Os05g0172800"
8377,"Os05g0596600"
8378,"Os05g0126300"
8379,"Os01g0375400"
8380,"Os08g0554000"
8381,"Os05g0322900"
8382,"Os09g0520600"
8383,"Os02g0258900"
8384,"Os04g0488500"
8385,"Os09g0565600"
8386,"Os10g0167600"
8387,"Os02g0491800"
8388,"Os12g0518000"
8389,"Os03g0820600"
8390,"Os11g0569800"
8391,"Os11g0633800"
8392,"Os01g0236700"
8393,"8393"
8394,"Os03g0790900"
8395,"8395"
8396,"Os06g0579200"
8397,"osa-miR439h"
8398,"Os03g0339900"
8399,"Os09g0478100"
8400,"Os01g0680600"
8401,"Os02g0697200"
8402,"Os09g0359700"
8403,"Os04g0171600"
8404,"Os07g0283200"
8405,"Os11g0667400"
8406,"Os02g0260000"
8407,"Os03g0130500"
8408,"Os10g0369000"
8409,"Os08g0500500"
8410,"osa-miR159e"
8411,"Os12g0105300"
8412,"Os03g0231600"
8413,"Os07g0632000"
8414,"Os03g0145500"
8415,"Os02g0273100"
8416,"Os06g0357800"
8417,"Os07g0134800"
8418,"Os10g0539900"
8419,"Os08g0307300"
8420,"Os02g0191700"
8421,"8421"
8422,"Os08g0132700"
8423,"Os06g0609600"
8424,"Os03g0117800"
8425,"Os08g0149600"
8426,"Os10g0576600"
8427,"Os06g0215300"
8428,"Os06g0663900"
8429,"Os01g0139000"
8430,"Os04g0481100"
8431,"Os09g0572500"
8432,"Os01g0626900"
8433,"Os05g0568000"
8434,"Os07g0683900"
8435,"Os02g0508100"
8436,"Os05g0153600"
8437,"Os06g0703500"
8438,"Os05g0279900"
8439,"Os10g0370700"
8440,"Os08g0536100"
8441,"Os02g0520100"
8442,"Os04g0448900"
8443,"Os09g0483400"
8444,"Os02g0776700"
8445,"Os11g0474100"
8446,"Os01g0601000"
8447,"Os03g0787600"
8448,"Os01g0883100"
8449,"Os05g0570300"
8450,"Os04g0552700"
8451,"Os06g0306600"
8452,"Os01g0715700"
8453,"Os02g0670400"
8454,"Os11g0311300"
8455,"Os09g0471500"
8456,"Os07g0515700"
8457,"Os10g0562000"
8458,"Os04g0119500"
8459,"Os04g0486600"
8460,"PGmControl0003"
8461,"Os01g0191500"
8462,"Os03g0809700"
8463,"Os03g0847900"
8464,"Os01g0896400"
8465,"Os02g0153200"
8466,"osa-miR397b"
8467,"Os07g0228600"
8468,"Os09g0432000"
8469,"Os01g0229100"
8470,"Os10g0577700"
8471,"Os03g0308100"
8472,"Os02g0561000"
8473,"Os05g0459900"
8474,"Os01g0230900"
8475,"Os08g0416800"
8476,"Os01g0752800"
8477,"Os07g0521500"
8478,"Os04g0504200"
8479,"Os09g0538000"
8480,"Os07g0534500"
8481,"Os05g0463700"
8482,"Os02g0813800"
8483,"Os07g0561200"
8484,"osa-miR396d"
8485,"Os06g0162800"
8486,"Os03g0247100"
8487,"Os09g0341500"
8488,"Os06g0244000"
8489,"Os07g0249900"
8490,"Os04g0635500"
8491,"Os01g0812000"
8492,"Os07g0695800"
8493,"Os09g0308900"
8494,"Os04g0531300"
8495,"Os12g0502800"
8496,"Os04g0501700"
8497,"Os01g0179300"
8498,"Os01g0108800"
8499,"Os04g0504700"
8500,"Os02g0778700"
8501,"Os02g0148700"
8502,"Os01g0611100"
8503,"Os06g0215200"
8504,"Os01g0801500"
8505,"Os05g0472400"
8506,"Os07g0590800"
8507,"Os10g0483900"
8508,"Os02g0608400"
8509,"Os08g0234000"
8510,"Os09g0503400"
8511,"Os05g0389400"
8512,"Os11g0681400"
8513,"Os03g0650400"
8514,"Os10g0330600"
8515,"Os03g0411500"
8516,"Os01g0777500"
8517,"Os02g0312500"
8518,"Os07g0167000"
8519,"Os02g0654700"
8520,"Os06g0707100"
8521,"Os03g0784800"
8522,"Os02g0455400"
8523,"Os04g0671200"
8524,"Os06g0484500"
8525,"Os04g0269700"
8526,"Os01g0633500"
8527,"Os11g0222900"
8528,"Os02g0293800"
8529,"Os02g0195700"
8530,"Os03g0812200"
8531,"Os08g0447000"
8532,"Os01g0103000"
8533,"Os04g0105500"
8534,"Os11g0539600"
8535,"Os01g0868600"
8536,"Os02g0726000"
8537,"Os01g0840100"
8538,"Os03g0139000"
8539,"Os02g0218700"
8540,"Os02g0220600"
8541,"Os04g0611800"
8542,"Os02g0115700"
8543,"Os12g0578500"
8544,"Os11g0163100"
8545,"Os08g0188900"
8546,"Os05g0553800"
8547,"Os02g0586900"
8548,"Os08g0533700"
8549,"Os09g0325300"
8550,"Os05g0436900"
8551,"Os03g0186500"
8552,"Os04g0614100"
8553,"Os09g0493700"
8554,"Os05g0163900"
8555,"Os11g0550100"
8556,"Os01g0112100"
8557,"Os01g0717400"
8558,"Os06g0686700"
8559,"Os10g0565700"
8560,"Os10g0105400"
8561,"Os04g0404900"
8562,"Os06g0610300"
8563,"Os02g0592400"
8564,"Os05g0152900"
8565,"Os01g0150700"
8566,"Os09g0443700"
8567,"Os03g0858600"
8568,"Os03g0213300"
8569,"Os03g0227300"
8570,"Os01g0866400"
8571,"Os04g0684300"
8572,"Os03g0800100"
8573,"Os01g0974400"
8574,"Os11g0455500"
8575,"Os01g0924000"
8576,"Os02g0259100"
8577,"Os03g0734200"
8578,"Os01g0263600"
8579,"Os11g0625900"
8580,"Os02g0812500"
8581,"Os10g0466800"
8582,"Os02g0786500"
8583,"Os04g0410200"
8584,"Os02g0175900"
8585,"Os02g0743100"
8586,"Os01g0658500"
8587,"Os10g0463100"
8588,"Os04g0421900"
8589,"Os10g0147200"
8590,"Os07g0142000"
8591,"Os12g0126800"
8592,"Os03g0123300"
8593,"Os08g0167500"
8594,"Os12g0109900"
8595,"Os03g0370800"
8596,"Os02g0269600"
8597,"Os02g0148300"
8598,"osa-miR171b"
8599,"Os01g0186900"
8600,"Os02g0741300"
8601,"Os09g0449400"
8602,"Os06g0153900"
8603,"Os08g0509500"
8604,"Os03g0381200"
8605,"Os04g0546100"
8606,"Os04g0333700"
8607,"Os07g0602200"
8608,"Os07g0495900"
8609,"Os01g0226600"
8610,"Os05g0397600"
8611,"Os01g0834200"
8612,"Os01g0807200"
8613,"Os02g0302900"
8614,"osa-miR395q"
8615,"Os12g0126000"
8616,"Os07g0173400"
8617,"Os11g0442900"
8618,"Os09g0414300"
8619,"Os01g0299300"
8620,"Os10g0370100"
8621,"Os04g0313500"
8622,"Os06g0146800"
8623,"Os04g0626600"
8624,"Os06g0299500"
8625,"Os01g0739200"
8626,"Os02g0199900"
8627,"Os06g0101300"
8628,"Os11g0593600"
8629,"Os07g0129400"
8630,"Os04g0668000"
8631,"Os02g0740300"
8632,"osa-miR439e"
8633,"Os05g0242600"
8634,"Os04g0201800"
8635,"Os08g0419100"
8636,"Os09g0516800"
8637,"Os07g0625400"
8638,"Os04g0448600"
8639,"Os01g0295900"
8640,"Os03g0736500"
8641,"osa-miR164a"
8642,"Os04g0510400"
8643,"Os12g0631200"
8644,"Os10g0442400"
8645,"Os08g0184600"
8646,"Os05g0520300"
8647,"Os01g0567600"
8648,"Os05g0494000"
8649,"Os06g0645800"
8650,"Os08g0320100"
8651,"Os03g0569000"
8652,"Os09g0471100"
8653,"Os02g0435200"
8654,"Os06g0300000"
8655,"Os04g0664400"
8656,"Os06g0529800"
8657,"Os05g0474900"
8658,"Os12g0197600"
8659,"Os09g0538500"
8660,"Os02g0301000"
8661,"Os10g0559200"
8662,"Os05g0171300"
8663,"Os07g0571500"
8664,"Os02g0636600"
8665,"Os03g0102500"
8666,"Os06g0702500"
8667,"Os01g0117900"
8668,"Os03g0588100"
8669,"Os09g0509000"
8670,"Os01g0604500"
8671,"Os06g0346100"
8672,"Os03g0289200"
8673,"Os07g0515400"
8674,"Os02g0522000"
8675,"Os12g0591300"
8676,"Os04g0608400"
8677,"Os04g0488100"
8678,"Os10g0463400"
8679,"Os03g0280800"
8680,"Os12g0135900"
8681,"Os07g0596600"
8682,"Os10g0544600"
8683,"Os04g0224000"
8684,"Os09g0256700"
8685,"Os04g0398600"
8686,"Os03g0363500"
8687,"Os03g0309300"
8688,"Os04g0438600"
8689,"Os03g0820900"
8690,"Os10g0102900"
8691,"Os10g0412100"
8692,"Os01g0383900"
8693,"Os04g0564500"
8694,"Os06g0647500"
8695,"Os08g0166100"
8696,"Os08g0514800"
8697,"Os04g0127100"
8698,"Os05g0519900"
8699,"Os09g0369000"
8700,"Os07g0106200"
8701,"Os03g0196500"
8702,"Os02g0131300"
8703,"Os10g0456500"
8704,"Os01g0940100"
8705,"Os06g0558900"
8706,"Os02g0569400"
8707,"Os03g0658800"
8708,"Os07g0660200"
8709,"Os10g0506900"
8710,"Os04g0546500"
8711,"Os03g0198400"
8712,"Os03g0721200"
8713,"Os02g0538700"
8714,"Os02g0198600"
8715,"Os08g0524400"
8716,"Os03g0159400"
8717,"Os11g0581700"
8718,"Os03g0691400"
8719,"Os01g0347200"
8720,"Os12g0246700"
8721,"Os11g0463600"
8722,"Os01g0780800"
8723,"Os01g0883100"
8724,"Os03g0831300"
8725,"Os03g0558000"
8726,"Os09g0470500"
8727,"Os02g0436200"
8728,"Os12g0101800"
8729,"Os11g0449600"
8730,"Os01g0764000"
8731,"Os10g0561900"
8732,"Os05g0237300"
8733,"osa-miR167f"
8734,"POsControl0008"
8735,"Os11g0597400"
8736,"Os03g0118600"
8737,"Os05g0113200"
8738,"Os04g0169300"
8739,"Os12g0604200"
8740,"Os10g0126000"
8741,"Os03g0216700"
8742,"Os10g0466000"
8743,"Os09g0441000"
8744,"Os06g0634700"
8745,"Os10g0176300"
8746,"Os01g0780400"
8747,"Os02g0725700"
8748,"Os02g0699800"
8749,"Os11g0599200"
8750,"Os01g0905300"
8751,"Os07g0240300"
8752,"Os08g0290400"
8753,"Os12g0277400"
8754,"Os03g0170400"
8755,"Os01g0878900"
8756,"Os09g0530700"
8757,"8757"
8758,"Os04g0641400"
8759,"Os06g0608800"
8760,"Os09g0253000"
8761,"osa-miR529"
8762,"Os12g0404100"
8763,"Os07g0165500"
8764,"Os03g0131600"
8765,"Os01g0580200"
8766,"Os01g0114500"
8767,"Os08g0208400"
8768,"osa-miR156f"
8769,"Os01g0543000"
8770,"Os07g0262800"
8771,"Os07g0613300"
8772,"Os11g0229600"
8773,"Os02g0754300"
8774,"Os10g0162600"
8775,"Os01g0287400"
8776,"Os09g0449600"
8777,"Os03g0822800"
8778,"Os04g0119300"
8779,"Os08g0137800"
8780,"Os07g0189800"
8781,"Os12g0287200"
8782,"osa-miR164f"
8783,"Os01g0178100"
8784,"Os04g0419900"
8785,"Os03g0730000"
8786,"Os02g0804400"
8787,"Os03g0162000"
8788,"Os04g0474300"
8789,"Os08g0239900"
8790,"Os02g0124000"
8791,"Os03g0162200"
8792,"Os12g0255200"
8793,"Os11g0175800"
8794,"Os04g0545600"
8795,"Os03g0205700"
8796,"Os02g0722300"
8797,"Os04g0367100"
8798,"Os03g0182700"
8799,"Os12g0270100"
8800,"osa-miR166e"
8801,"Os07g0120800"
8802,"Os12g0538500"
8803,"Os01g0271700"
8804,"Os03g0774900"
8805,"Os03g0749300"
8806,"Os10g0519400"
8807,"Os02g0746900"
8808,"Os09g0469900"
8809,"Os01g0852900"
8810,"osa-miR166i"
8811,"Os12g0580300"
8812,"Os05g0481500"
8813,"Os02g0781500"
8814,"Os02g0537700"
8815,"Os06g0199500"
8816,"Os05g0406000"
8817,"Os05g0455600"
8818,"Os04g0662900"
8819,"POsControl0024"
8820,"Os06g0693100"
8821,"Os02g0771100"
8822,"Os05g0390800"
8823,"Os02g0755900"
8824,"Os07g0549200"
8825,"Os03g0285800"
8826,"Os03g0766100"
8827,"Os08g0143600"
8828,"Os12g0624400"
8829,"Os03g0206300"
8830,"Os03g0104700"
8831,"osa-miR172d"
8832,"Os06g0643100"
8833,"Os01g0926800"
8834,"Os01g0908800"
8835,"Os01g0574500"
8836,"osa-miR156c"
8837,"osa-miR395q"
8838,"Os01g0978100"
8839,"Os09g0531200"
8840,"Os12g0574800"
8841,"Os10g0208800"
8842,"Os07g0568000"
8843,"Os02g0811200"
8844,"Os05g0569300"
8845,"Os12g0632000"
8846,"Os11g0222900"
8847,"Os05g0215700"
8848,"Os12g0258200"
8849,"Os06g0634800"
8850,"Os05g0190500"
8851,"Os02g0274100"
8852,"Os03g0756700"
8853,"Os07g0115200"
8854,"osa-miR169h"
8855,"Os08g0345100"
8856,"Os03g0126000"
8857,"Os03g0792600"
8858,"Os03g0223400"
8859,"Os08g0432000"
8860,"Os10g0531400"
8861,"Os04g0635200"
8862,"Os02g0666200"
8863,"POsControl0030"
8864,"Os09g0432900"
8865,"Os09g0425200"
8866,"Os06g0517700"
8867,"Os04g0553500"
8868,"Os12g0607800"
8869,"Os09g0337300"
8870,"Os08g0382800"
8871,"Os10g0522500"
8872,"Os03g0822000"
8873,"Os05g0126100"
8874,"Os03g0710000"
8875,"Os01g0924500"
8876,"Os01g0182100"
8877,"Os05g0220600"
8878,"Os07g0186200"
8879,"Os05g0460200"
8880,"Os02g0595100"
8881,"Os03g0802700"
8882,"Os02g0833900"
8883,"Os12g0140200"
8884,"Os10g0113900"
8885,"Os07g0136100"
8886,"Os10g0487400"
8887,"Os03g0316200"
8888,"8888"
8889,"Os01g0974600"
8890,"Os05g0485000"
8891,"Os01g0876400"
8892,"Os07g0218600"
8893,"Os03g0676100"
8894,"Os02g0784900"
8895,"Os06g0330100"
8896,"Os02g0617400"
8897,"Os09g0550000"
8898,"Os08g0300000"
8899,"Os02g0767200"
8900,"Os05g0295700"
8901,"Os06g0675200"
8902,"Os12g0503700"
8903,"Os03g0395900"
8904,"Os03g0295600"
8905,"Os08g0133000"
8906,"Os01g0534900"
8907,"Os01g0243200"
8908,"Os02g0686500"
8909,"Os11g0545600"
8910,"Os01g0824600"
8911,"Os08g0272000"
8912,"Os01g0273400"
8913,"Os05g0209600"
8914,"Os04g0465800"
8915,"Os06g0324200"
8916,"Os08g0135900"
8917,"Os01g0826000"
8918,"Os04g0155000"
8919,"Os04g0431700"
8920,"Os09g0532400"
8921,"Os03g0321000"
8922,"Os03g0676300"
8923,"Os02g0253700"
8924,"Os03g0641500"
8925,"Os03g0144200"
8926,"Os04g0387300"
8927,"Os08g0517700"
8928,"Os05g0295200"
8929,"Os09g0479000"
8930,"Os02g0666200"
8931,"Os04g0224100"
8932,"Os02g0510300"
8933,"Os04g0498900"
8934,"Os08g0560500"
8935,"Os03g0729200"
8936,"Os07g0619400"
8937,"Os05g0208500"
8938,"Os06g0334600"
8939,"Os03g0829100"
8940,"Os04g0183300"
8941,"osa-miR529"
8942,"Os04g0341800"
8943,"Os01g0202800"
8944,"Os12g0124200"
8945,"Os05g0452900"
8946,"Os07g0171100"
8947,"Os01g0752800"
8948,"Os01g0812600"
8949,"Os05g0530500"
8950,"Os06g0200800"
8951,"Os02g0829500"
8952,"Os08g0561800"
8953,"Os10g0568000"
8954,"Os08g0240600"
8955,"Os03g0314500"
8956,"Os01g0507000"
8957,"Os01g0734600"
8958,"Os03g0298400"
8959,"Os07g0552800"
8960,"Os02g0689700"
8961,"Os07g0598300"
8962,"Os02g0116100"
8963,"Os07g0573400"
8964,"Os11g0236000"
8965,"Os04g0166400"
8966,"Os07g0614000"
8967,"Os05g0100100"
8968,"Os10g0564600"
8969,"Os10g0554900"
8970,"Os05g0530500"
8971,"Os06g0268700"
8972,"Os11g0116300"
8973,"Os08g0459300"
8974,"Os10g0495200"
8975,"8975"
8976,"osa-miR159b"
8977,"8977"
8978,"Os03g0424500"
8979,"Os01g0514700"
8980,"Os06g0557100"
8981,"Os03g0108400"
8982,"Os03g0591300"
8983,"Os07g0644400"
8984,"Os09g0394500"
8985,"Os07g0605200"
8986,"Os03g0599800"
8987,"PZmControl0002"
8988,"Os02g0187200"
8989,"osa-miR319a"
8990,"Os07g0448100"
8991,"Os01g0880400"
8992,"Os06g0199500"
8993,"Os02g0506500"
8994,"Os01g0686800"
8995,"Os03g0266000"
8996,"Os04g0457300"
8997,"Os08g0314800"
8998,"Os02g0560600"
8999,"Os01g0128200"
9000,"Os09g0135800"
9001,"Os02g0130100"
9002,"Os06g0614300"
9003,"Os07g0414000"
9004,"Os06g0308800"
9005,"Os02g0644800"
9006,"Os04g0205100"
9007,"Os06g0700500"
9008,"Os10g0444300"
9009,"Os09g0360400"
9010,"Os09g0340400"
9011,"Os01g0197100"
9012,"Os01g0670200"
9013,"Os05g0217800"
9014,"Os07g0626300"
9015,"Os02g0251200"
9016,"Os01g0752400"
9017,"Os10g0559700"
9018,"Os07g0663700"
9019,"Os03g0827700"
9020,"Os05g0440300"
9021,"Os06g0643100"
9022,"Os10g0157000"
9023,"Os03g0161400"
9024,"Os03g0145600"
9025,"Os11g0191400"
9026,"Os02g0484200"
9027,"Os03g0663400"
9028,"Os09g0555300"
9029,"Os01g0235700"
9030,"Os02g0107000"
9031,"Os02g0809700"
9032,"Os10g0550900"
9033,"Os09g0524800"
9034,"Os06g0531900"
9035,"Os06g0497600"
9036,"Os05g0438100"
9037,"Os02g0564700"
9038,"Os09g0525600"
9039,"Os01g0262700"
9040,"Os07g0521400"
9041,"Os12g0617100"
9042,"Os07g0462000"
9043,"Os11g0480000"
9044,"Os03g0825300"
9045,"Os01g0879200"
9046,"Os03g0699400"
9047,"Os10g0406600"
9048,"Os01g0337600"
9049,"Os07g0568500"
9050,"Os02g0672600"
9051,"Os08g0436800"
9052,"Os03g0439800"
9053,"Os02g0830100"
9054,"Os12g0610500"
9055,"Os02g0321800"
9056,"Os01g0814600"
9057,"Os05g0158200"
9058,"Os03g0269900"
9059,"Os08g0242000"
9060,"Os05g0210100"
9061,"Os10g0554300"
9062,"Os11g0216300"
9063,"Os05g0132100"
9064,"Os03g0424500"
9065,"Os03g0151300"
9066,"Os01g0814700"
9067,"Os06g0127800"
9068,"Os05g0102900"
9069,"Os10g0318200"
9070,"Os06g0567800"
9071,"Os11g0501000"
9072,"Os04g0608800"
9073,"osa-miR399b"
9074,"Os07g0570100"
9075,"Os03g0625800"
9076,"Os08g0495500"
9077,"Os02g0625500"
9078,"Os03g0143800"
9079,"Os01g0159200"
9080,"Os01g0908300"
9081,"Os05g0575300"
9082,"POsControl0023"
9083,"Os02g0661900"
9084,"Os06g0112100"
9085,"Os02g0121300"
9086,"Os02g0319100"
9087,"Os06g0617800"
9088,"Os10g0346300"
9089,"Os05g0587100"
9090,"Os12g0156800"
9091,"Os08g0442900"
9092,"Os08g0518300"
9093,"Os08g0101700"
9094,"Os04g0687800"
9095,"Os01g0180000"
9096,"Os11g0452400"
9097,"Os05g0217800"
9098,"POsControl0037"
9099,"Os08g0289400"
9100,"Os05g0463600"
9101,"Os08g0527200"
9102,"Os08g0470700"
9103,"Os01g0530400"
9104,"Os11g0703600"
9105,"Os08g0525000"
9106,"Os11g0232500"
9107,"Os04g0499300"
9108,"Os02g0653200"
9109,"Os11g0213600"
9110,"Os02g0592400"
9112,"Os03g0301700"
9113,"Os07g0247000"
9114,"Os07g0404800"
9115,"Os02g0280200"
9116,"Os12g0534700"
9117,"Os02g0709600"
9118,"9118"
9119,"Os01g0616900"
9120,"Os08g0272200"
9121,"Os11g0701100"
9122,"Os09g0110400"
9123,"Os05g0407400"
9124,"Os06g0248300"
9125,"Os06g0176700"
9126,"Os03g0247300"
9127,"Os02g0729700"
9128,"Os08g0554300"
9129,"Os02g0164600"
9130,"Os03g0755000"
9131,"Os10g0473800"
9132,"Os12g0144500"
9133,"Os09g0549500"
9134,"Os01g0221900"
9135,"Os10g0338000"
9136,"Os05g0433100"
9137,"Os10g0109300"
9138,"Os12g0413400"
9139,"Os11g0282800"
9140,"Os12g0465600"
9141,"Os03g0416500"
9142,"Os03g0822000"
9143,"Os12g0176800"
9144,"Os04g0679400"
9145,"Os07g0522600"
9146,"Os02g0579600"
9147,"Os09g0498500"
9148,"Os08g0337100"
9149,"Os01g0936700"
9150,"Os01g0560000"
9151,"Os06g0693700"
9152,"Os06g0183700"
9153,"Os01g0751800"
9154,"Os02g0607000"
9155,"Os10g0190000"
9156,"Os12g0639400"
9157,"Os02g0155300"
9158,"Os08g0540100"
9159,"Os07g0168300"
9160,"Os07g0429600"
9161,"Os12g0533600"
9162,"Os01g0849600"
9163,"Os02g0331000"
9164,"Os05g0114400"
9165,"Os03g0689400"
9166,"Os11g0596200"
9167,"Os12g0232700"
9168,"Os01g0824800"
9169,"Os04g0365200"
9170,"9170"
9171,"Os03g0807200"
9172,"Os12g0630200"
9173,"Os09g0315600"
9174,"Os04g0676100"
9175,"Os07g0464600"
9176,"Os01g0657800"
9177,"Os11g0100100"
9178,"Os08g0428100"
9179,"Os06g0310200"
9180,"Os08g0422600"
9181,"Os01g0607800"
9182,"Os02g0721100"
9183,"Os07g0142000"
9184,"Os07g0614100"
9185,"Os11g0588300"
9186,"Os12g0123800"
9187,"Os08g0547100"
9188,"osa-miR399j"
9189,"Os12g0488600"
9190,"Os11g0209600"
9191,"Os01g0905800"
9192,"Os02g0321600"
9193,"Os05g0380400"
9194,"Os01g0706400"
9195,"Os12g0107500"
9196,"Os12g0152000"
9197,"Os05g0489800"
9198,"Os07g0277700"
9199,"Os01g0812000"
9200,"Os04g0578000"
9201,"Os07g0206600"
9202,"Os07g0688000"
9203,"Os02g0776600"
9204,"Os04g0682800"
9205,"Os09g0361400"
9206,"Os05g0302300"
9207,"Os01g0779300"
9208,"Os06g0101800"
9209,"Os09g0458800"
9210,"Os01g0268500"
9211,"Os05g0566900"
9212,"Os05g0421000"
9213,"Os05g0427100"
9214,"Os02g0612200"
9215,"Os02g0622500"
9216,"Os06g0138200"
9217,"9217"
9218,"Os02g0580300"
9219,"Os02g0561800"
9220,"Os01g0977100"
9221,"Os07g0682100"
9222,"Os03g0106000"
9223,"9223"
9224,"Os11g0518600"
9225,"Os03g0176500"
9226,"Os11g0630900"
9227,"Os07g0300900"
9228,"Os06g0673500"
9229,"Os10g0432400"
9230,"Os02g0448600"
9231,"Os10g0512400"
9232,"Os03g0231800"
9233,"Os08g0468700"
9234,"Os01g0586700"
9235,"Os11g0700900"
9236,"Os09g0480200"
9237,"Os05g0423400"
9238,"Os06g0222800"
9239,"Os08g0252200"
9240,"Os07g0160600"
9241,"Os11g0704000"
9242,"Os02g0264700"
9243,"Os08g0487000"
9244,"Os07g0521000"
9245,"Os02g0148400"
9246,"Os11g0456000"
9247,"Os01g0233100"
9248,"Os11g0438700"
9249,"Os02g0693200"
9250,"Os11g0429200"
9251,"Os01g0644600"
9252,"Os08g0424500"
9253,"Os03g0671800"
9254,"Os03g0297800"
9255,"Os04g0534000"
9256,"osa-miR166i"
9257,"Os01g0802900"
9258,"Os08g0198700"
9259,"Os12g0638600"
9260,"Os09g0568400"
9261,"Os10g0340100"
9262,"Os04g0488200"
9263,"Os03g0736700"
9264,"Os01g0723400"
9265,"Os09g0517100"
9266,"Os03g0862100"
9267,"Os05g0329200"
9268,"Os03g0816700"
9269,"Os06g0731400"
9270,"Os05g0447200"
9271,"Os11g0168700"
9272,"Os06g0192500"
9273,"Os01g0869000"
9274,"Os08g0449500"
9275,"Os06g0725200"
9276,"Os12g0580400"
9277,"Os02g0154600"
9278,"Os06g0653800"
9279,"Os01g0878800"
9280,"Os01g0662700"
9281,"Os03g0189300"
9282,"Os02g0319400"
9283,"Os01g0785400"
9284,"Os03g0115800"
9286,"Os10g0543800"
9287,"Os08g0250700"
9288,"Os08g0237000"
9289,"Os06g0581300"
9290,"Os03g0355900"
9291,"Os01g0800300"
9292,"Os01g0719200"
9293,"Os03g0746000"
9294,"Os11g0516100"
9295,"Os08g0119800"
9296,"Os03g0672300"
9297,"Os02g0747900"
9298,"Os01g0839400"
9299,"Os07g0578600"
9300,"osa-miR437"
9301,"Os04g0454600"
9302,"Os02g0115700"
9303,"Os02g0499300"
9304,"osa-miR171i"
9305,"Os08g0558600"
9306,"Os04g0450800"
9307,"Os03g0686900"
9308,"Os03g0717700"
9309,"Os01g0679200"
9310,"Os09g0429600"
9311,"Os04g0583500"
9312,"Os11g0512000"
9313,"Os05g0474400"
9314,"Os03g0732000"
9315,"Os02g0542600"
9316,"Os01g0695900"
9317,"Os08g0518100"
9318,"9318"
9319,"Os09g0453300"
9320,"Os11g0687800"
9321,"Os07g0677200"
9322,"Os09g0274800"
9323,"Os12g0539700"
9324,"Os01g0385400"
9325,"Os04g0481500"
9326,"Os02g0749800"
9327,"Os11g0249400"
9328,"Os01g0914800"
9329,"Os03g0137600"
9330,"Os03g0807000"
9331,"Os02g0583900"
9332,"Os03g0701800"
9333,"Os11g0527000"
9334,"Os03g0847900"
9335,"Os03g0394800"
9336,"Os07g0614100"
9337,"Os09g0379900"
9338,"Os01g0117300"
9339,"Os02g0799700"
9340,"Os03g0106500"
9341,"Os05g0360400"
9342,"Os11g0256000"
9343,"Os12g0299200"
9344,"Os03g0331900"
9345,"Os02g0464500"
9346,"Os11g0552100"
9347,"Os01g0380800"
9348,"Os01g0954000"
9349,"Os03g0348900"
9350,"Os01g0614900"
9351,"Os03g0713600"
9352,"Os02g0834000"
9353,"Os02g0275200"
9354,"Os03g0659900"
9355,"Os03g0120800"
9356,"Os01g0803600"
9357,"Os12g0257000"
9358,"Os06g0361500"
9359,"Os11g0308800"
9360,"Os02g0833000"
9361,"Os03g0680800"
9362,"Os05g0325400"
9363,"Os08g0503000"
9364,"Os08g0150700"
9365,"Os01g0752700"
9366,"Os07g0501900"
9367,"Os01g0193600"
9368,"POsControl0028"
9369,"Os02g0105000"
9370,"Os01g0305300"
9371,"osa-miR419"
9372,"Os01g0637100"
9373,"Os03g0799100"
9374,"Os07g0419200"
9375,"Os10g0183000"
9376,"Os06g0703900"
9377,"Os01g0872000"
9378,"Os12g0603700"
9379,"Os08g0486100"
9380,"Os02g0236000"
9381,"Os09g0509400"
9382,"Os11g0704700"
9383,"Os04g0683800"
9384,"Os02g0229400"
9385,"Os03g0815100"
9386,"Os03g0203300"
9387,"osa-miR439h"
9388,"Os06g0232000"
9389,"9389"
9390,"Os05g0519600"
9391,"Os01g0174100"
9392,"Os05g0316200"
9393,"Os06g0610000"
9394,"Os04g0384200"
9395,"Os11g0264900"
9396,"Os11g0255300"
9397,"Os12g0548300"
9398,"Os07g0507300"
9399,"Os11g0113200"
9400,"Os05g0303900"
9401,"Os06g0478600"
9402,"Os01g0964000"
9403,"Os05g0362500"
9404,"Os01g0935600"
9405,"Os03g0844500"
9406,"Os02g0752000"
9407,"Os02g0764700"
9408,"Os11g0148600"
9409,"Os12g0593000"
9410,"Os03g0319400"
9411,"Os10g0126700"
9412,"Os02g0693200"
9413,"Os05g0333200"
9414,"Os03g0142500"
9415,"POsControl0031"
9416,"osa-miR156f"
9417,"Os11g0206600"
9418,"osa-miR438"
9419,"Os12g0615400"
9420,"Os05g0494200"
9421,"Os03g0170500"
9422,"Os05g0134400"
9423,"Os01g0703000"
9424,"Os02g0145000"
9425,"Os07g0229900"
9426,"Os04g0387500"
9427,"Os03g0309800"
9428,"osa-miR172c"
9429,"Os04g0507700"
9430,"Os09g0539700"
9431,"Os05g0153500"
9432,"osa-miR160a"
9433,"Os01g0165300"
9434,"Os03g0151800"
9435,"Os01g0556600"
9436,"Os08g0165300"
9437,"Os09g0482300"
9438,"Os09g0346900"
9439,"Os12g0146400"
9440,"Os02g0789600"
9441,"Os11g0130900"
9442,"Os06g0277000"
9443,"Os03g0239200"
9444,"Os09g0115300"
9445,"Os03g0181600"
9446,"Os08g0132400"
9447,"Os01g0578000"
9448,"Os03g0226400"
9449,"Os07g0517400"
9450,"Os12g0625200"
9451,"Os10g0481200"
9452,"Os01g0733500"
9453,"Os02g0609400"
9454,"Os03g0734600"
9455,"Os10g0377800"
9456,"Os06g0181200"
9457,"Os01g0783200"
9458,"Os10g0133100"
9459,"Os05g0551500"
9460,"Os02g0439700"
9461,"Os03g0622300"
9462,"Os11g0645600"
9463,"Os05g0149900"
9464,"Os08g0161800"
9465,"Os12g0422200"
9466,"Os09g0396300"
9467,"Os07g0413700"
9468,"Os08g0532800"
9469,"Os06g0700700"
9470,"Os10g0114300"
9471,"Os10g0150000"
9472,"Os02g0767000"
9473,"Os03g0751800"
9474,"Os03g0324300"
9475,"Os08g0342400"
9476,"Os07g0516900"
9477,"Os11g0134500"
9478,"Os01g0896500"
9479,"Os07g0453000"
9480,"Os03g0371300"
9481,"Os08g0509100"
9482,"Os10g0533500"
9483,"Os09g0467200"
9484,"Os01g0839100"
9485,"Os06g0489500"
9486,"Os01g0170500"
9487,"Os08g0566600"
9488,"Os03g0183800"
9489,"Os01g0240700"
9490,"Os01g0583100"
9491,"Os01g0271000"
9492,"Os08g0412500"
9493,"Os05g0488000"
9494,"Os01g0666500"
9495,"Os03g0132200"
9496,"Os04g0559200"
9498,"Os10g0528300"
9499,"Os03g0142900"
9500,"Os03g0806500"
9501,"POsControl0020"
9502,"Os09g0382500"
9503,"Os03g0784900"
9504,"Os01g0581800"
9505,"Os02g0252100"
9506,"Os04g0604400"
9507,"Os06g0557400"
9508,"Os10g0474300"
9509,"Os12g0545900"
9510,"Os04g0568900"
9511,"Os06g0159600"
9512,"Os03g0370500"
9513,"Os10g0451700"
9514,"Os12g0260500"
9515,"Os05g0468400"
9516,"Os04g0101100"
9517,"9517"
9518,"Os08g0344100"
9519,"Os06g0163300"
9520,"Os01g0641200"
9521,"Os02g0791300"
9522,"Os08g0502000"
9523,"Os04g0658700"
9524,"Os11g0206100"
9525,"Os01g0279100"
9526,"Os03g0848500"
9527,"Os11g0660400"
9528,"9528"
9529,"Os12g0435100"
9530,"Os07g0125300"
9531,"Os11g0212300"
9532,"Os04g0620500"
9533,"Os04g0150400"
9534,"Os03g0349600"
9535,"Os09g0426000"
9536,"Os07g0194500"
9537,"Os10g0425500"
9538,"Os03g0854600"
9539,"Os02g0614600"
9540,"Os12g0477400"
9541,"Os04g0685800"
9542,"Os07g0296200"
9543,"Os04g0388700"
9544,"POsControl0030"
9545,"Os03g0188100"
9546,"Os04g0128700"
9547,"Os11g0217500"
9548,"Os08g0332700"
9549,"Os04g0434800"
9550,"Os03g0652100"
9551,"POsControl0040"
9552,"Os07g0188800"
9553,"Os07g0510400"
9554,"Os03g0858400"
9555,"Os10g0138100"
9556,"PAtControl0002"
9557,"Os03g0849900"
9558,"Os02g0700400"
9559,"Os03g0216600"
9560,"Os03g0650400"
9561,"Os07g0245100"
9562,"Os06g0308300"
9563,"Os03g0837300"
9564,"Os11g0168200"
9565,"Os08g0243600"
9566,"Os03g0827600"
9567,"Os04g0673800"
9568,"Os11g0424400"
9569,"Os07g0619700"
9570,"Os02g0168900"
9571,"Os02g0202800"
9572,"Os06g0156600"
9573,"Os02g0778600"
9574,"Os05g0520100"
9575,"Os01g0278100"
9576,"Os01g0609300"
9577,"Os02g0122800"
9578,"Os10g0155500"
9579,"Os07g0541600"
9580,"Os10g0140200"
9581,"Os05g0365200"
9582,"Os02g0571100"
9583,"Os03g0282900"
9584,"Os03g0169600"
9585,"Os01g0974000"
9586,"Os10g0330000"
9587,"Os04g0388600"
9588,"Os03g0185000"
9589,"Os08g0298700"
9590,"Os02g0567000"
9591,"Os03g0325000"
9592,"Os04g0161100"
9593,"osa-miR169f"
9594,"Os04g0467100"
9595,"Os10g0438500"
9596,"Os04g0194000"
9597,"Os05g0499300"
9598,"Os05g0519400"
9599,"POsControl0029"
9600,"Os02g0730700"
9601,"Os01g0951000"
9602,"Os01g0873700"
9603,"Os09g0429300"
9604,"Os07g0252300"
9605,"Os03g0110200"
9606,"Os03g0830200"
9607,"Os01g0634600"
9608,"Os12g0529900"
9609,"Os01g0837300"
9610,"Os03g0279900"
9611,"Os08g0244800"
9612,"Os07g0530600"
9613,"Os03g0343800"
9614,"Os09g0433000"
9615,"Os02g0197600"
9616,"Os05g0311600"
9617,"Os09g0363800"
9618,"Os03g0340300"
9619,"Os02g0592600"
9620,"Os03g0195200"
9621,"Os11g0682300"
9622,"Os04g0481100"
9623,"Os03g0141800"
9624,"Os07g0638300"
9625,"Os09g0518500"
9626,"Os07g0187700"
9627,"Os08g0478100"
9628,"Os07g0533000"
9629,"POsControl0001"
9630,"Os08g0504000"
9631,"Os07g0607700"
9632,"Os01g0923800"
9633,"Os04g0593500"
9634,"Os06g0701700"
9635,"Os08g0120200"
9636,"Os12g0125000"
9637,"Os05g0191500"
9638,"Os04g0607500"
9639,"Os10g0118200"
9640,"Os11g0708000"
9641,"Os01g0208600"
9642,"Os07g0510500"
9643,"Os01g0824500"
9644,"Os07g0125900"
9645,"Os06g0163000"
9646,"Os06g0281800"
9647,"Os09g0521100"
9648,"Os04g0157900"
9649,"Os02g0818000"
9650,"Os11g0110000"
9651,"Os12g0593700"
9652,"Os07g0194000"
9653,"Os06g0573600"
9654,"Os01g0390600"
9655,"Os03g0764300"
9656,"POsControl0026"
9657,"Os07g0452500"
9658,"Os03g0232000"
9659,"Os07g0603900"
9660,"Os07g0478600"
9661,"Os07g0158200"
9662,"Os02g0106500"
9663,"Os03g0214100"
9664,"Os02g0767200"
9665,"Os06g0602500"
9666,"Os03g0790900"
9667,"Os03g0269500"
9668,"Os07g0668700"
9669,"Os02g0713600"
9670,"Os05g0182100"
9671,"Os08g0102700"
9672,"Os06g0109000"
9673,"Os03g0437200"
9674,"Os07g0496700"
9675,"Os03g0169100"
9676,"Os01g0148000"
9677,"Os02g0274100"
9678,"Os07g0110300"
9679,"Os03g0146000"
9680,"Os03g0218400"
9681,"Os09g0572100"
9682,"Os12g0605500"
9683,"Os08g0536100"
9684,"Os08g0372900"
9685,"Os03g0835200"
9686,"Os06g0119100"
9687,"Os04g0468600"
9688,"Os05g0486100"
9689,"Os07g0214600"
9690,"Os09g0421000"
9691,"Os08g0102700"
9692,"Os04g0691600"
9693,"Os10g0477600"
9694,"Os01g0711400"
9695,"Os07g0540600"
9696,"Os07g0538200"
9697,"Os03g0573600"
9698,"Os10g0494000"
9699,"Os03g0425300"
9700,"Os02g0805700"
9701,"Os07g0172100"
9702,"Os06g0525200"
9703,"Os02g0480100"
9704,"9704"
9705,"Os09g0450300"
9706,"Os04g0252300"
9707,"Os04g0616900"
9708,"Os09g0484200"
9709,"Os05g0435400"
9710,"Os12g0636200"
9711,"Os08g0548000"
9712,"Os08g0246100"
9713,"Os02g0473200"
9714,"Os03g0169100"
9715,"Os02g0588500"
9716,"Os08g0437600"
9717,"Os11g0124300"
9718,"Os02g0631000"
9719,"Os06g0520600"
9720,"Os10g0510400"
9721,"Os04g0460600"
9722,"Os04g0317600"
9723,"Os02g0721700"
9724,"Os03g0120600"
9725,"Os03g0815800"
9726,"Os03g0730400"
9727,"Os11g0422100"
9728,"Os03g0760200"
9729,"Os06g0604200"
9730,"Os01g0174200"
9731,"Os06g0306300"
9732,"Os01g0667800"
9733,"Os07g0581700"
9734,"Os02g0749500"
9735,"Os05g0118000"
9736,"Os02g0570400"
9737,"Os09g0565200"
9738,"osa-miR445a"
9739,"Os02g0128600"
9740,"Os03g0294800"
9741,"Os05g0540100"
9742,"Os06g0190800"
9743,"Os03g0254000"
9744,"Os06g0597800"
9745,"Os04g0690100"
9746,"Os01g0801600"
9747,"Os04g0410600"
9748,"Os06g0142800"
9749,"Os04g0580700"
9750,"Os01g0974300"
9751,"Os01g0147200"
9752,"Os01g0231500"
9753,"Os08g0107400"
9754,"Os02g0119600"
9755,"Os06g0192600"
9756,"Os11g0444400"
9757,"Os02g0828900"
9758,"Os12g0207200"
9759,"Os04g0595200"
9760,"Os01g0522400"
9761,"Os07g0622200"
9762,"Os01g0308600"
9763,"Os02g0515300"
9764,"Os04g0397400"
9765,"osa-miR319b"
9766,"Os02g0308400"
9767,"Os06g0695800"
9768,"Os08g0187500"
9769,"Os05g0498400"
9770,"Os01g0931300"
9771,"Os07g0121800"
9772,"Os05g0586000"
9773,"Os06g0695200"
9774,"Os06g0712200"
9775,"Os11g0700900"
9776,"Os04g0475600"
9777,"Os07g0587200"
9778,"Os10g0518400"
9779,"Os02g0197400"
9780,"Os03g0802500"
9781,"Os01g0267400"
9782,"Os03g0439000"
9783,"Os08g0485700"
9784,"Os09g0421500"
9785,"Os08g0511900"
9786,"Os03g0267600"
9787,"PAtControl0002"
9788,"Os09g0103800"
9789,"Os05g0586000"
9790,"Os01g0290000"
9791,"Os01g0145200"
9792,"Os02g0633200"
9793,"Os10g0468800"
9794,"Os08g0156900"
9795,"Os05g0568200"
9796,"Os04g0681900"
9797,"Os01g0683400"
9798,"Os04g0249900"
9799,"Os05g0384300"
9800,"Os01g0588200"
9801,"Os12g0518400"
9802,"Os07g0594400"
9803,"Os07g0578600"
9804,"Os11g0215100"
9805,"Os09g0284600"
9806,"Os03g0405500"
9807,"Os02g0266200"
9808,"Os07g0187200"
9809,"Os03g0841700"
9810,"Os03g0688000"
9811,"Os01g0208800"
9812,"Os06g0298200"
9813,"Os07g0695400"
9814,"Os02g0795100"
9815,"Os04g0573900"
9816,"Os12g0569900"
9817,"Os06g0318900"
9818,"osa-miR167c"
9819,"Os03g0757400"
9820,"Os10g0580200"
9821,"Os01g0748300"
9822,"Os03g0638700"
9823,"Os04g0479200"
9824,"Os01g0183100"
9825,"Os03g0655600"
9826,"Os03g0289100"
9827,"Os07g0659700"
9828,"Os10g0489700"
9829,"PGmControl0001"
9830,"Os10g0524500"
9831,"Os02g0321900"
9832,"Os04g0468600"
9833,"Os11g0557000"
9834,"Os01g0863400"
9835,"Os02g0513000"
9836,"Os01g0686800"
9837,"Os04g0280600"
9838,"Os01g0376200"
9839,"Os01g0853600"
9840,"Os07g0418000"
9841,"Os03g0826800"
9842,"Os09g0416700"
9843,"Os01g0311800"
9844,"Os10g0518900"
9845,"Os02g0172300"
9846,"Os11g0182400"
9847,"Os11g0159900"
9848,"Os05g0549700"
9849,"Os12g0556300"
9850,"Os05g0401000"
9851,"Os06g0521500"
9852,"Os04g0198300"
9853,"Os04g0331900"
9854,"Os04g0128900"
9855,"Os01g0853000"
9856,"osa-miR169p"
9857,"osa-miR156a"
9858,"Os01g0590700"
9859,"Os01g0921500"
9860,"Os03g0561400"
9861,"Os10g0150400"
9862,"Os10g0136100"
9863,"Os07g0172900"
9864,"Os02g0755900"
9865,"Os09g0449700"
9866,"Os07g0420000"
9867,"Os01g0726700"
9868,"Os03g0745000"
9869,"Os08g0559900"
9870,"Os08g0184800"
9871,"Os06g0139000"
9872,"Os05g0347400"
9873,"Os01g0944500"
9874,"Os06g0116900"
9875,"Os01g0743600"
9876,"Os06g0547500"
9877,"Os01g0233000"
9878,"Os05g0536800"
9879,"Os02g0186400"
9880,"Os01g0106200"
9881,"Os08g0321600"
9882,"Os08g0556900"
9883,"Os03g0735800"
9884,"Os03g0314400"
9885,"Os12g0585200"
9886,"Os06g0600700"
9887,"Os08g0458600"
9888,"Os04g0677500"
9889,"Os01g0262600"
9890,"POsControl0046"
9891,"Os01g0589400"
9892,"Os05g0226800"
9893,"Os10g0478300"
9894,"Os05g0438800"
9895,"Os05g0105000"
9896,"Os01g0223200"
9897,"Os05g0574600"
9898,"Os02g0135700"
9899,"Os11g0694500"
9900,"Os02g0799300"
9901,"Os02g0274600"
9902,"Os12g0600100"
9903,"Os01g0871600"
9904,"Os06g0686900"
9905,"Os03g0122500"
9906,"Os03g0251000"
9907,"Os07g0445600"
9908,"Os02g0176900"
9909,"Os01g0939500"
9910,"Os01g0176000"
9911,"Os05g0497600"
9912,"Os02g0293400"
9913,"Os05g0531400"
9914,"Os01g0215700"
9915,"Os03g0298600"
9916,"Os05g0561900"
9917,"Os10g0465000"
9918,"Os05g0168500"
9919,"Os05g0135800"
9920,"Os02g0310200"
9921,"Os05g0133100"
9922,"Os06g0625800"
9923,"Os02g0504500"
9924,"Os01g0884400"
9925,"Os04g0555000"
9926,"Os05g0490800"
9927,"Os12g0618300"
9928,"Os03g0712400"
9929,"Os12g0239900"
9930,"Os05g0222100"
9931,"Os12g0568800"
9932,"Os07g0237100"
9933,"Os11g0176100"
9934,"Os04g0367700"
9935,"Os06g0570100"
9936,"Os04g0162600"
9937,"Os06g0665100"
9938,"Os06g0611900"
9939,"Os07g0123800"
9940,"Os05g0415600"
9941,"Os01g0762400"
9942,"Os08g0391300"
9943,"Os12g0516300"
9944,"Os01g0668700"
9945,"Os05g0115600"
9946,"Os01g0841700"
9947,"osa-miR395d"
9948,"Os01g0783100"
9949,"Os10g0100300"
9950,"Os06g0157800"
9951,"Os03g0225900"
9952,"Os01g0894000"
9953,"Os12g0190000"
9954,"Os03g0801900"
9955,"Os01g0960800"
9956,"Os01g0683500"
9957,"Os03g0386600"
9958,"Os04g0420500"
9959,"Os11g0115800"
9960,"Os02g0114200"
9961,"Os01g0238900"
9962,"Os11g0525800"
9963,"Os11g0251400"
9964,"Os04g0692200"
9965,"Os02g0245800"
9966,"Os03g0129500"
9967,"Os01g0593100"
9968,"Os11g0514800"
9969,"Os04g0512500"
9970,"9970"
9971,"Os06g0150100"
9972,"Os04g0237800"
9973,"osa-miR395n"
9974,"Os08g0369800"
9975,"Os12g0621100"
9976,"Os11g0546900"
9977,"Os11g0705800"
9978,"Os02g0725400"
9979,"POsControl0016"
9980,"Os12g0618400"
9981,"Os04g0517000"
9982,"Os09g0247500"
9983,"Os10g0162000"
9984,"Os08g0416100"
9985,"Os06g0713100"
9986,"Os02g0497600"
9987,"Os09g0345300"
9988,"Os02g0580300"
9989,"9989"
9990,"Os12g0221700"
9991,"Os03g0722000"
9992,"Os05g0405900"
9993,"Os02g0564100"
9994,"Os03g0181500"
9995,"Os06g0103300"
9996,"Os01g0235700"
9997,"osa-miR439d"
9998,"Os05g0345500"
9999,"Os05g0350500"
10000,"osa-miR156l"
10001,"Os06g0691000"
10002,"Os04g0502900"
10003,"Os05g0503000"
10004,"Os04g0269900"
10005,"Os12g0151500"
10006,"Os03g0610700"
10007,"Os12g0592900"
10008,"Os01g0851000"
10009,"Os06g0158600"
10010,"POsControl0039"
10011,"Os08g0152500"
10012,"Os05g0572000"
10013,"Os05g0427900"
10014,"Os10g0556100"
10015,"Os03g0698500"
10016,"Os03g0168700"
10017,"Os05g0221200"
10018,"Os10g0579600"
10019,"Os12g0533300"
10020,"Os07g0553400"
10021,"Os04g0383900"
10022,"Os06g0687100"
10023,"Os09g0531800"
10024,"Os03g0608600"
10025,"Os08g0301600"
10026,"Os01g0978100"
10027,"Os04g0592400"
10028,"Os01g0812100"
10029,"Os01g0222900"
10030,"Os07g0557700"
10031,"Os02g0198400"
10032,"Os02g0224300"
10033,"Os02g0654000"
10034,"Os04g0433800"
10035,"Os08g0407200"
10036,"10036"
10037,"Os03g0288300"
10038,"Os03g0856900"
10039,"POsControl0025"
10040,"Os02g0203700"
10041,"Os09g0560900"
10042,"Os05g0238200"
10043,"Os02g0194800"
10044,"Os03g0667100"
10045,"Os04g0498700"
10046,"Os05g0129700"
10047,"Os03g0716200"
10048,"Os04g0103300"
10049,"Os06g0612800"
10050,"Os11g0265000"
10051,"Os10g0139500"
10052,"Os01g0781200"
10053,"Os01g0661400"
10054,"Os02g0195500"
10055,"Os02g0581800"
10056,"Os08g0450200"
10057,"Os11g0659200"
10058,"Os01g0720500"
10059,"Os03g0424900"
10060,"Os05g0558000"
10061,"Os08g0112700"
10062,"Os03g0334100"
10063,"Os04g0369100"
10064,"Os02g0670900"
10065,"Os03g0317000"
10066,"Os02g0768100"
10067,"Os02g0792900"
10068,"Os11g0685200"
10069,"Os01g0549700"
10070,"Os02g0208900"
10071,"Os01g0361800"
10072,"Os07g0583600"
10073,"Os04g0483700"
10074,"Os07g0572500"
10075,"Os02g0296800"
10076,"Os11g0166800"
10077,"Os02g0134500"
10078,"Os07g0419800"
10079,"osa-miR530"
10080,"Os08g0207500"
10081,"Os06g0211200"
10082,"Os06g0264500"
10083,"10083"
10084,"Os03g0270900"
10085,"Os10g0142900"
10086,"Os05g0153000"
10087,"Os01g0659200"
10088,"Os04g0612400"
10089,"Os03g0235800"
10090,"Os05g0543000"
10091,"Os11g0615800"
10092,"Os11g0134800"
10093,"Os07g0122900"
10094,"Os08g0304900"
10095,"Os05g0592600"
10096,"Os03g0842700"
10097,"Os11g0661000"
10098,"Os01g0916700"
10099,"Os01g0904200"
10100,"Os07g0658400"
10101,"Os06g0260400"
10102,"Os01g0918200"
10103,"Os08g0103400"
10104,"Os04g0566700"
10105,"10105"
10106,"Os04g0481100"
10107,"Os08g0131200"
10108,"Os12g0632100"
10109,"Os12g0613300"
10110,"Os05g0127200"
10111,"Os11g0180800"
10112,"Os11g0176200"
10113,"Os04g0197200"
10114,"Os05g0459900"
10115,"Os10g0141400"
10116,"Os08g0189200"
10117,"Os03g0116400"
10118,"Os05g0416400"
10119,"Os02g0761600"
10120,"Os11g0444700"
10121,"Os11g0696000"
10122,"Os10g0363100"
10123,"Os12g0621900"
10124,"Os01g0787600"
10125,"Os03g0787100"
10126,"Os03g0712400"
10127,"10127"
10128,"Os10g0489500"
10129,"Os05g0580500"
10130,"Os10g0407400"
10131,"POsControl0033"
10132,"Os02g0580800"
10133,"Os03g0576700"
10134,"Os04g0604200"
10135,"Os08g0433500"
10136,"Os04g0648800"
10137,"Os03g0715600"
10138,"Os04g0462900"
10139,"Os02g0307200"
10140,"Os06g0584400"
10141,"Os04g0319600"
10142,"Os01g0239700"
10143,"Os06g0695500"
10144,"Os03g0320800"
10145,"Os05g0123400"
10146,"Os02g0692700"
10147,"Os06g0302000"
10148,"Os07g0269800"
10149,"Os12g0481400"
10150,"10150"
10151,"Os01g0166300"
10152,"Os07g0138100"
10153,"Os07g0561800"
10154,"Os07g0159800"
10155,"Os10g0118700"
10156,"Os10g0415600"
10157,"Os01g0159800"
10158,"Os08g0534900"
10159,"Os05g0489900"
10160,"Os08g0225800"
10161,"osa-miR395k"
10162,"Os06g0336200"
10163,"osa-miR416"
10164,"Os01g0886700"
10165,"Os11g0615100"
10166,"Os03g0838800"
10167,"Os04g0586600"
10168,"Os11g0514100"
10169,"Os05g0333200"
10170,"Os03g0256800"
10171,"Os10g0377000"
10172,"10172"
10173,"Os09g0534000"
10174,"Os07g0658200"
10175,"Os08g0254900"
10176,"Os05g0158600"
10177,"Os09g0501700"
10178,"Os01g0788100"
10179,"Os02g0202400"
10180,"Os11g0140800"
10181,"Os02g0269300"
10182,"Os03g0198300"
10183,"Os06g0683200"
10184,"Os12g0144200"
10185,"Os02g0680600"
10186,"Os07g0294300"
10187,"osa-miR172a"
10188,"Os10g0452100"
10189,"Os05g0514300"
10190,"Os04g0187900"
10191,"Os06g0611500"
10192,"Os05g0596600"
10193,"Os07g0670000"
10194,"Os09g0395900"
10195,"Os12g0567800"
10196,"Os06g0102600"
10197,"Os04g0379600"
10198,"Os02g0667500"
10199,"Os06g0219700"
10200,"Os07g0528100"
10201,"Os02g0700600"
10202,"osa-miR396b"
10203,"10203"
10204,"Os01g0766200"
10205,"Os02g0230000"
10206,"Os01g0323000"
10207,"Os02g0448800"
10208,"Os04g0110700"
10209,"Os02g0210600"
10210,"Os07g0556000"
10211,"Os01g0751300"
10212,"Os03g0825900"
10213,"Os12g0209900"
10214,"Os01g0811200"
10215,"Os10g0572900"
10216,"Os10g0436500"
10217,"Os09g0127800"
10218,"Os03g0345400"
10219,"Os03g0824400"
10220,"osa-miR169m"
10221,"Os12g0441600"
10222,"POsControl0046"
10223,"Os05g0114700"
10224,"10224"
10225,"Os12g0267700"
10226,"Os02g0245200"
10227,"Os06g0271600"
10228,"Os08g0291000"
10229,"Os04g0628200"
10230,"osa-miR166f"
10231,"Os01g0666800"
10232,"Os05g0207700"
10233,"Os08g0282400"
10234,"Os04g0631200"
10235,"Os11g0149400"
10236,"Os08g0532900"
10237,"Os01g0135100"
10238,"Os01g0604900"
10239,"Os01g0620800"
10240,"Os02g0717900"
10241,"Os01g0841800"
10242,"Os07g0638900"
10243,"Os03g0835200"
10244,"Os03g0713000"
10245,"Os08g0193600"
10246,"Os10g0145100"
10247,"Os01g0847200"
10248,"Os01g0838800"
10249,"Os01g0276000"
10250,"Os02g0663300"
10251,"Os10g0452300"
10252,"Os10g0390100"
10253,"Os05g0361900"
10254,"Os04g0498600"
10255,"Os07g0671400"
10256,"Os02g0621500"
10257,"Os02g0702600"
10258,"Os08g0430500"
10259,"Os02g0805300"
10260,"Os08g0379400"
10261,"Os03g0134300"
10262,"Os01g0884700"
10263,"Os03g0566500"
10264,"Os12g0236400"
10265,"Os01g0966000"
10266,"Os03g0644900"
10267,"Os02g0782800"
10268,"Os11g0455500"
10269,"Os12g0477600"
10270,"Os02g0224300"
10271,"Os03g0120500"
10272,"Os02g0146600"
10273,"Os09g0560800"
10274,"Os03g0323800"
10275,"osa-miR395m"
10276,"Os05g0349700"
10277,"Os07g0434700"
10278,"Os12g0576100"
10279,"Os11g0112400"
10280,"Os02g0535700"
10281,"Os12g0156400"
10282,"Os05g0468700"
10283,"Os05g0509200"
10284,"Os02g0116500"
10285,"Os04g0497900"
10286,"Os06g0547100"
10287,"Os01g0103700"
10288,"Os07g0281700"
10289,"Os02g0781400"
10290,"Os08g0440800"
10291,"Os06g0166100"
10292,"Os05g0369700"
10293,"Os12g0626300"
10294,"Os01g0178200"
10295,"Os11g0488100"
10296,"Os04g0132500"
10297,"Os06g0646000"
10298,"Os06g0158900"
10299,"Os07g0617500"
10300,"Os06g0134000"
10301,"Os03g0215400"
10302,"PGmControl0002"
10303,"Os04g0587400"
10304,"Os09g0119100"
10305,"Os04g0463400"
10306,"Os12g0133100"
10307,"Os08g0307500"
10308,"Os01g0521500"
10309,"Os03g0689100"
10310,"10310"
10311,"Os01g0664000"
10312,"Os01g0223500"
10313,"Os10g0181600"
10314,"10314"
10315,"Os02g0123100"
10316,"Os01g0952600"
10317,"Os01g0216000"
10318,"Os03g0421400"
10319,"Os02g0176000"
10320,"Os11g0148000"
10321,"10321"
10322,"Os01g0837800"
10323,"Os08g0296900"
10324,"Os08g0542100"
10325,"Os07g0188700"
10326,"Os06g0151600"
10327,"Os06g0566000"
10328,"Os07g0120600"
10329,"Os02g0170300"
10330,"Os12g0286600"
10331,"osa-miR440"
10332,"Os08g0492100"
10333,"Os01g0218500"
10334,"Os02g0275300"
10335,"Os02g0611300"
10336,"Os07g0587500"
10337,"Os02g0793700"
10338,"Os03g0297100"
10339,"Os01g0154900"
10340,"Os11g0637400"
10341,"Os08g0130500"
10342,"Os09g0251800"
10343,"Os09g0565800"
10344,"Os10g0105400"
10345,"Os10g0167300"
10346,"POsControl0045"
10347,"Os03g0603600"
10348,"Os07g0563700"
10349,"Os07g0101500"
10350,"Os01g0732700"
10351,"Os02g0184100"
10352,"Os02g0574900"
10353,"Os08g0442000"
10354,"osa-miR399e"
10355,"Os02g0641900"
10357,"Os02g0102400"
10358,"Os08g0299000"
10359,"Os07g0695300"
10360,"Os06g0215200"
10361,"Os03g0683500"
10362,"Os07g0143600"
10363,"Os02g0577900"
10364,"Os02g0616100"
10365,"Os02g0824700"
10366,"Os12g0600200"
10367,"Os03g0446300"
10368,"Os08g0152500"
10369,"Os05g0355400"
10370,"Os02g0176100"
10371,"Os05g0553000"
10372,"Os03g0343900"
10373,"Os04g0479700"
10374,"Os08g0273300"
10375,"Os01g0257400"
10376,"Os05g0548200"
10377,"Os02g0764500"
10378,"Os02g0818000"
10379,"Os12g0494200"
10380,"Os01g0627900"
10381,"Os07g0600400"
10382,"Os04g0618400"
10383,"Os05g0580900"
10384,"Os03g0316400"
10385,"Os02g0790500"
10386,"Os04g0518600"
10387,"Os03g0409100"
10388,"Os10g0370100"
10389,"Os05g0548800"
10390,"Os05g0555700"
10391,"Os03g0225100"
10392,"Os07g0168700"
10393,"Os08g0231400"
10394,"Os05g0384600"
10395,"Os10g0498700"
10396,"Os02g0661100"
10397,"Os01g0965400"
10398,"Os01g0778500"
10399,"Os11g0294300"
10400,"Os08g0406500"
10401,"Os01g0785300"
10402,"Os06g0600100"
10403,"Os12g0126500"
10404,"Os05g0593200"
10405,"Os06g0727200"
10406,"Os07g0674100"
10407,"Os04g0442800"
10408,"Os05g0327100"
10409,"Os02g0573300"
10410,"Os07g0683500"
10411,"Os02g0581600"
10412,"Os12g0147000"
10413,"Os01g0119100"
10414,"Os07g0531400"
10415,"Os02g0281800"
10416,"Os01g0925400"
10417,"Os12g0274200"
10418,"Os11g0218600"
10419,"Os08g0118900"
10420,"osa-miR395g"
10421,"Os01g0878000"
10422,"Os08g0530100"
10423,"Os02g0586500"
10424,"Os05g0199500"
10425,"Os02g0537900"
10426,"Os07g0446000"
10427,"Os01g0704300"
10428,"osa-miR393"
10429,"Os11g0129100"
10430,"10430"
10431,"Os04g0642100"
10432,"Os03g0366800"
10433,"Os09g0421800"
10434,"Os07g0624900"
10435,"Os09g0427800"
10436,"Os08g0395700"
10437,"Os04g0172400"
10438,"Os01g0612800"
10439,"Os02g0598400"
10440,"Os04g0664400"
10441,"Os02g0197600"
10442,"Os02g0477300"
10443,"Os01g0255100"
10444,"Os01g0755100"
10445,"Os06g0295500"
10446,"Os04g0376600"
10447,"Os03g0837100"
10448,"Os12g0270300"
10449,"Os03g0320900"
10450,"Os01g0296700"
10451,"Os02g0511400"
10452,"Os03g0256500"
10453,"Os09g0130800"
10454,"Os08g0128500"
10455,"Os03g0157400"
10456,"Os11g0298400"
10457,"Os06g0704000"
10458,"Os09g0516700"
10459,"Os06g0213400"
10460,"Os03g0777700"
10461,"Os09g0556800"
10462,"Os03g0266300"
10463,"Os07g0546100"
10464,"Os05g0424900"
10465,"Os01g0184900"
10466,"Os08g0357000"
10467,"Os01g0272800"
10468,"Os12g0422800"
10469,"Os03g0129100"
10470,"Os06g0571300"
10471,"Os02g0684100"
10472,"Os10g0471300"
10473,"Os04g0691200"
10474,"Os01g0609200"
10475,"Os05g0180700"
10476,"Os03g0147900"
10477,"Os04g0338000"
10478,"Os11g0529900"
10479,"Os08g0532500"
10480,"Os02g0591000"
10481,"Os01g0878100"
10482,"Os04g0416700"
10483,"Os08g0530800"
10484,"Os01g0729700"
10485,"Os01g0600300"
10486,"Os10g0498900"
10487,"Os10g0566700"
10488,"Os05g0577100"
10489,"Os02g0507400"
10490,"Os05g0529200"
10491,"Os01g0795300"
10492,"Os03g0388600"
10493,"Os02g0478600"
10494,"Os10g0468500"
10495,"Os01g0855200"
10496,"Os10g0498300"
10497,"Os01g0859600"
10498,"Os12g0256300"
10499,"Os06g0692100"
10500,"Os02g0194600"
10501,"Os03g0285300"
10502,"Os07g0691700"
10503,"Os03g0253800"
10504,"Os02g0690100"
10505,"Os03g0170200"
10506,"Os03g0853800"
10507,"Os03g0131200"
10508,"Os05g0135800"
10509,"osa-miR159e"
10510,"Os01g0360100"
10511,"Os02g0549600"
10512,"Os11g0130600"
10513,"osa-miR418"
10514,"Os06g0605300"
10515,"Os12g0428000"
10516,"Os02g0478600"
10517,"Os08g0104600"
10518,"Os04g0628900"
10519,"Os02g0736600"
10520,"Os09g0274000"
10521,"Os11g0543800"
10522,"Os02g0730900"
10523,"Os11g0127600"
10524,"Os02g0729700"
10525,"Os03g0109600"
10526,"Os05g0591900"
10527,"Os04g0445100"
10528,"10528"
10529,"Os08g0159000"
10530,"Os02g0643500"
10531,"Os02g0112600"
10532,"Os02g0679200"
10533,"Os02g0552000"
10534,"Os02g0797200"
10535,"Os09g0331900"
10536,"Os07g0163800"
10537,"Os06g0112200"
10538,"Os02g0625000"
10539,"Os02g0810100"
10540,"Os04g0475900"
10541,"Os12g0193100"
10542,"Os03g0233500"
10543,"Os03g0722100"
10544,"Os01g0926800"
10545,"Os05g0524400"
10546,"Os06g0127000"
10547,"Os11g0470500"
10548,"Os05g0508800"
10549,"Os03g0104400"
10550,"Os12g0500100"
10551,"Os12g0274700"
10552,"Os02g0572700"
10553,"Os01g0755500"
10554,"osa-miR171h"
10555,"Os01g0925700"
10556,"Os03g0293500"
10557,"Os02g0787100"
10558,"Os01g0658700"
10559,"Os06g0696600"
10560,"Os02g0470000"
10561,"Os03g0110300"
10562,"Os07g0567500"
10563,"Os12g0511300"
10564,"Os11g0303400"
10565,"Os11g0147600"
10566,"Os06g0251100"
10567,"Os04g0402100"
10568,"Os05g0583600"
10569,"Os04g0673700"
10570,"Os01g0301100"
10571,"Os02g0523300"
10572,"Os07g0626300"
10573,"Os01g0585600"
10574,"Os07g0125000"
10575,"Os01g0363500"
10576,"Os05g0286100"
10577,"Os09g0333600"
10578,"Os07g0687700"
10579,"Os01g0337700"
10580,"Os03g0818000"
10581,"Os07g0274400"
10582,"Os04g0237300"
10583,"Os05g0217800"
10584,"Os10g0160000"
10585,"osa-miR167e"
10586,"Os01g0802400"
10587,"10587"
10588,"Os08g0497600"
10589,"Os03g0852000"
10590,"Os01g0897200"
10591,"Os01g0276700"
10592,"Os06g0528600"
10593,"Os02g0461500"
10594,"Os05g0249500"
10595,"Os03g0810100"
10596,"Os01g0674800"
10597,"Os12g0177900"
10598,"Os11g0183200"
10599,"Os01g0761100"
10600,"Os01g0281200"
10601,"Os02g0772000"
10602,"Os06g0170600"
10603,"Os02g0152900"
10604,"Os01g0743300"
10605,"Os06g0326900"
10606,"Os02g0529400"
10607,"Os03g0335300"
10608,"Os03g0306800"
10609,"Os08g0169600"
10610,"Os05g0147500"
10611,"Os12g0197900"
10612,"Os03g0583900"
10613,"Os05g0583100"
10614,"Os06g0162800"
10615,"Os05g0112300"
10616,"Os02g0299300"
10617,"Os02g0732400"
10618,"Os06g0487500"
10619,"Os04g0480100"
10620,"Os03g0777100"
10621,"Os11g0160500"
10622,"Os07g0553300"
10623,"Os03g0305800"
10624,"Os12g0198700"
10625,"Os01g0164600"
10626,"osa-miR531"
10627,"Os01g0892800"
10628,"Os12g0631100"
10629,"osa-miR395s"
10630,"Os03g0111500"
10631,"Os04g0551800"
10632,"Os02g0523500"
10633,"Os08g0135800"
10634,"10634"
10635,"Os03g0838200"
10636,"Os01g0759700"
10637,"Os04g0449800"
10638,"Os07g0658100"
10639,"Os06g0691900"
10640,"Os06g0574200"
10641,"Os05g0342100"
10642,"Os06g0154500"
10643,"Os09g0482400"
10644,"Os08g0107500"
10645,"Os06g0608500"
10646,"Os01g0303800"
10647,"Os01g0750300"
10648,"Os12g0588300"
10649,"Os10g0425700"
10650,"Os01g0856000"
10651,"Os03g0845300"
10652,"Os02g0474000"
10653,"Os02g0114800"
10654,"Os01g0132100"
10655,"Os11g0533700"
10656,"Os11g0545000"
10657,"Os05g0567400"
10658,"Os01g0954500"
10659,"Os06g0192600"
10660,"10660"
10661,"Os04g0354100"
10662,"Os12g0577700"
10663,"Os03g0390600"
10664,"Os06g0215000"
10665,"Os05g0563400"
10666,"Os01g0947900"
10667,"Os06g0652600"
10668,"Os05g0565400"
10669,"Os10g0394500"
10670,"Os02g0759700"
10671,"Os03g0757900"
10672,"Os01g0106300"
10673,"Os06g0564400"
10674,"Os03g0350300"
10675,"osa-miR159f"
10676,"Os02g0303000"
10677,"Os02g0120600"
10678,"Os12g0613200"
10679,"Os01g0609300"
10680,"Os11g0528700"
10681,"Os11g0601500"
10682,"Os03g0669000"
10683,"Os01g0607900"
10684,"Os06g0620600"
10685,"Os02g0265700"
10686,"Os11g0609700"
10687,"Os02g0827900"
10688,"Os12g0543800"
10689,"Os03g0748700"
10690,"Os02g0218200"
10691,"Os04g0490300"
10692,"Os08g0542800"
10693,"Os04g0400000"
10694,"Os12g0556200"
10695,"Os04g0391500"
10696,"Os10g0366400"
10697,"Os01g0647200"
10698,"Os07g0214300"
10699,"Os01g0546100"
10700,"Os01g0249900"
10701,"10701"
10702,"Os09g0134500"
10703,"Os09g0408900"
10704,"Os02g0691800"
10705,"Os07g0558400"
10706,"Os01g0132000"
10707,"Os02g0613000"
10708,"Os01g0841100"
10709,"Os02g0265100"
10710,"Os06g0644100"
10711,"Os07g0650600"
10712,"Os12g0203900"
10713,"Os04g0330900"
10714,"Os03g0817100"
10715,"Os10g0160000"
10716,"Os07g0202100"
10717,"Os06g0583400"
10718,"Os01g0357900"
10719,"Os01g0569200"
10720,"Os02g0159700"
10721,"Os05g0499600"
10722,"Os07g0230800"
10723,"Os03g0790600"
10724,"Os11g0132000"
10725,"Os05g0486200"
10726,"Os01g0847200"
10727,"Os12g0149900"
10728,"Os09g0392400"
10729,"Os01g0857200"
10730,"Os08g0559600"
10731,"Os12g0566300"
10732,"Os12g0141100"
10733,"Os01g0840300"
10734,"Os07g0565200"
10735,"Os08g0178300"
10736,"Os05g0166300"
10737,"Os08g0346400"
10738,"Os11g0622000"
10739,"Os08g0153800"
10740,"Os11g0683800"
10741,"osa-miR169o"
10742,"Os02g0190000"
10743,"Os05g0389600"
10744,"Os01g0688000"
10745,"Os09g0261900"
10746,"Os04g0625800"
10747,"Os09g0407700"
10748,"Os06g0502800"
10749,"Os01g0235500"
10750,"Os01g0963600"
10751,"Os12g0631800"
10752,"Os04g0525000"
10753,"Os09g0533400"
10754,"Os01g0853800"
10755,"Os02g0139400"
10756,"Os07g0539900"
10757,"Os01g0938900"
10758,"osa-miR164e"
10759,"Os08g0163800"
10760,"Os09g0548700"
10761,"Os06g0127000"
10762,"Os05g0172100"
10763,"Os10g0400900"
10764,"Os06g0669200"
10765,"Os04g0415800"
10766,"Os11g0605500"
10767,"Os11g0185100"
10768,"Os06g0722400"
10769,"Os10g0446800"
10770,"Os10g0194300"
10771,"Os05g0307100"
10772,"Os05g0292800"
10773,"Os12g0265900"
10774,"osa-miR169m"
10775,"Os07g0148400"
10776,"Os01g0229200"
10777,"Os04g0509800"
10778,"Os01g0855600"
10779,"Os12g0120400"
10780,"Os05g0494200"
10781,"Os02g0238300"
10782,"Os02g0579300"
10783,"osa-miR167e"
10784,"Os01g0662200"
10785,"Os02g0818700"
10786,"Os09g0397700"
10787,"Os01g0182500"
10788,"Os02g0719000"
10789,"Os03g0371000"
10790,"Os06g0666800"
10791,"Os07g0616000"
10792,"Os03g0820300"
10793,"Os08g0508000"
10794,"Os07g0295000"
10795,"Os01g0168600"
10796,"Os06g0214800"
10797,"Os01g0680700"
10798,"Os04g0460900"
10799,"Os02g0720300"
10800,"Os03g0147700"
10801,"Os01g0963300"
10802,"Os01g0256400"
10803,"Os10g0147300"
10804,"osa-miR169p"
10805,"Os01g0236300"
10806,"Os08g0101200"
10807,"Os03g0396900"
10808,"Os02g0328300"
10809,"Os05g0564200"
10810,"Os04g0369000"
10811,"Os01g0186800"
10812,"Os12g0115900"
10813,"Os01g0341000"
10814,"Os03g0645300"
10815,"Os12g0572800"
10816,"Os06g0205000"
10817,"10817"
10818,"Os11g0606200"
10819,"Os06g0537300"
10820,"Os06g0228800"
10821,"Os03g0282800"
10822,"Os06g0568200"
10823,"Os09g0272200"
10824,"Os09g0537000"
10825,"Os03g0220300"
10826,"Os05g0196200"
10827,"Os12g0443700"
10828,"Os05g0356800"
10829,"Os01g0110400"
10830,"Os08g0460900"
10831,"Os12g0101800"
10832,"Os01g0661500"
10833,"Os02g0170900"
10834,"Os03g0167100"
10835,"Os02g0542500"
10836,"Os02g0202300"
10837,"Os12g0186600"
10838,"Os01g0775200"
10839,"Os02g0669900"
10840,"Os06g0708100"
10841,"Os05g0449200"
10842,"Os04g0542900"
10843,"Os11g0183700"
10844,"Os01g0928800"
10845,"Os01g0927600"
10846,"Os04g0672700"
10847,"Os12g0511400"
10848,"Os02g0766600"
10849,"Os08g0320400"
10850,"Os01g0679700"
10851,"Os01g0699600"
10852,"Os03g0355300"
10853,"Os04g0455600"
10854,"Os03g0736300"
10855,"Os05g0311900"
10856,"Os06g0701100"
10857,"Os04g0136600"
10858,"Os01g0760600"
10859,"Os08g0275200"
10860,"Os02g0767900"
10861,"Os10g0505500"
10862,"Os01g0210400"
10863,"Os05g0561800"
10864,"POsControl0023"
10865,"osa-miR395v"
10866,"Os04g0649700"
10867,"Os06g0242700"
10868,"Os04g0606400"
10869,"Os09g0407800"
10870,"Os10g0150600"
10871,"Os01g0678600"
10872,"Os03g0796000"
10873,"Os01g0549100"
10874,"Os07g0692500"
10875,"Os03g0339100"
10876,"Os10g0530900"
10877,"Os02g0133800"
10878,"Os10g0480200"
10879,"Os04g0221300"
10880,"Os09g0363600"
10881,"Os03g0367200"
10882,"Os03g0116800"
10883,"Os04g0659300"
10884,"Os02g0634700"
10885,"Os05g0528900"
10886,"Os04g0592700"
10887,"Os05g0378800"
10888,"PAtControl0002"
10889,"Os09g0570300"
10890,"Os01g0960400"
10891,"Os07g0580700"
10892,"Os09g0484300"
10893,"Os06g0555500"
10894,"Os08g0107300"
10895,"Os08g0557600"
10896,"Os05g0142200"
10897,"Os06g0215200"
10898,"Os01g0245600"
10899,"Os01g0844300"
10900,"Os05g0310500"
10901,"Os07g0297500"
10902,"Os03g0793700"
10903,"Os12g0550800"
10904,"Os01g0369000"
10905,"Os02g0215500"
10906,"Os02g0764500"
10907,"osa-miR156l"
10908,"Os02g0796600"
10909,"Os02g0237300"
10910,"Os01g0829300"
10911,"Os08g0173600"
10912,"Os01g0835000"
10913,"Os03g0581600"
10914,"Os03g0140500"
10915,"Os03g0610400"
10916,"Os03g0809100"
10917,"Os06g0209500"
10918,"Os09g0110200"
10919,"Os01g0649900"
10920,"Os07g0602900"
10921,"Os02g0667600"
10922,"Os05g0383000"
10923,"Os08g0490000"
10924,"Os03g0689900"
10925,"Os01g0129500"
10926,"Os03g0845700"
10927,"Os04g0614600"
10928,"Os02g0819500"
10929,"Os08g0473800"
10930,"Os05g0497700"
10931,"Os04g0290000"
10932,"Os03g0793500"
10933,"Os03g0790600"
10934,"PZmControl0003"
10935,"Os04g0340300"
10936,"Os10g0480200"
10937,"Os08g0159800"
10938,"Os08g0431100"
10939,"POsControl0027"
10940,"Os01g0357400"
10941,"Os09g0565500"
10942,"Os05g0320300"
10943,"Os09g0568900"
10944,"Os06g0176200"
10945,"Os03g0836000"
10946,"POsControl0017"
10947,"Os02g0458900"
10948,"Os05g0467300"
10949,"PZmControl0002"
10950,"Os07g0654700"
10951,"Os10g0108700"
10952,"Os06g0132600"
10953,"Os06g0473000"
10954,"Os06g0493800"
10955,"Os02g0574500"
10956,"Os04g0661600"
10957,"Os01g0835700"
10958,"Os04g0111900"
10959,"Os04g0659200"
10960,"Os07g0620300"
10961,"Os05g0207700"
10962,"Os06g0724100"
10963,"Os01g0143800"
10964,"Os12g0607100"
10965,"Os12g0179700"
10966,"Os03g0820100"
10967,"Os09g0485500"
10968,"Os01g0236400"
10969,"Os08g0136800"
10970,"Os08g0563400"
10971,"Os05g0297900"
10972,"Os07g0577500"
10973,"Os03g0326500"
10974,"Os10g0498000"
10975,"Os01g0761500"
10976,"Os01g0507500"
10977,"Os02g0550300"
10978,"Os12g0256400"
10979,"Os04g0459500"
10980,"Os06g0141200"
10981,"Os03g0760200"
10982,"Os06g0696400"
10983,"Os11g0208400"
10984,"Os03g0680500"
10985,"Os10g0394400"
10986,"Os09g0405300"
10987,"Os09g0133600"
10988,"Os07g0108900"
10989,"Os07g0643100"
10990,"Os05g0449900"
10991,"Os01g0745700"
10992,"Os03g0655300"
10993,"Os04g0137400"
10994,"Os03g0769100"
10995,"Os02g0656100"
10996,"Os01g0616600"
10997,"Os07g0190800"
10998,"Os06g0559900"
10999,"Os02g0315600"
11000,"Os11g0282700"
11001,"Os02g0639000"
11002,"Os06g0694500"
11003,"Os03g0718100"
11004,"Os02g0769100"
11005,"Os01g0558300"
11006,"Os01g0892600"
11007,"Os03g0109900"
11008,"Os07g0164200"
11009,"Os06g0170100"
11010,"Os02g0193900"
11011,"Os06g0288400"
11012,"Os04g0109500"
11013,"Os08g0558300"
11014,"Os05g0239100"
11015,"Os11g0148600"
11016,"Os01g0231000"
11017,"Os02g0625000"
11018,"11018"
11019,"Os11g0259700"
11020,"Os05g0593100"
11021,"Os03g0321300"
11022,"Os03g0719800"
11023,"Os02g0832500"
11024,"Os10g0447900"
11025,"Os12g0514600"
11026,"Os03g0128700"
11027,"Os07g0291800"
11028,"Os03g0576600"
11029,"Os03g0810800"
11030,"Os05g0214800"
11031,"Os02g0124800"
11032,"Os12g0244100"
11033,"Os06g0125700"
11034,"Os04g0445000"
11035,"Os08g0510500"
11036,"Os01g0185900"
11037,"Os11g0442400"
11038,"Os09g0265800"
11039,"Os07g0555400"
11040,"Os12g0491800"
11041,"Os03g0743400"
11042,"Os09g0334800"
11043,"Os07g0655600"
11044,"Os04g0643700"
11045,"Os12g0204800"
11046,"Os12g0109900"
11047,"Os02g0465600"
11048,"Os10g0466000"
11049,"Os05g0336600"
11050,"Os08g0192900"
11051,"Os01g0668000"
11052,"Os06g0670500"
11053,"Os02g0506600"
11054,"Os01g0743300"
11055,"Os06g0726400"
11056,"osa-miR164b"
11057,"Os01g0869900"
11058,"Os08g0269800"
11059,"Os04g0537700"
11060,"Os11g0575900"
11061,"Os06g0488200"
11062,"Os03g0637600"
11063,"Os08g0175700"
11064,"Os12g0639600"
11065,"Os01g0665300"
11066,"Os03g0737000"
11067,"Os08g0189300"
11068,"Os03g0298400"
11069,"Os07g0582700"
11070,"Os06g0129800"
11071,"Os08g0466200"
11072,"Os01g0101800"
11073,"Os09g0517100"
11074,"Os04g0164200"
11075,"Os09g0262200"
11076,"Os01g0750400"
11077,"Os09g0323000"
11078,"Os03g0681800"
11079,"Os05g0437700"
11080,"POsControl0008"
11081,"Os04g0685900"
11082,"Os08g0109500"
11083,"Os04g0429900"
11084,"Os03g0752000"
11085,"Os09g0474800"
11086,"Os01g0968800"
11087,"Os04g0530100"
11088,"Os02g0175700"
11089,"Os12g0541900"
11090,"Os05g0490200"
11091,"Os12g0524700"
11092,"Os09g0466300"
11093,"Os01g0113400"
11094,"Os01g0793300"
11095,"Os02g0635000"
11096,"Os08g0539700"
11097,"Os02g0616100"
11098,"Os07g0545800"
11099,"Os10g0155400"
11100,"Os06g0584200"
11101,"Os07g0492400"
11102,"Os02g0611500"
11103,"Os01g0778600"
11104,"Os11g0447300"
11105,"Os05g0468200"
11106,"Os02g0593700"
11107,"Os02g0817900"
11108,"Os07g0132800"
11109,"Os08g0509000"
11110,"Os07g0535900"
11111,"Os03g0701800"
11112,"Os04g0337500"
11113,"Os05g0317200"
11114,"Os05g0132500"
11115,"Os03g0577300"
11116,"Os02g0107300"
11117,"Os01g0119500"
11118,"Os09g0376300"
11119,"Os03g0178000"
11120,"Os01g0915300"
11121,"Os06g0638400"
11122,"Os10g0373400"
11123,"Os03g0242300"
11124,"Os03g0151600"
11125,"Os03g0113500"
11126,"Os08g0199300"
11127,"Os03g0100500"
11128,"Os05g0491100"
11129,"Os12g0573300"
11130,"Os02g0711300"
11131,"Os05g0486100"
11132,"Os02g0223300"
11133,"Os07g0567400"
11134,"Os06g0237100"
11135,"Os01g0798100"
11136,"Os08g0453200"
11137,"Os08g0482700"
11138,"Os07g0521100"
11139,"Os03g0790500"
11140,"Os04g0175900"
11141,"POsControl0010"
11142,"Os08g0529800"
11143,"Os02g0589700"
11144,"Os02g0562300"
11145,"Os04g0667800"
11146,"Os03g0794300"
11147,"Os04g0465700"
11148,"osa-miR159a"
11149,"Os03g0130700"
11150,"Os02g0557600"
11151,"Os07g0673700"
11152,"Os10g0160000"
11153,"Os02g0319300"
11154,"Os06g0539600"
11155,"Os07g0691600"
11156,"Os02g0139200"
11157,"Os06g0643900"
11158,"Os07g0506600"
11159,"Os02g0658800"
11160,"Os01g0673600"
11161,"Os08g0167000"
11162,"Os06g0111700"
11163,"Os01g0860500"
11164,"Os03g0132300"
11165,"Os12g0502500"
11166,"Os02g0734300"
11167,"Os07g0106700"
11168,"Os01g0107000"
11169,"Os07g0227600"
11170,"Os02g0281200"
11171,"Os06g0300700"
11172,"Os04g0691000"
11173,"Os10g0394700"
11174,"Os07g0672500"
11175,"Os12g0578200"
11176,"Os11g0208600"
11177,"Os05g0313600"
11178,"Os05g0408900"
11179,"Os04g0379400"
11180,"Os03g0278400"
11181,"Os02g0787800"
11182,"Os07g0139400"
11183,"Os02g0784100"
11184,"11184"
11185,"Os08g0408500"
11186,"Os06g0267400"
11187,"Os12g0210300"
11188,"Os06g0329300"
11189,"Os02g0555100"
11190,"Os08g0115800"
11191,"Os06g0635500"
11192,"PZmControl0001"
11193,"Os06g0701800"
11194,"Os10g0545700"
11195,"Os01g0626100"
11196,"Os12g0610800"
11197,"Os01g0196400"
11198,"Os01g0224400"
11199,"Os10g0392600"
11200,"Os11g0266500"
11201,"Os04g0448800"
11202,"Os09g0248100"
11203,"Os09g0425400"
11204,"Os02g0188900"
11205,"Os06g0717600"
11206,"Os06g0191700"
11207,"Os12g0206800"
11208,"Os03g0793700"
11209,"Os09g0375900"
11210,"Os06g0696400"
11211,"Os10g0460600"
11212,"Os01g0314100"
11213,"Os01g0310800"
11214,"Os01g0802700"
11215,"Os04g0530500"
11216,"Os04g0476500"
11217,"Os09g0462100"
11218,"Os10g0523900"
11219,"Os02g0705300"
11220,"Os05g0401200"
11221,"Os08g0448900"
11222,"Os11g0575600"
11223,"Os01g0647100"
11224,"Os06g0292600"
11225,"Os04g0170500"
11226,"Os07g0239200"
11227,"Os01g0705000"
11228,"Os03g0150800"
11229,"Os11g0550300"
11230,"Os06g0167100"
11231,"Os10g0484400"
11232,"Os02g0282100"
11233,"Os09g0329700"
11234,"Os02g0543400"
11235,"Os12g0445100"
11236,"Os01g0510800"
11237,"Os02g0826100"
11238,"Os09g0320100"
11239,"Os06g0634000"
11240,"Os11g0637000"
11241,"Os01g0660800"
11242,"Os12g0585300"
11243,"Os08g0480800"
11244,"Os01g0976300"
11245,"Os03g0285800"
11246,"Os12g0464300"
11247,"Os12g0618300"
11248,"Os02g0685900"
11249,"Os02g0126500"
11250,"Os05g0405000"
11251,"Os02g0767100"
11252,"Os01g0507900"
11253,"Os01g0581300"
11254,"Os01g0608000"
11255,"Os08g0112000"
11256,"Os08g0150000"
11257,"Os01g0710700"
11258,"Os02g0676400"
11259,"Os09g0566400"
11260,"Os10g0137300"
11261,"Os01g0275600"
11262,"Os01g0355500"
11263,"Os03g0562400"
11264,"Os12g0257000"
11265,"Os01g0513100"
11266,"Os04g0136500"
11267,"Os09g0516200"
11268,"Os12g0479400"
11269,"11269"
11270,"Os07g0663500"
11271,"Os08g0237200"
11272,"osa-miR166m"
11273,"Os05g0567100"
11274,"Os10g0577400"
11275,"Os09g0375600"
11276,"Os04g0355300"
11277,"Os03g0850300"
11278,"Os11g0101200"
11279,"Os04g0662900"
11280,"Os12g0130200"
11281,"Os01g0131600"
11282,"Os09g0572800"
11283,"Os05g0440100"
11284,"Os04g0524700"
11285,"Os08g0248100"
11286,"Os12g0478200"
11287,"Os03g0842700"
11288,"Os05g0437700"
11289,"Os06g0222100"
11290,"Os06g0561200"
11291,"Os07g0682500"
11292,"Os02g0147800"
11293,"Os06g0215100"
11294,"Os02g0162000"
11295,"Os05g0150000"
11296,"Os09g0469900"
11297,"11297"
11298,"Os12g0498400"
11299,"Os02g0709600"
11300,"Os04g0404000"
11301,"Os04g0670200"
11302,"osa-miR169g"
11303,"Os10g0316400"
11304,"Os01g0580100"
11305,"Os01g0886500"
11306,"Os01g0928100"
11307,"Os02g0302400"
11308,"Os04g0235200"
11309,"Os05g0217800"
11310,"Os03g0742900"
11311,"Os02g0774600"
11312,"Os03g0780400"
11313,"Os02g0668000"
11314,"Os07g0568500"
11315,"Os04g0685400"
11316,"Os03g0287100"
11317,"Os01g0750600"
11318,"Os03g0130400"
11319,"Os11g0120300"
11320,"Os09g0293500"
11321,"Os02g0184000"
11322,"Os03g0355400"
11323,"Os02g0768700"
11324,"Os09g0364900"
11325,"Os04g0597900"
11326,"Os01g0371200"
11327,"Os09g0373200"
11328,"Os02g0519900"
11329,"Os12g0126200"
11330,"Os11g0580000"
11331,"Os06g0269300"
11332,"Os08g0112600"
11333,"Os01g0332100"
11334,"Os01g0642100"
11335,"Os03g0116500"
11336,"Os06g0285200"
11337,"Os01g0203800"
11338,"Os06g0106800"
11339,"Os01g0809300"
11340,"Os06g0116200"
11341,"Os04g0626400"
11342,"Os03g0652000"
11343,"Os12g0104200"
11344,"Os02g0799800"
11345,"Os03g0779500"
11346,"Os01g0595300"
11347,"Os09g0115400"
11348,"Os04g0310700"
11349,"Os01g0706700"
11350,"Os06g0185300"
11351,"Os10g0515600"
11352,"Os02g0219200"
11353,"Os05g0203400"
11354,"Os01g0293900"
11355,"PTaControl0002"
11356,"Os02g0196000"
11357,"Os08g0465800"
11358,"Os09g0458600"
11359,"Os09g0130800"
11360,"Os07g0573800"
11361,"Os01g0859200"
11362,"Os01g0872700"
11363,"Os08g0560900"
11364,"Os03g0132000"
11365,"Os04g0636300"
11366,"Os04g0183100"
11367,"Os07g0419100"
11368,"Os11g0136400"
11369,"Os05g0121000"
11370,"Os04g0669900"
11371,"Os04g0559200"
11372,"Os07g0637300"
11373,"Os05g0294900"
11374,"Os07g0480800"
11375,"Os08g0299200"
11376,"Os06g0137700"
11377,"Os04g0423400"
11378,"11378"
11379,"Os05g0481500"
11380,"Os08g0504700"
11381,"Os08g0372100"
11382,"Os03g0701300"
11383,"Os01g0228700"
11384,"Os12g0149300"
11385,"Os09g0460000"
11386,"Os03g0203000"
11387,"Os02g0530100"
11388,"Os01g0507300"
11389,"POsControl0037"
11390,"Os01g0209800"
11391,"Os03g0206600"
11392,"Os11g0236200"
11393,"Os12g0148600"
11394,"Os02g0813500"
11395,"Os02g0770000"
11396,"Os09g0434500"
11397,"Os07g0603800"
11398,"Os03g0161000"
11399,"Os04g0344800"
11400,"Os02g0797400"
11401,"Os05g0344200"
11402,"Os05g0305100"
11403,"Os06g0472400"
11404,"Os12g0240800"
11405,"Os02g0740900"
11406,"Os01g0327400"
11407,"Os08g0565200"
11408,"Os01g0647000"
11409,"Os05g0474600"
11410,"11410"
11411,"Os10g0541200"
11412,"Os02g0279600"
11413,"Os01g0759000"
11414,"osa-miR156h"
11415,"osa-miR445d"
11416,"Os02g0463700"
11417,"Os08g0510700"
11418,"osa-miR395f"
11419,"Os11g0539200"
11420,"Os04g0619800"
11421,"Os07g0504700"
11422,"Os05g0245300"
11423,"Os12g0297500"
11424,"Os07g0684800"
11425,"Os03g0581200"
11426,"Os02g0711400"
11427,"osa-miR156e"
11428,"Os08g0220600"
11429,"Os01g0259600"
11430,"Os03g0572900"
11431,"Os03g0259300"
11432,"Os02g0709200"
11433,"Os03g0810900"
11434,"Os03g0429000"
11435,"Os09g0363200"
11436,"Os08g0345700"
11437,"Os11g0605100"
11438,"Os11g0131900"
11439,"Os09g0509200"
11440,"Os12g0641000"
11441,"Os05g0127500"
11442,"Os09g0363100"
11443,"Os03g0410300"
11444,"Os06g0107700"
11445,"Os08g0478800"
11446,"Os06g0292400"
11447,"Os01g0265400"
11448,"Os12g0467700"
11449,"Os07g0194800"
11450,"Os03g0441400"
11451,"Os01g0227700"
11452,"Os02g0110200"
11453,"Os12g0116200"
11454,"Os05g0533700"
11455,"Os09g0323100"
11456,"Os04g0395400"
11457,"Os10g0542400"
11458,"Os07g0285700"
11459,"Os10g0392900"
11460,"Os03g0598800"
11461,"Os01g0823100"
11462,"Os01g0941800"
11463,"Os04g0584500"
11464,"Os12g0110000"
11465,"Os04g0457400"
11466,"Os03g0335500"
11467,"Os01g0158600"
11468,"Os01g0958900"
11469,"Os01g0134900"
11470,"Os08g0480400"
11471,"Os11g0610600"
11472,"Os02g0633000"
11473,"Os07g0641600"
11474,"POsControl0019"
11475,"Os10g0423900"
11476,"Os05g0182100"
11477,"Os04g0590300"
11478,"Os02g0126900"
11479,"Os03g0110300"
11480,"Os07g0136800"
11481,"Os02g0601300"
11482,"Os07g0220600"
11483,"Os02g0103100"
11484,"Os11g0420200"
11485,"Os09g0413500"
11486,"Os01g0332100"
11487,"Os02g0539200"
11488,"11488"
11489,"Os12g0506100"
11490,"Os08g0414300"
11491,"Os07g0413800"
11492,"Os03g0829100"
11493,"Os01g0921600"
11494,"Os02g0828900"
11495,"Os03g0818300"
11496,"Os07g0264900"
11497,"Os06g0284500"
11498,"Os07g0485100"
11499,"Os01g0956200"
11500,"Os06g0145000"
11501,"Os07g0627700"
11502,"Os03g0200500"
11503,"Os11g0677500"
11504,"Os01g0511800"
11505,"Os10g0154500"
11506,"osa-miR156c"
11507,"Os09g0487700"
11508,"Os09g0464100"
11509,"Os04g0573200"
11510,"Os01g0763000"
11511,"Os03g0389100"
11512,"Os04g0373000"
11513,"Os08g0366000"
11514,"Os03g0296600"
11515,"Os06g0308300"
11516,"Os08g0519800"
11517,"Os03g0131200"
11518,"Os05g0465400"
11519,"Os04g0184600"
11520,"Os11g0616900"
11521,"Os03g0255400"
11522,"Os06g0499500"
11523,"Os02g0332700"
11524,"Os10g0528200"
11525,"Os08g0485800"
11526,"osa-miR417"
11527,"Os08g0540400"
11528,"Os11g0181500"
11529,"Os02g0174000"
11530,"Os07g0204400"
11531,"Os08g0105800"
11532,"Os01g0137000"
11533,"Os10g0521900"
11534,"Os02g0518000"
11535,"Os12g0243100"
11536,"Os03g0800800"
11537,"Os11g0194900"
11538,"Os02g0797100"
11539,"Os05g0296800"
11540,"Os03g0171600"
11541,"Os08g0143400"
11542,"Os02g0616100"
11543,"Os06g0618000"
11544,"Os04g0396800"
11545,"Os01g0753400"
11546,"Os08g0484600"
11547,"Os02g0261800"
11548,"Os04g0637000"
11549,"11549"
11550,"Os03g0389000"
11551,"Os03g0611200"
11552,"Os02g0566000"
11553,"Os08g0540100"
11554,"Os07g0640200"
11555,"Os03g0146100"
11556,"Os10g0492000"
11557,"Os02g0146700"
11558,"Os05g0106200"
11559,"Os11g0572800"
11560,"Os03g0251000"
11561,"Os06g0252300"
11562,"Os05g0376800"
11563,"osa-miR438"
11564,"Os01g0798800"
11565,"Os03g0441400"
11566,"Os01g0673500"
11567,"Os06g0194900"
11568,"Os04g0526600"
11569,"Os07g0103100"
11570,"Os03g0399000"
11571,"Os06g0648200"
11572,"Os02g0831800"
11573,"Os02g0732200"
11574,"Os05g0217800"
11575,"Os03g0608700"
11576,"11576"
11577,"Os07g0668300"
11578,"Os03g0113900"
11579,"Os12g0117800"
11580,"Os03g0856200"
11581,"Os06g0119800"
11582,"Os06g0704600"
11583,"Os03g0852400"
11584,"Os08g0278900"
11585,"Os03g0143200"
11586,"Os02g0433200"
11587,"PZmControl0001"
11588,"Os10g0170200"
11589,"Os03g0685000"
11590,"Os03g0576900"
11591,"Os08g0285500"
11592,"Os11g0167500"
11593,"Os01g0961500"
11594,"POsControl0012"
11595,"POsControl0005"
11596,"Os02g0757100"
11597,"Os11g0133800"
11598,"Os11g0169700"
11599,"Os03g0275900"
11600,"Os12g0233800"
11601,"Os09g0442600"
11602,"Os02g0652300"
11603,"Os06g0203500"
11604,"Os04g0444300"
11605,"Os05g0323900"
11606,"Os11g0514500"
11607,"Os01g0186000"
11608,"Os01g0348900"
11609,"Os05g0299200"
11610,"Os01g0163000"
11611,"Os03g0752100"
11612,"Os03g0598900"
11613,"Os06g0318700"
11614,"Os12g0156600"
11615,"Os10g0444700"
11616,"Os04g0527000"
11617,"Os05g0106500"
11618,"Os08g0507100"
11619,"Os09g0450300"
11620,"Os07g0194000"
11621,"Os02g0208000"
11622,"Os09g0132200"
11623,"Os04g0504000"
11624,"Os04g0581100"
11625,"osa-miR531"
11626,"Os04g0407900"
11627,"Os01g0113600"
11628,"Os03g0255100"
11629,"Os03g0386800"
11630,"Os06g0571100"
11631,"Os05g0217000"
11632,"Os07g0485500"
11633,"Os09g0461400"
11634,"Os04g0437300"
11635,"Os08g0532300"
11636,"Os01g0220700"
11637,"Os06g0297500"
11638,"Os11g0239500"
11639,"Os03g0775400"
11640,"Os04g0593600"
11641,"Os09g0319800"
11642,"Os03g0355800"
11643,"Os12g0189300"
11644,"Os02g0661100"
11645,"Os10g0150400"
11646,"Os08g0102000"
11647,"Os01g0780500"
11648,"Os12g0616600"
11649,"Os04g0667900"
11650,"Os04g0495500"
11651,"POsControl0021"
11652,"Os08g0193500"
11653,"Os11g0134100"
11654,"Os07g0686400"
11655,"Os11g0417800"
11656,"Os02g0798700"
11657,"Os05g0274300"
11658,"Os06g0472000"
11659,"Os02g0610700"
11660,"Os03g0749400"
11661,"Os11g0207000"
11662,"Os04g0570800"
11663,"Os01g0518800"
11664,"Os01g0797700"
11665,"Os08g0528800"
11666,"Os11g0689300"
11667,"Os08g0535800"
11668,"Os06g0178900"
11669,"Os09g0115900"
11670,"Os06g0139700"
11671,"Os01g0777000"
11672,"Os10g0118900"
11673,"Os03g0268200"
11674,"Os05g0456500"
11675,"Os12g0566300"
11676,"Os07g0638300"
11677,"Os03g0847500"
11678,"Os01g0743400"
11679,"Os03g0756200"
11680,"Os06g0134400"
11681,"Os02g0616600"
11682,"Os01g0383100"
11683,"osa-miR395n"
11684,"Os04g0485200"
11685,"Os06g0715100"
11686,"Os11g0112200"
11687,"Os02g0831500"
11688,"Os04g0402700"
11689,"Os01g0531300"
11690,"Os01g0951200"
11691,"Os02g0744000"
11692,"Os02g0717100"
11693,"Os01g0230800"
11694,"Os07g0570200"
11695,"Os05g0490000"
11696,"Os10g0418000"
11697,"Os07g0558000"
11698,"Os02g0260200"
11699,"Os06g0721800"
11700,"Os02g0113900"
11701,"Os07g0685000"
11702,"Os10g0450900"
11703,"Os03g0387100"
11704,"11704"
11705,"Os01g0814900"
11706,"Os04g0682600"
11707,"Os03g0137500"
11708,"Os05g0589400"
11709,"Os09g0498700"
11710,"Os04g0518200"
11711,"Os01g0182200"
11712,"Os03g0149200"
11713,"Os06g0690600"
11714,"11714"
11715,"Os12g0207000"
11716,"Os03g0754400"
11717,"Os05g0589500"
11718,"Os06g0514800"
11719,"Os02g0820900"
11720,"Os12g0636200"
11721,"Os01g0622600"
11722,"Os09g0441700"
11723,"Os02g0776800"
11724,"Os06g0343200"
11725,"Os03g0711400"
11726,"Os02g0666200"
11727,"Os01g0814200"
11728,"Os04g0603100"
11729,"Os01g0875500"
11730,"Os06g0703400"
11731,"Os07g0246200"
11732,"osa-miR171c"
11733,"Os07g0129700"
11734,"Os03g0736700"
11735,"Os10g0406800"
11736,"Os07g0160600"
11737,"Os04g0555800"
11738,"Os08g0128000"
11739,"Os03g0409600"
11740,"Os06g0514100"
11741,"Os03g0123500"
11742,"Os02g0816000"
11743,"Os07g0204900"
11744,"Os12g0597500"
11745,"Os11g0572100"
11746,"Os01g0511600"
11747,"Os03g0293400"
11748,"Os06g0182500"
11749,"Os05g0460800"
11750,"Os04g0549400"
11751,"Os08g0270900"
11752,"Os04g0481900"
11753,"Os04g0615900"
11754,"Os11g0706100"
11755,"Os07g0520300"
11756,"Os01g0175300"
11757,"Os12g0507600"
11758,"Os09g0488700"
11759,"Os10g0136900"
11760,"Os03g0126300"
11761,"Os04g0560100"
11762,"Os07g0471000"
11763,"Os06g0170500"
11764,"Os12g0118400"
11765,"Os05g0151100"
11766,"Os12g0640000"
11767,"Os02g0766000"
11768,"Os02g0324200"
11769,"Os03g0683000"
11770,"Os08g0324200"
11771,"Os12g0257900"
11772,"Os01g0147800"
11773,"osa-miR169n"
11774,"Os09g0494200"
11775,"Os04g0626400"
11776,"Os12g0555500"
11777,"Os06g0160700"
11778,"Os09g0363900"
11779,"Os05g0579600"
11780,"Os01g0360100"
11781,"Os06g0720000"
11782,"Os02g0644100"
11783,"Os12g0115300"
11784,"Os02g0681300"
11785,"Os02g0658000"
11786,"Os03g0190000"
11787,"Os08g0567000"
11788,"Os08g0534000"
11789,"Os05g0341300"
11790,"Os10g0558600"
11791,"Os11g0701800"
11792,"Os03g0383800"
11793,"Os06g0353400"
11794,"Os05g0249100"
11795,"Os09g0272300"
11796,"Os11g0434000"
11797,"Os04g0460900"
11798,"11798"
11799,"Os07g0671500"
11800,"Os12g0299700"
11801,"Os03g0250000"
11802,"Os08g0539100"
11803,"Os06g0484600"
11804,"Os07g0184800"
11805,"Os04g0612300"
11806,"Os07g0407700"
11807,"Os03g0287900"
11808,"Os12g0242100"
11809,"Os05g0145000"
11810,"Os06g0719600"
11811,"Os02g0494300"
11812,"Os01g0739000"
11813,"Os01g0893300"
11814,"Os12g0463000"
11815,"Os09g0252900"
11816,"Os05g0437900"
11817,"11817"
11818,"Os02g0156800"
11819,"Os07g0638600"
11820,"Os05g0594100"
11821,"Os01g0164800"
11822,"Os01g0191200"
11823,"Os01g0604300"
11824,"Os10g0510000"
11825,"Os05g0171200"
11826,"Os03g0284600"
11827,"Os05g0490700"
11828,"Os02g0606500"
11829,"Os01g0939100"
11830,"Os03g0254900"
11831,"Os10g0496000"
11832,"Os10g0539500"
11833,"Os05g0580100"
11834,"Os10g0488300"
11835,"Os04g0356600"
11836,"Os08g0177800"
11837,"Os03g0405000"
11838,"Os03g0253600"
11839,"Os03g0144000"
11840,"Os05g0227800"
11841,"Os08g0419800"
11842,"Os10g0139900"
11843,"Os09g0381100"
11844,"Os07g0191000"
11845,"Os05g0482600"
11846,"Os01g0363500"
11847,"Os07g0214300"
11848,"Os07g0242000"
11849,"Os03g0281000"
11850,"Os02g0154100"
11851,"Os07g0211400"
11852,"Os03g0351700"
11853,"Os12g0291100"
11854,"POsControl0012"
11855,"Os07g0191200"
11856,"Os05g0210600"
11857,"Os03g0439500"
11858,"Os06g0134000"
11859,"Os05g0364600"
11860,"Os03g0223000"
11861,"Os11g0418900"
11862,"11862"
11863,"Os02g0614300"
11864,"Os09g0114500"
11865,"Os07g0682400"
11866,"Os11g0425600"
11867,"Os07g0694500"
11868,"Os11g0124900"
11869,"Os04g0631600"
11870,"Os01g0959900"
11871,"Os05g0348700"
11872,"Os02g0129700"
11873,"Os09g0530500"
11874,"Os02g0829900"
11875,"osa-miR159a"
11876,"Os06g0681600"
11877,"Os03g0619700"
11878,"Os01g0139100"
11879,"Os08g0192200"
11880,"Os04g0530200"
11881,"Os08g0511200"
11882,"Os02g0533900"
11883,"11883"
11884,"Os11g0484300"
11885,"11885"
11886,"Os05g0497500"
11887,"Os09g0132700"
11888,"Os01g0128800"
11889,"Os01g0111700"
11890,"Os03g0109800"
11891,"Os06g0297600"
11892,"Os12g0176500"
11893,"Os03g0577500"
11894,"Os04g0514400"
11895,"Os01g0937500"
11896,"Os02g0593700"
11897,"Os11g0128900"
11898,"Os05g0542600"
11899,"osa-miR159e"
11900,"Os03g0756000"
11901,"Os03g0255300"
11902,"Os03g0817800"
11903,"Os07g0486100"
11904,"Os05g0319800"
11905,"Os06g0601000"
11906,"Os04g0529400"
11907,"Os02g0142400"
11908,"Os09g0479100"
11909,"Os02g0318500"
11910,"osa-miR169d"
11911,"Os11g0183200"
11912,"Os02g0101500"
11913,"Os12g0162400"
11914,"11914"
11915,"Os01g0172000"
11916,"Os12g0102400"
11917,"Os09g0376900"
11918,"Os11g0465200"
11919,"Os08g0519400"
11920,"Os04g0584300"
11921,"Os03g0177400"
11922,"Os06g0637400"
11923,"Os04g0380500"
11924,"Os02g0677600"
11925,"Os08g0102700"
11926,"Os11g0275200"
11927,"Os10g0431100"
11928,"Os09g0363700"
11929,"Os03g0815700"
11930,"Os12g0616200"
11931,"Os01g0331900"
11932,"Os12g0540000"
11933,"Os03g0379500"
11934,"Os06g0294200"
11935,"Os07g0114400"
11936,"Os12g0279000"
11937,"Os03g0786000"
11938,"Os06g0670000"
11939,"Os11g0660700"
11940,"Os04g0663500"
11941,"Os07g0516300"
11942,"Os12g0420100"
11943,"Os07g0118200"
11944,"Os07g0635800"
11945,"11945"
11946,"Os09g0415700"
11947,"Os06g0355800"
11948,"Os02g0527300"
11949,"Os05g0188800"
11950,"Os01g0259300"
11951,"Os06g0683900"
11952,"Os02g0534000"
11953,"Os09g0480300"
11954,"Os05g0396900"
11955,"Os03g0825600"
11956,"Os12g0209800"
11957,"Os01g0777300"
11958,"Os09g0286600"
11959,"Os04g0653600"
11960,"Os03g0591000"
11961,"Os07g0281500"
11962,"Os02g0651000"
11963,"Os03g0234600"
11964,"Os10g0497400"
11965,"Os07g0277200"
11966,"Os10g0415200"
11967,"POsControl0037"
11968,"Os11g0182900"
11969,"Os03g0802500"
11970,"Os12g0580500"
11971,"Os04g0679400"
11972,"Os06g0602600"
11973,"Os05g0450600"
11974,"Os04g0195800"
11975,"Os05g0112900"
11976,"Os04g0340800"
11977,"Os06g0563300"
11978,"Os01g0272600"
11979,"Os02g0601800"
11980,"Os02g0562700"
11981,"Os09g0518200"
11982,"Os02g0247200"
11983,"Os02g0606000"
11984,"Os07g0671800"
11985,"Os05g0485800"
11986,"Os06g0320900"
11987,"Os03g0278700"
11988,"Os04g0568900"
11989,"Os02g0766900"
11990,"Os10g0479700"
11991,"Os06g0168000"
11992,"Os04g0394300"
11993,"Os10g0561400"
11994,"Os11g0584100"
11995,"Os04g0445600"
11996,"Os02g0684600"
11997,"Os01g0135000"
11998,"Os07g0448400"
11999,"Os06g0107600"
12000,"Os11g0645200"
12001,"Os04g0210600"
12002,"Os01g0121100"
12003,"Os08g0531700"
12004,"Os02g0746000"
12005,"osa-miR166g"
12006,"Os01g0511100"
12007,"Os08g0535900"
12008,"Os09g0512700"
12009,"Os06g0193200"
12010,"Os06g0336200"
12011,"Os07g0410500"
12012,"Os06g0607200"
12013,"Os03g0204900"
12014,"Os08g0326400"
12015,"Os04g0543700"
12016,"Os06g0698600"
12017,"Os07g0683900"
12018,"Os06g0127000"
12019,"Os05g0178600"
12020,"Os01g0523200"
12021,"Os03g0787200"
12022,"Os09g0538000"
12023,"Os04g0602500"
12024,"Os06g0608000"
12025,"Os02g0745600"
12026,"Os01g0391800"
12027,"Os05g0557000"
12028,"Os12g0131300"
12029,"Os11g0184900"
12030,"Os12g0621100"
12031,"Os03g0301600"
12032,"Os03g0302200"
12033,"osa-miR166e"
12034,"Os05g0561400"
12035,"Os08g0548500"
12036,"Os11g0131200"
12037,"Os11g0444900"
12038,"Os10g0479600"
12039,"Os04g0663800"
12040,"Os12g0528100"
12041,"Os01g0857600"
12042,"Os03g0177900"
12043,"12043"
12044,"Os02g0460000"
12045,"Os06g0611200"
12046,"Os05g0307400"
12047,"Os02g0471500"
12048,"Os04g0687200"
12049,"Os12g0170100"
12050,"Os03g0335100"
12051,"Os04g0151800"
12052,"Os05g0147100"
12053,"Os01g0366100"
12054,"Os07g0134800"
12055,"Os01g0229600"
12056,"Os01g0532200"
12057,"Os03g0702000"
12058,"Os07g0101300"
12059,"Os01g0696500"
12060,"Os09g0126600"
12061,"Os03g0446000"
12062,"Os03g0709300"
12063,"Os08g0440500"
12064,"Os04g0580800"
12065,"Os02g0580800"
12066,"Os07g0100800"
12067,"Os05g0426800"
12068,"Os09g0400200"
12069,"Os03g0801500"
12070,"Os12g0207000"
12071,"Os11g0306300"
12072,"Os04g0101700"
12073,"Os03g0795000"
12074,"Os08g0191600"
12075,"Os02g0151600"
12076,"Os12g0438400"
12077,"Os11g0695000"
12078,"Os12g0603300"
12079,"Os01g0937600"
12080,"Os01g0175900"
12081,"Os04g0628700"
12082,"Os02g0580300"
12083,"Os11g0224600"
12084,"Os03g0224200"
12085,"osa-miR441c"
12086,"Os02g0177400"
12087,"Os10g0511400"
12088,"Os02g0704900"
12089,"Os01g0575200"
12090,"Os03g0835300"
12091,"Os07g0592100"
12092,"Os03g0411600"
12093,"Os05g0562200"
12094,"Os02g0818500"
12095,"POsControl0003"
12096,"Os01g0579600"
12097,"Os07g0516900"
12098,"Os04g0316700"
12099,"Os01g0155800"
12100,"Os01g0757500"
12101,"Os01g0851100"
12102,"Os01g0762300"
12103,"Os07g0410300"
12104,"Os05g0176400"
12105,"Os06g0569500"
12106,"Os01g0273000"
12107,"Os09g0343100"
12108,"Os05g0366000"
12109,"Os11g0230900"
12110,"Os04g0578700"
12111,"Os11g0448700"
12112,"Os03g0198200"
12113,"Os03g0663900"
12114,"Os04g0487200"
12115,"Os11g0184200"
12116,"Os09g0468000"
12117,"Os04g0648900"
12118,"12118"
12119,"Os01g0874800"
12120,"Os10g0498100"
12121,"Os04g0453200"
12122,"Os03g0304800"
12123,"Os01g0860300"
12124,"Os08g0299400"
12125,"Os07g0520200"
12126,"Os03g0355400"
12127,"Os12g0239200"
12128,"Os07g0516700"
12129,"Os02g0822500"
12130,"osa-miR166d"
12131,"Os01g0698900"
12132,"POsControl0044"
12133,"Os01g0862600"
12134,"Os04g0290400"
12135,"Os12g0571600"
12136,"Os08g0110800"
12137,"Os11g0615600"
12138,"Os09g0533300"
12139,"Os05g0333500"
12140,"Os03g0734200"
12141,"Os06g0336200"
12142,"Os07g0164500"
12143,"12143"
12144,"Os05g0302700"
12145,"Os08g0546800"
12146,"Os10g0502400"
12147,"Os12g0608500"
12148,"Os03g0388100"
12149,"POsControl0002"
12150,"Os10g0475100"
12151,"Os08g0557000"
12152,"Os01g0370200"
12153,"Os11g0637300"
12154,"Os05g0154900"
12155,"POsControl0014"
12156,"Os06g0305200"
12157,"Os03g0193300"
12158,"Os01g0558500"
12159,"Os12g0190200"
12160,"Os12g0456700"
12161,"Os01g0866000"
12162,"Os03g0117600"
12163,"Os10g0170300"
12164,"Os03g0162200"
12165,"Os11g0441900"
12166,"Os11g0146800"
12167,"Os05g0472700"
12168,"Os03g0109600"
12169,"Os06g0143000"
12170,"Os09g0507600"
12171,"Os03g0639100"
12172,"osa-miR415"
12173,"Os04g0527400"
12174,"Os06g0713400"
12175,"Os03g0295700"
12176,"Os06g0135200"
12177,"Os01g0781600"
12178,"Os04g0672200"
12179,"Os04g0691100"
12180,"Os10g0511800"
12181,"Os01g0862400"
12182,"Os10g0419100"
12183,"Os01g0784900"
12184,"Os01g0382900"
12185,"Os03g0578200"
12186,"Os03g0167800"
12187,"Os05g0357600"
12188,"Os05g0469700"
12189,"Os02g0192400"
12190,"Os05g0405600"
12191,"Os03g0576500"
12192,"Os10g0190500"
12193,"Os08g0542300"
12194,"Os07g0174400"
12195,"Os01g0176500"
12196,"Os12g0604000"
12197,"Os02g0651300"
12198,"Os01g0170800"
12199,"Os01g0231800"
12200,"Os03g0582200"
12201,"Os04g0392900"
12202,"Os08g0178200"
12203,"Os07g0660900"
12204,"Os06g0660200"
12205,"Os02g0307000"
12206,"Os02g0690800"
12207,"Os03g0736700"
12208,"Os01g0558500"
12209,"Os03g0124300"
12210,"Os04g0453400"
12211,"Os04g0503200"
12212,"Os09g0546500"
12213,"Os03g0118800"
12214,"Os07g0584100"
12215,"Os02g0224400"
12216,"Os01g0896800"
12217,"Os02g0665600"
12218,"Os04g0494800"
12219,"Os09g0481700"
12220,"Os12g0102300"
12221,"Os01g0765600"
12222,"Os06g0602700"
12223,"Os05g0517900"
12224,"Os04g0175600"
12225,"Os07g0208900"
12226,"Os01g0758500"
12227,"Os07g0692200"
12228,"Os03g0796600"
12229,"Os02g0200000"
12230,"Os11g0180300"
12231,"Os08g0293100"
12232,"Os04g0209300"
12233,"Os09g0477900"
12234,"Os12g0628500"
12235,"Os10g0507900"
12236,"osa-miR399f"
12237,"Os02g0504700"
12238,"Os03g0762900"
12239,"Os04g0403900"
12240,"Os02g0719900"
12241,"Os02g0796400"
12242,"Os10g0160000"
12243,"Os01g0166500"
12244,"Os05g0151400"
12245,"Os06g0679800"
12246,"osa-miR169j"
12247,"Os04g0444600"
12248,"Os02g0158600"
12249,"Os03g0283600"
12250,"Os01g0114100"
12251,"Os01g0185500"
12252,"Os12g0556600"
12253,"Os02g0229600"
12254,"Os02g0185900"
12255,"Os04g0653600"
12256,"Os11g0117900"
12257,"Os04g0278900"
12258,"Os07g0565600"
12259,"Os12g0119800"
12260,"Os01g0752100"
12261,"Os08g0520400"
12262,"Os12g0566900"
12263,"Os10g0187500"
12264,"Os01g0665300"
12265,"Os02g0474300"
12266,"Os04g0676900"
12267,"Os01g0115900"
12268,"Os01g0803300"
12269,"Os11g0525900"
12270,"Os08g0239000"
12271,"Os03g0250200"
12272,"Os11g0645800"
12273,"Os12g0579600"
12274,"Os12g0275100"
12275,"Os09g0115400"
12276,"Os03g0690600"
12277,"Os06g0188100"
12278,"Os09g0487200"
12279,"Os01g0657100"
12280,"Os02g0709800"
12281,"Os07g0579100"
12282,"Os12g0624900"
12283,"Os07g0414900"
12284,"Os08g0396500"
12285,"Os03g0235300"
12286,"Os09g0314100"
12287,"Os10g0406400"
12288,"Os02g0810900"
12289,"Os05g0361700"
12290,"Os04g0691500"
12291,"Os03g0336400"
12292,"Os10g0117000"
12293,"Os09g0516600"
12294,"Os01g0841600"
12295,"Os07g0141400"
12296,"Os07g0650300"
12297,"Os04g0317800"
12298,"Os11g0284900"
12299,"Os01g0853800"
12300,"Os06g0613500"
12301,"Os01g0291500"
12302,"Os11g0487100"
12303,"Os01g0719100"
12304,"Os03g0338700"
12305,"Os03g0636700"
12306,"Os07g0191800"
12307,"POsControl0048"
12308,"Os01g0652700"
12309,"Os06g0313200"
12310,"Os01g0672700"
12311,"Os11g0258400"
12312,"Os03g0576000"
12313,"Os06g0604500"
12314,"Os08g0103000"
12315,"POsControl0012"
12316,"Os07g0196300"
12317,"Os03g0220700"
12318,"Os03g0702400"
12319,"Os06g0660400"
12320,"Os06g0695700"
12321,"Os01g0631700"
12322,"Os06g0153800"
12323,"Os04g0597800"
12324,"Os03g0230500"
12325,"Os02g0564400"
12326,"osa-miR529"
12327,"Os05g0371600"
12328,"Os08g0137900"
12329,"Os03g0357100"
12330,"Os11g0691700"
12331,"Os01g0214900"
12332,"Os12g0561200"
12333,"Os09g0414600"
12334,"Os03g0736200"
12335,"Os07g0693900"
12336,"Os12g0512700"
12337,"Os03g0784700"
12338,"Os07g0481000"
12339,"Os02g0597300"
12340,"Os07g0222800"
12341,"Os01g0661000"
12342,"Os11g0607200"
12343,"Os04g0538000"
12344,"Os08g0105800"
12345,"Os12g0575300"
12346,"Os09g0433800"
12347,"Os05g0571000"
12348,"Os03g0788200"
12349,"Os05g0580800"
12350,"Os07g0435900"
12351,"Os10g0575600"
12352,"Os07g0496200"
12353,"Os11g0649400"
12354,"Os03g0373100"
12355,"Os02g0681200"
12356,"Os05g0535700"
12357,"Os09g0459900"
12358,"Os03g0257600"
12359,"Os02g0832400"
12360,"Os06g0712700"
12361,"Os11g0176200"
12362,"Os12g0488900"
12363,"Os03g0215600"
12364,"Os08g0499100"
12365,"Os08g0110800"
12366,"Os03g0638200"
12367,"Os04g0347100"
12368,"Os08g0447200"
12369,"Os09g0369400"
12370,"Os08g0113600"
12371,"Os01g0816500"
12372,"Os08g0478200"
12373,"Os01g0181300"
12374,"Os01g0859400"
12375,"Os11g0540000"
12376,"Os02g0251700"
12377,"Os08g0565800"
12378,"Os01g0156300"
12379,"Os06g0163700"
12380,"Os02g0820800"
12381,"Os07g0115500"
12382,"Os12g0120900"
12383,"Os06g0177800"
12384,"Os05g0148500"
12385,"Os07g0660100"
12386,"Os03g0673600"
12387,"Os03g0293500"
12388,"Os08g0241800"
12389,"Os07g0688800"
12390,"Os12g0279600"
12391,"Os08g0375900"
12392,"Os04g0438700"
12393,"Os01g0604200"
12394,"12394"
12395,"Os01g0216300"
12396,"Os07g0132400"
12397,"Os04g0469500"
12398,"Os03g0765400"
12399,"Os12g0115100"
12400,"Os01g0363500"
12401,"Os06g0685300"
12402,"Os01g0833800"
12403,"Os01g0274800"
12404,"Os07g0671500"
12405,"Os07g0149300"
12406,"Os07g0109800"
12407,"Os04g0445400"
12408,"12408"
12409,"osa-miR529"
12410,"Os01g0750300"
12411,"Os07g0603800"
12412,"Os07g0180900"
12413,"Os12g0422800"
12414,"Os09g0510700"
12415,"Os08g0160500"
12416,"Os07g0661900"
12417,"Os08g0244400"
12418,"Os01g0860500"
12419,"Os07g0630900"
12420,"Os09g0309500"
12421,"Os01g0513500"
12422,"Os07g0560600"
12423,"Os12g0493900"
12424,"Os08g0258200"
12425,"Os08g0561600"
12426,"Os07g0175000"
12427,"Os07g0296000"
12428,"Os05g0235300"
12429,"Os05g0469900"
12430,"Os07g0685700"
12431,"Os10g0476000"
12432,"Os09g0109500"
12433,"Os10g0411600"
12434,"Os02g0133800"
12435,"Os03g0228800"
12436,"Os07g0126700"
12437,"Os10g0510500"
12438,"Os12g0560300"
12439,"Os04g0604000"
12440,"Os01g0147300"
12441,"Os02g0510300"
12442,"Os07g0417500"
12443,"Os01g0263600"
12444,"Os11g0256900"
12445,"Os08g0189900"
12446,"Os06g0148200"
12447,"Os01g0851300"
12448,"Os01g0958400"
12449,"Os05g0408900"
12450,"Os08g0265500"
12451,"Os04g0435000"
12452,"Os01g0366400"
12453,"Os01g0174700"
12454,"Os01g0899000"
12455,"Os08g0110000"
12456,"Os09g0317700"
12457,"Os01g0232800"
12458,"Os07g0408700"
12459,"Os09g0375700"
12460,"Os03g0832400"
12461,"Os04g0272700"
12462,"Os04g0685200"
12463,"Os03g0829100"
12464,"Os06g0124300"
12465,"Os01g0822900"
12466,"Os08g0559700"
12467,"Os09g0515100"
12468,"Os08g0490700"
12469,"Os02g0113300"
12470,"Os02g0117500"
12471,"Os02g0760200"
12472,"Os10g0456000"
12473,"Os01g0865800"
12474,"Os10g0337600"
12475,"Os05g0104900"
12476,"Os01g0663000"
12477,"Os03g0176800"
12478,"Os03g0654600"
12479,"Os01g0550200"
12480,"Os01g0103400"
12481,"Os06g0575400"
12482,"Os03g0118600"
12483,"Os10g0154900"
12484,"Os02g0197200"
12485,"Os01g0877500"
12486,"Os08g0531000"
12487,"Os01g0503400"
12488,"Os01g0570500"
12489,"Os03g0376600"
12490,"Os03g0569900"
12491,"Os09g0471600"
12492,"Os02g0743700"
12493,"Os02g0100300"
12494,"Os02g0532300"
12495,"Os01g0331100"
12496,"Os08g0526100"
12497,"Os01g0129800"
12498,"Os03g0765000"
12499,"Os08g0518600"
12500,"Os11g0102600"
12501,"Os05g0542500"
12502,"Os10g0343200"
12503,"Os09g0507200"
12504,"Os07g0264700"
12505,"Os06g0702800"
12506,"Os04g0611000"
12507,"Os10g0397900"
12508,"Os10g0555300"
12509,"Os10g0334500"
12510,"Os03g0219100"
12511,"Os05g0125200"
12512,"Os02g0205300"
12513,"Os07g0298900"
12514,"Os01g0969200"
12515,"Os04g0595800"
12516,"Os08g0158900"
12517,"Os04g0562500"
12518,"Os04g0626400"
12519,"Os09g0567000"
12520,"Os01g0242900"
12521,"Os09g0438700"
12522,"Os01g0676800"
12523,"Os01g0943800"
12524,"Os01g0894300"
12525,"Os08g0451400"
12526,"Os01g0175000"
12527,"Os03g0137500"
12528,"Os01g0834200"
12529,"Os02g0780700"
12530,"Os04g0587500"
12531,"Os10g0408700"
12532,"Os02g0700500"
12533,"12533"
12534,"Os11g0518900"
12535,"Os08g0318400"
12536,"Os06g0678800"
12537,"Os11g0490900"
12538,"Os07g0274000"
12539,"POsControl0023"
12540,"Os11g0580000"
12541,"Os02g0721800"
12542,"Os05g0527900"
12543,"Os02g0656200"
12544,"Os11g0702700"
12545,"Os06g0256500"
12546,"Os01g0217900"
12547,"Os06g0318300"
12548,"Os07g0155200"
12549,"Os01g0221700"
12550,"Os08g0187800"
12551,"Os07g0194100"
12552,"Os08g0402600"
12553,"Os05g0124800"
12554,"Os07g0573000"
12555,"Os01g0536500"
12556,"Os07g0523100"
12557,"Os10g0539900"
12558,"Os03g0394900"
12559,"Os01g0101200"
12560,"Os02g0327700"
12561,"Os01g0122300"
12562,"Os04g0177600"
12563,"Os01g0956500"
12564,"Os03g0284100"
12565,"Os06g0206100"
12566,"Os05g0104300"
12567,"Os05g0539800"
12568,"Os02g0750100"
12569,"Os09g0506200"
12570,"Os01g0541800"
12571,"Os05g0480400"
12572,"Os08g0189100"
12573,"Os01g0710700"
12574,"Os03g0221500"
12575,"Os01g0579600"
12576,"Os12g0609500"
12577,"12577"
12578,"Os09g0553200"
12579,"Os01g0855000"
12580,"Os09g0568500"
12581,"Os01g0674100"
12582,"Os11g0235000"
12583,"Os04g0556600"
12584,"Os09g0416700"
12585,"Os10g0112100"
12586,"12586"
12587,"Os04g0504000"
12588,"Os01g0253100"
12589,"Os07g0436000"
12590,"Os12g0479900"
12591,"Os03g0665000"
12592,"Os12g0131400"
12593,"Os10g0419100"
12594,"Os03g0253400"
12595,"Os03g0221500"
12596,"Os02g0116000"
12597,"Os03g0257700"
12598,"Os06g0185500"
12599,"Os06g0215600"
12600,"Os01g0542900"
12601,"Os12g0112200"
12602,"Os06g0237500"
12603,"Os01g0847300"
12604,"Os02g0617100"
12605,"Os01g0379400"
12606,"Os05g0280200"
12607,"Os01g0685400"
12608,"Os08g0530200"
12609,"Os04g0551300"
12610,"Os07g0619800"
12611,"Os11g0700400"
12612,"Os09g0272900"
12613,"Os07g0583000"
12614,"Os01g0819700"
12615,"Os08g0260800"
12616,"Os04g0496000"
12617,"Os12g0576300"
12618,"Os04g0473900"
12619,"Os08g0274700"
12620,"Os03g0121200"
12621,"PTaControl0001"
12622,"Os04g0672900"
12623,"Os08g0508700"
12624,"Os11g0689300"
12625,"Os08g0518900"
12626,"Os02g0508100"
12627,"Os10g0522400"
12628,"Os06g0478200"
12629,"Os04g0597800"
12630,"12630"
12631,"Os06g0365700"
12632,"Os04g0546300"
12633,"Os07g0626500"
12634,"Os06g0625400"
12635,"Os01g0622300"
12636,"Os11g0613800"
12637,"Os06g0114400"
12638,"Os01g0618300"
12639,"Os05g0478200"
12640,"Os04g0178300"
12641,"Os01g0221300"
12642,"12642"
12643,"Os11g0183900"
12644,"Os05g0395400"
12645,"Os07g0601600"
12646,"Os06g0164600"
12647,"Os02g0819900"
12648,"Os12g0273800"
12649,"Os11g0158500"
12650,"Os05g0382000"
12651,"Os05g0427400"
12652,"Os05g0148600"
12653,"Os06g0218500"
12654,"Os05g0106000"
12655,"Os01g0940800"
12656,"Os06g0217300"
12657,"Os09g0376700"
12658,"12658"
12659,"Os05g0247800"
12660,"Os02g0610000"
12661,"Os07g0213500"
12662,"Os02g0200300"
12663,"Os09g0315700"
12664,"Os03g0439700"
12665,"Os04g0307500"
12666,"Os05g0111300"
12667,"Os04g0227500"
12668,"Os09g0449800"
12669,"Os04g0410300"
12670,"Os08g0138400"
12671,"Os12g0231000"
12672,"Os01g0287600"
12673,"Os08g0125800"
12674,"Os05g0447200"
12675,"Os02g0731500"
12676,"Os01g0191200"
12677,"Os12g0274700"
12678,"Os11g0127900"
12679,"Os03g0799000"
12680,"Os01g0860800"
12681,"Os10g0513900"
12682,"Os12g0582000"
12683,"Os01g0162400"
12684,"Os12g0605800"
12685,"Os08g0424700"
12686,"Os03g0322500"
12687,"Os02g0254600"
12688,"Os12g0136900"
12689,"Os10g0441800"
12690,"Os08g0499300"
12691,"Os02g0153000"
12692,"Os02g0566800"
12693,"Os04g0514800"
12694,"Os01g0944700"
12695,"Os03g0401300"
12696,"Os02g0689200"
12697,"Os01g0968300"
12698,"Os01g0935200"
12699,"Os03g0150800"
12700,"Os02g0119800"
12701,"osa-miR426"
12702,"Os04g0688100"
12703,"Os10g0162400"
12704,"Os06g0494000"
12705,"Os02g0271900"
12706,"Os02g0786400"
12707,"Os07g0415700"
12708,"Os02g0611200"
12709,"Os03g0619600"
12710,"Os01g0706900"
12711,"Os08g0343300"
12712,"12712"
12713,"Os08g0430500"
12714,"Os10g0541800"
12715,"Os01g0348600"
12716,"Os07g0492100"
12717,"Os12g0162400"
12718,"Os09g0479400"
12719,"Os12g0578300"
12720,"Os07g0423000"
12721,"Os11g0557800"
12722,"Os06g0115700"
12723,"Os05g0326600"
12724,"Os11g0474800"
12725,"Os12g0574400"
12726,"Os03g0586800"
12727,"Os01g0356900"
12728,"Os08g0157600"
12729,"Os06g0240800"
12730,"Os01g0966200"
12731,"Os06g0113900"
12732,"Os10g0556100"
12733,"Os12g0160500"
12734,"Os02g0666600"
12735,"Os03g0748800"
12736,"Os09g0121600"
12737,"Os09g0521400"
12738,"Os05g0121900"
12739,"Os02g0725900"
12740,"Os06g0676500"
12741,"Os06g0192500"
12742,"Os02g0262700"
12743,"Os02g0582400"
12744,"Os09g0346700"
12745,"Os01g0935500"
12746,"Os04g0628100"
12747,"Os01g0740500"
12748,"Os06g0563300"
12749,"Os08g0114000"
12750,"Os02g0672500"
12751,"Os01g0352100"
12752,"Os11g0577700"
12753,"Os11g0212000"
12754,"Os01g0263500"
12755,"Os10g0361900"
12756,"Os11g0543500"
12757,"Os03g0817800"
12758,"Os11g0433200"
12759,"Os01g0665200"
12760,"Os03g0752800"
12761,"Os10g0517500"
12762,"Os07g0176500"
12763,"Os09g0429400"
12764,"Os03g0197800"
12765,"Os07g0630800"
12766,"Os06g0495100"
12767,"Os06g0683400"
12768,"Os02g0581900"
12769,"Os02g0820500"
12770,"Os07g0577300"
12771,"Os02g0324700"
12772,"Os02g0471500"
12773,"Os04g0625800"
12774,"Os10g0112800"
12775,"Os02g0148300"
12777,"Os01g0258000"
12778,"Os11g0107700"
12779,"Os04g0669600"
12780,"Os02g0820000"
12781,"Os01g0132700"
12782,"Os09g0125100"
12783,"Os04g0682000"
12784,"Os07g0185500"
12785,"Os01g0869600"
12786,"Os03g0116400"
12787,"Os03g0669100"
12788,"Os03g0562200"
12789,"Os05g0103700"
12790,"POsControl0003"
12791,"Os08g0192800"
12792,"Os03g0204300"
12793,"Os01g0141900"
12794,"Os03g0383900"
12795,"Os04g0683900"
12796,"Os03g0700800"
12797,"Os05g0551700"
12798,"Os05g0446300"
12799,"Os05g0203000"
12800,"Os04g0397800"
12801,"Os05g0138300"
12802,"Os10g0504500"
12803,"Os05g0143800"
12804,"Os04g0607100"
12805,"Os07g0186000"
12806,"Os03g0118200"
12807,"Os05g0207500"
12808,"Os03g0328400"
12809,"Os02g0616300"
12810,"Os03g0262900"
12811,"Os02g0317300"
12812,"Os03g0642200"
12813,"Os08g0107100"
12814,"Os02g0805600"
12815,"Os01g0184900"
12816,"Os06g0729000"
12817,"osa-miR420"
12818,"Os04g0499300"
12819,"Os12g0541900"
12820,"Os02g0796500"
12821,"Os05g0367800"
12822,"POsControl0035"
12823,"Os05g0527000"
12825,"Os03g0126800"
12826,"Os10g0419400"
12827,"Os07g0661400"
12828,"Os07g0503500"
12829,"Os02g0817000"
12830,"Os09g0306400"
12831,"Os11g0517800"
12832,"Os03g0563300"
12833,"Os03g0750700"
12834,"Os03g0708100"
12835,"Os10g0100500"
12836,"Os07g0130600"
12837,"Os07g0413800"
12838,"Os01g0937300"
12839,"Os10g0343500"
12840,"Os05g0133100"
12841,"Os07g0461600"
12842,"Os04g0342500"
12843,"Os06g0224600"
12844,"Os03g0850000"
12845,"Os05g0496000"
12846,"Os05g0151300"
12847,"Os04g0364300"
12848,"Os04g0590800"
12849,"Os05g0115900"
12850,"Os03g0755300"
12851,"Os02g0614500"
12852,"Os03g0194600"
12853,"osa-miR156l"
12854,"Os01g0532200"
12855,"POsControl0048"
12856,"Os02g0793400"
12857,"Os01g0935700"
12858,"Os08g0101500"
12859,"Os09g0536400"
12860,"Os02g0153900"
12861,"Os01g0572100"
12862,"Os01g0283300"
12863,"Os02g0826500"
12864,"Os11g0207300"
12865,"Os03g0327600"
12866,"Os01g0494300"
12867,"osa-miR394"
12868,"Os02g0720600"
12869,"Os02g0256000"
12870,"12870"
12871,"Os03g0825800"
12872,"12872"
12873,"Os04g0434300"
12874,"Os09g0573200"
12875,"Os08g0544300"
12876,"Os03g0738900"
12877,"Os07g0632400"
12878,"Os11g0311300"
12879,"Os03g0375300"
12880,"Os11g0684700"
12881,"Os05g0484000"
12882,"Os05g0339300"
12883,"Os01g0179300"
12884,"Os01g0707300"
12885,"Os02g0120800"
12886,"12886"
12887,"Os01g0641000"
12888,"Os04g0535200"
12889,"Os11g0210300"
12890,"Os10g0422400"
12891,"Os06g0247500"
12892,"osa-miR166l"
12893,"Os04g0423800"
12894,"Os05g0171900"
12895,"Os01g0557500"
12897,"Os06g0150200"
12898,"Os12g0111800"
12899,"PGmControl0001"
12900,"Os01g0934500"
12901,"Os04g0528100"
12902,"Os03g0699800"
12903,"Os09g0304500"
12904,"Os01g0324400"
12905,"Os07g0662600"
12906,"Os04g0121900"
12907,"Os04g0566400"
12908,"Os01g0217100"
12909,"Os06g0589300"
12910,"Os09g0423200"
12911,"Os03g0826900"
12912,"Os05g0491900"
12913,"Os02g0661500"
12914,"Os04g0688100"
12915,"Os01g0847400"
12916,"Os07g0175100"
12917,"Os11g0708000"
12918,"Os04g0591900"
12919,"Os06g0728000"
12920,"12920"
12921,"Os06g0508000"
12922,"Os03g0390000"
12923,"Os10g0422200"
12924,"Os03g0834000"
12925,"Os03g0850400"
12926,"Os01g0284500"
12927,"Os07g0413700"
12928,"Os02g0461900"
12929,"Os08g0503700"
12930,"Os11g0129600"
12931,"Os08g0154600"
12932,"Os05g0579500"
12933,"Os06g0297800"
12934,"Os01g0787000"
12935,"Os02g0268100"
12936,"Os06g0118700"
12937,"Os04g0272200"
12938,"Os06g0638000"
12939,"Os02g0328300"
12940,"Os09g0276600"
12941,"Os03g0761000"
12942,"Os02g0281900"
12943,"Os01g0100500"
12944,"Os05g0562400"
12945,"Os09g0394100"
12946,"Os03g0788500"
12947,"Os06g0608700"
12948,"Os08g0288000"
12949,"Os09g0502900"
12950,"Os07g0259100"
12951,"Os03g0119300"
12952,"Os06g0656700"
12953,"Os01g0960600"
12954,"Os02g0696500"
12955,"Os11g0119200"
12956,"Os01g0829800"
12957,"Os01g0100100"
12958,"Os08g0180400"
12959,"Os11g0247100"
12960,"Os01g0771900"
12961,"Os10g0115600"
12962,"Os09g0460400"
12963,"Os06g0328800"
12964,"Os09g0535100"
12965,"Os04g0664300"
12966,"Os08g0206700"
12967,"Os02g0580700"
12968,"Os04g0658600"
12969,"Os05g0495900"
12970,"Os05g0463500"
12971,"Os03g0136500"
12972,"Os08g0320000"
12973,"osa-miR530"
12974,"Os06g0668200"
12975,"Os09g0522800"
12976,"Os12g0255000"
12977,"Os02g0618700"
12978,"Os04g0673000"
12979,"Os08g0539600"
12980,"Os08g0551200"
12981,"Os11g0230400"
12982,"Os07g0111700"
12983,"Os03g0358000"
12984,"Os06g0598500"
12985,"Os08g0199400"
12986,"Os01g0233900"
12987,"Os05g0571300"
12988,"Os12g0271600"
12989,"Os02g0810300"
12990,"Os03g0326200"
12991,"Os02g0542700"
12992,"Os02g0640000"
12993,"Os01g0337700"
12994,"Os12g0487500"
12995,"Os09g0520700"
12996,"Os02g0818000"
12997,"Os02g0608900"
12998,"Os06g0225400"
12999,"Os04g0191500"
13000,"Os02g0821500"
13001,"Os03g0262000"
13002,"Os03g0263400"
13003,"Os05g0574100"
13004,"Os06g0228200"
13005,"Os10g0550300"
13006,"Os01g0246600"
13007,"Os03g0851000"
13008,"Os06g0334300"
13009,"Os05g0323900"
13010,"Os05g0183100"
13011,"Os07g0418000"
13012,"Os02g0164900"
13013,"Os02g0282000"
13014,"Os11g0567800"
13015,"Os05g0464200"
13016,"Os02g0778200"
13017,"Os11g0570000"
13018,"Os06g0712100"
13019,"Os07g0410700"
13020,"Os03g0706500"
13021,"Os05g0161200"
13022,"Os02g0751600"
13023,"Os05g0533500"
13024,"Os01g0390400"
13025,"Os10g0505000"
13026,"Os08g0213100"
13027,"Os05g0516600"
13028,"Os02g0565600"
13029,"Os07g0123400"
13030,"Os04g0108900"
13031,"osa-miR440"
13032,"Os03g0749800"
13033,"Os03g0118200"
13034,"Os07g0503600"
13035,"Os06g0278700"
13036,"Os01g0658300"
13037,"Os02g0652800"
13038,"Os02g0138200"
13039,"Os02g0664700"
13040,"Os03g0634500"
13041,"Os06g0130500"
13042,"Os01g0871100"
13043,"Os05g0139200"
13044,"Os02g0103900"
13045,"Os03g0123600"
13046,"Os01g0247500"
13047,"Os02g0589000"
13048,"Os01g0925200"
13049,"Os06g0134000"
13050,"Os07g0658200"
13051,"Os02g0644000"
13052,"Os06g0665900"
13053,"Os02g0238500"
13054,"Os11g0231600"
13055,"Os01g0596600"
13056,"Os05g0491200"
13057,"Os02g0825600"
13058,"Os01g0129300"
13059,"Os01g0709600"
13060,"Os05g0306000"
13061,"Os04g0530300"
13062,"Os03g0126300"
13063,"Os08g0329500"
13064,"Os09g0423300"
13065,"osa-miR395j"
13066,"Os04g0446300"
13067,"Os02g0177800"
13068,"Os05g0384600"
13069,"Os04g0257000"
13070,"Os08g0424200"
13071,"Os01g0973400"
13072,"Os03g0724500"
13073,"Os02g0122400"
13074,"Os03g0246800"
13075,"Os05g0165500"
13076,"Os08g0327900"
13077,"Os01g0241400"
13078,"Os11g0707000"
13079,"Os03g0761100"
13080,"Os06g0528600"
13081,"Os04g0352400"
13082,"Os01g0812900"
13083,"Os01g0855000"
13084,"Os05g0480500"
13085,"Os03g0364700"
13086,"Os03g0761700"
13087,"Os04g0530600"
13088,"Os02g0659100"
13089,"Os03g0255200"
13090,"Os08g0555600"
13091,"Os08g0399900"
13092,"Os12g0145200"
13093,"Os02g0667300"
13094,"Os07g0513200"
13095,"Os04g0492500"
13096,"Os01g0939400"
13097,"Os11g0472500"
13098,"Os03g0183000"
13099,"Os05g0447000"
13100,"Os01g0704100"
13101,"Os03g0857700"
13102,"Os06g0586300"
13103,"Os03g0607200"
13104,"Os05g0131100"
13105,"Os01g0815800"
13106,"Os05g0460600"
13107,"Os05g0594900"
13108,"Os04g0494100"
13109,"Os12g0144200"
13110,"Os05g0571400"
13111,"Os07g0549100"
13112,"Os03g0284100"
13113,"Os10g0378500"
13114,"Os01g0616400"
13115,"Os12g0236700"
13116,"Os06g0653900"
13117,"Os07g0299800"
13118,"Os10g0534500"
13119,"Os08g0162000"
13120,"Os08g0268000"
13121,"Os08g0469500"
13122,"Os02g0106600"
13123,"Os02g0282600"
13124,"Os09g0133800"
13125,"Os12g0562900"
13126,"Os12g0408000"
13127,"Os05g0519700"
13128,"Os05g0105800"
13129,"Os03g0626800"
13130,"Os04g0449500"
13131,"Os08g0530600"
13132,"Os04g0175400"
13133,"Os03g0106200"
13134,"Os07g0622200"
13135,"Os07g0531900"
13136,"Os11g0174000"
13137,"osa-miR166a"
13138,"Os07g0585200"
13139,"Os02g0782900"
13140,"Os04g0382300"
13141,"Os12g0217800"
13142,"Os01g0618800"
13143,"Os07g0247100"
13144,"Os01g0796800"
13145,"Os01g0603200"
13146,"Os04g0679200"
13147,"Os06g0622300"
13148,"Os06g0675700"
13149,"Os12g0438400"
13150,"Os09g0123500"
13151,"Os07g0695900"
13152,"Os02g0726300"
13153,"Os10g0182000"
13154,"Os04g0317400"
13155,"Os02g0140100"
13156,"Os02g0768400"
13157,"Os01g0767700"
13158,"Os10g0109900"
13159,"Os09g0410300"
13160,"osa-miR399b"
13161,"osa-miR169k"
13162,"Os10g0559300"
13163,"Os01g0508300"
13164,"Os06g0104000"
13165,"Os08g0307400"
13166,"Os01g0808900"
13167,"POsControl0004"
13168,"Os01g0692700"
13169,"Os02g0260200"
13170,"Os12g0292400"
13171,"Os03g0656100"
13172,"Os07g0146300"
13173,"Os03g0744700"
13174,"Os12g0240000"
13175,"Os11g0106000"
13176,"Os09g0297800"
13177,"Os03g0830600"
13178,"Os02g0285800"
13179,"Os02g0738900"
13180,"Os08g0335200"
13181,"Os03g0396000"
13182,"Os03g0133500"
13183,"13183"
13184,"Os01g0275200"
13185,"Os03g0587100"
13186,"Os07g0615400"
13187,"Os02g0706900"
13188,"Os08g0564500"
13189,"Os12g0277500"
13190,"Os02g0658200"
13191,"Os08g0191700"
13192,"Os05g0459700"
13193,"Os05g0277200"
13194,"Os01g0954900"
13195,"Os10g0450900"
13196,"Os02g0557800"
13197,"Os11g0606400"
13198,"Os05g0395600"
13199,"Os03g0833300"
13200,"Os01g0193400"
13201,"Os03g0663800"
13202,"POsControl0048"
13203,"Os03g0646400"
13204,"Os09g0451000"
13205,"Os12g0507200"
13206,"Os03g0217600"
13207,"Os01g0960400"
13208,"osa-miR528"
13209,"Os02g0192100"
13210,"Os01g0865600"
13211,"Os03g0388800"
13212,"Os04g0658200"
13213,"Os08g0138200"
13214,"Os02g0318100"
13215,"Os01g0101700"
13216,"Os10g0561600"
13217,"Os05g0399300"
13218,"Os06g0670100"
13219,"osa-miR156g"
13220,"Os03g0266700"
13221,"Os08g0435900"
13222,"Os05g0335100"
13223,"Os06g0111600"
13224,"Os02g0639800"
13225,"Os08g0472000"
13226,"Os04g0118900"
13227,"Os10g0521700"
13228,"Os08g0460600"
13229,"Os09g0434900"
13230,"Os02g0197900"
13231,"Os08g0492100"
13232,"Os06g0683300"
13233,"Os11g0455800"
13234,"Os11g0464700"
13235,"Os07g0442000"
13236,"Os03g0376000"
13237,"Os10g0495500"
13238,"Os01g0530400"
13239,"Os01g0904300"
13240,"Os01g0115100"
13241,"Os02g0599700"
13242,"Os02g0745000"
13243,"Os08g0263000"
13244,"Os05g0407100"
13245,"Os03g0599400"
13246,"Os11g0181400"
13247,"Os03g0807700"
13248,"Os04g0422300"
13249,"Os03g0172200"
13250,"Os12g0621900"
13251,"Os03g0177900"
13252,"Os12g0507700"
13253,"Os04g0213400"
13254,"Os10g0323500"
13255,"Os05g0567700"
13256,"Os10g0109600"
13257,"Os02g0694800"
13258,"Os12g0247700"
13259,"Os09g0376800"
13260,"Os06g0693000"
13261,"Os02g0782300"
13262,"Os07g0573700"
13263,"Os10g0549200"
13264,"Os07g0605800"
13265,"Os05g0102800"
13266,"Os03g0328900"
13267,"Os04g0675000"
13268,"Os01g0314300"
13269,"Os02g0797700"
13270,"Os02g0186100"
13271,"Os04g0664800"
13272,"Os01g0776400"
13273,"Os07g0568400"
13274,"13274"
13275,"Os03g0638300"
13276,"Os09g0564000"
13277,"Os09g0116400"
13278,"Os01g0143700"
13279,"Os07g0249600"
13280,"Os07g0413300"
13281,"Os05g0311500"
13282,"Os01g0620300"
13283,"osa-miR439a"
13284,"Os12g0582900"
13285,"Os04g0493400"
13286,"Os02g0439200"
13287,"Os07g0158500"
13288,"Os10g0113100"
13289,"13289"
13290,"Os05g0179800"
13291,"Os12g0514500"
13292,"Os01g0866300"
13293,"Os01g0807400"
13294,"Os02g0147100"
13295,"Os08g0216600"
13296,"Os03g0233900"
13297,"Os01g0688600"
13298,"Os03g0805400"
13299,"Os02g0540400"
13300,"Os06g0612300"
13301,"Os12g0566200"
13302,"osa-miR171h"
13303,"Os05g0595100"
13304,"Os08g0171700"
13305,"Os09g0542700"
13306,"Os01g0795300"
13307,"Os08g0346400"
13308,"Os02g0805600"
13309,"Os10g0333000"
13310,"Os09g0386200"
13311,"Os02g0621600"
13312,"Os09g0313500"
13313,"Os04g0517400"
13314,"Os08g0539200"
13315,"Os01g0327100"
13316,"Os09g0462400"
13317,"Os04g0484300"
13318,"Os01g0871500"
13319,"Os05g0555300"
13320,"Os09g0287500"
13321,"Os05g0404700"
13322,"Os04g0458300"
13323,"Os02g0189500"
13324,"Os06g0586600"
13325,"Os06g0701600"
13326,"Os07g0603600"
13327,"PAtControl0003"
13328,"Os10g0522900"
13329,"Os10g0382100"
13330,"Os12g0553600"
13331,"Os05g0104800"
13332,"Os01g0823600"
13333,"Os04g0423400"
13334,"Os08g0384400"
13335,"Os01g0209000"
13336,"Os08g0193900"
13337,"Os03g0210900"
13338,"Os06g0589700"
13339,"Os09g0572000"
13340,"Os01g0767900"
13341,"Os10g0519600"
13342,"Os10g0407400"
13343,"Os06g0125500"
13344,"Os01g0900800"
13345,"osa-miR399f"
13346,"Os11g0665900"
13347,"Os06g0701100"
13348,"Os03g0195400"
13349,"Os05g0102800"
13350,"Os04g0534600"
13351,"Os12g0159500"
13352,"Os04g0684900"
13353,"Os10g0157400"
13354,"Os01g0149700"
13355,"Os03g0298700"
13356,"Os12g0543600"
13357,"Os03g0663800"
13358,"Os05g0382400"
13359,"Os02g0534900"
13360,"osa-miR396a"
13361,"Os11g0642800"
13362,"Os02g0465900"
13363,"Os03g0740200"
13364,"Os10g0484800"
13365,"Os05g0559400"
13366,"Os03g0663100"
13367,"Os05g0195500"
13368,"Os03g0388500"
13369,"Os07g0115400"
13370,"Os06g0641900"
13371,"Os03g0177500"
13372,"Os01g0757400"
13373,"Os10g0422300"
13374,"Os01g0393100"
13375,"Os02g0651900"
13376,"POsControl0017"
13377,"Os02g0657600"
13378,"Os03g0786500"
13379,"Os09g0513500"
13380,"Os11g0473100"
13381,"Os01g0149600"
13382,"13382"
13383,"Os04g0692400"
13384,"Os06g0726400"
13385,"Os04g0585300"
13386,"Os05g0268500"
13387,"Os01g0520500"
13388,"Os08g0326000"
13389,"Os10g0172600"
13390,"Os12g0194500"
13391,"Os06g0301300"
13392,"Os05g0525800"
13393,"Os01g0894500"
13394,"Os03g0313000"
13395,"Os03g0147700"
13396,"Os03g0391300"
13397,"POsControl0009"
13398,"Os10g0144800"
13399,"Os06g0365200"
13400,"Os08g0191500"
13401,"Os05g0551000"
13402,"Os10g0409500"
13403,"Os03g0268200"
13404,"Os03g0748000"
13405,"Os06g0191500"
13406,"Os03g0247800"
13407,"Os06g0717800"
13408,"Os03g0237100"
13409,"Os06g0659200"
13410,"Os12g0511900"
13411,"Os04g0329300"
13412,"Os01g0197600"
13413,"Os01g0253500"
13414,"Os10g0416000"
13415,"osa-miR166l"
13416,"Os10g0131700"
13417,"Os08g0137100"
13418,"Os03g0602400"
13419,"Os09g0508300"
13420,"Os05g0294600"
13421,"Os06g0562600"
13422,"Os07g0556300"
13423,"Os02g0332300"
13424,"Os02g0281800"
13425,"Os02g0535300"
13426,"Os06g0490200"
13427,"Os02g0252600"
13428,"Os04g0474600"
13429,"Os06g0324800"
13430,"Os03g0578300"
13431,"Os05g0422200"
13432,"Os07g0596600"
13433,"Os01g0173000"
13434,"Os09g0556500"
13435,"Os04g0608100"
13436,"Os01g0696100"
13437,"Os08g0430800"
13438,"Os01g0681700"
13439,"Os04g0459500"
13440,"Os07g0555200"
13441,"13441"
13442,"Os12g0594600"
13443,"Os01g0249200"
13444,"Os04g0692200"
13445,"osa-miR397b"
13446,"Os06g0112700"
13447,"Os12g0604800"
13448,"Os06g0636700"
13449,"Os04g0415900"
13450,"Os02g0744700"
13451,"Os11g0187500"
13452,"Os02g0497700"
13453,"Os11g0488500"
13454,"Os03g0109400"
13455,"Os07g0475800"
13456,"Os01g0306200"
13457,"Os08g0194900"
13458,"Os07g0110000"
13459,"Os07g0548000"
13460,"Os04g0564700"
13461,"Os02g0556700"
13462,"Os02g0519900"
13463,"Os10g0541000"
13464,"Os01g0219900"
13465,"Os01g0788200"
13466,"Os04g0258700"
13467,"Os08g0430700"
13468,"Os09g0403000"
13469,"Os08g0423400"
13470,"Os04g0512100"
13471,"Os12g0420400"
13472,"Os09g0416900"
13473,"Os02g0190700"
13474,"Os12g0611900"
13475,"Os04g0446700"
13476,"POsControl0002"
13477,"Os08g0252000"
13478,"Os03g0412400"
13479,"POsControl0019"
13480,"Os10g0543400"
13481,"Os05g0140800"
13482,"Os01g0374900"
13483,"Os04g0649700"
13484,"osa-miR395b"
13485,"Os09g0482000"
13486,"Os09g0471900"
13487,"Os09g0559800"
13488,"Os09g0555600"
13489,"Os06g0235200"
13490,"Os08g0378900"
13491,"Os02g0115900"
13492,"Os09g0491100"
13493,"Os06g0166400"
13494,"Os03g0738300"
13495,"Os12g0108100"
13496,"Os02g0721600"
13497,"Os01g0303300"
13498,"Os03g0283900"
13499,"Os09g0494300"
13500,"Os10g0497300"
13501,"Os01g0581400"
13502,"Os02g0280400"
13503,"Os01g0858800"
13504,"Os01g0169500"
13505,"Os02g0655300"
13506,"Os12g0615100"
13507,"13507"
13508,"Os09g0350900"
13509,"Os02g0613200"
13510,"Os11g0641200"
13511,"Os06g0152400"
13512,"Os01g0788900"
13513,"Os01g0360200"
13514,"Os05g0566800"
13515,"Os06g0232100"
13516,"Os04g0508600"
13517,"Os11g0286800"
13518,"Os02g0466400"
13519,"Os01g0174000"
13520,"Os01g0711000"
13521,"Os08g0509400"
13522,"Os01g0613900"
13523,"Os02g0762800"
13524,"Os04g0372700"
13525,"Os04g0298700"
13526,"Os05g0219300"
13527,"POsControl0002"
13528,"Os01g0825500"
13529,"Os12g0121100"
13530,"Os01g0691500"
13531,"Os08g0131000"
13532,"Os05g0473300"
13533,"Os05g0251400"
13534,"Os06g0586000"
13535,"Os11g0299300"
13536,"Os08g0109100"
13537,"Os01g0943900"
13538,"Os03g0785200"
13539,"Os02g0532300"
13540,"Os06g0704400"
13541,"Os07g0650600"
13542,"Os07g0672700"
13543,"Os04g0518200"
13544,"Os12g0578000"
13545,"Os04g0304200"
13546,"Os06g0725100"
13547,"Os03g0237600"
13548,"Os01g0303000"
13549,"Os12g0580300"
13550,"Os07g0516500"
13551,"Os07g0574800"
13552,"Os11g0553500"
13553,"Os09g0336600"
13554,"Os04g0386600"
13555,"Os06g0594100"
13556,"Os02g0673700"
13557,"Os11g0155000"
13558,"Os08g0169700"
13559,"Os10g0576600"
13560,"Os03g0292100"
13561,"Os03g0345300"
13562,"Os07g0685700"
13563,"osa-miR164f"
13564,"Os01g0805700"
13565,"Os06g0699400"
13566,"Os03g0255500"
13567,"Os02g0167000"
13568,"Os02g0194700"
13569,"Os02g0438200"
13570,"Os04g0430100"
13571,"Os03g0437600"
13572,"Os07g0171300"
13573,"Os02g0776800"
13574,"Os04g0563100"
13575,"Os03g0670700"
13576,"Os07g0209800"
13577,"Os02g0605400"
13578,"Os07g0119100"
13579,"Os01g0560400"
13580,"Os07g0404300"
13581,"Os07g0134200"
13582,"Os06g0350100"
13583,"Os01g0622700"
13584,"Os09g0399800"
13585,"Os12g0561000"
13586,"Os03g0120000"
13587,"osa-miR166k"
13588,"Os01g0819000"
13589,"Os06g0320800"
13590,"Os09g0555200"
13591,"Os03g0278300"
13592,"Os03g0425200"
13593,"Os01g0926200"
13594,"Os01g0753000"
13595,"Os09g0513800"
13596,"Os07g0568700"
13597,"Os03g0789200"
13598,"Os06g0346900"
13599,"Os02g0128600"
13600,"Os07g0546100"
13601,"Os02g0190200"
13602,"Os08g0485600"
13603,"Os10g0523000"
13604,"Os04g0485400"
13605,"Os02g0226800"
13606,"Os06g0300500"
13607,"Os03g0661300"
13608,"Os08g0453700"
13609,"Os03g0172100"
13610,"Os06g0639000"
13611,"Os03g0127100"
13612,"Os03g0275800"
13613,"Os04g0107800"
13614,"Os10g0105900"
13615,"Os05g0199100"
13616,"Os03g0565900"
13617,"Os05g0494100"
13618,"Os03g0617900"
13619,"Os01g0701300"
13620,"Os10g0556800"
13621,"Os09g0383500"
13622,"Os11g0543700"
13623,"Os07g0546400"
13624,"Os02g0248200"
13625,"13625"
13626,"Os05g0400500"
13627,"Os10g0575500"
13628,"Os01g0805600"
13629,"Os01g0512700"
13630,"Os11g0539500"
13631,"Os01g0674100"
13632,"Os01g0942200"
13633,"Os05g0208500"
13634,"Os02g0721600"
13635,"Os09g0535900"
13636,"Os03g0798400"
13637,"Os10g0369000"
13638,"Os05g0573800"
13639,"Os01g0580800"
13640,"Os02g0130000"
13641,"Os01g0666600"
13642,"Os04g0652900"
13643,"Os10g0160000"
13644,"Os09g0467500"
13645,"Os03g0782400"
13646,"Os05g0292200"
13647,"Os06g0351800"
13648,"Os02g0114000"
13649,"Os07g0274700"
13650,"Os08g0544900"
13651,"Os08g0177300"
13652,"Os01g0911800"
13653,"Os02g0574500"
13654,"Os11g0648800"
13655,"Os07g0406800"
13656,"Os01g0759200"
13657,"Os10g0450900"
13658,"Os03g0622200"
13659,"Os07g0534400"
13660,"POsControl0048"
13661,"Os11g0433500"
13662,"POsControl0029"
13663,"Os01g0501800"
13664,"Os08g0430000"
13665,"Os05g0227700"
13666,"Os12g0575000"
13667,"Os02g0805600"
13668,"Os01g0703300"
13669,"Os03g0151800"
13670,"Os03g0858800"
13671,"Os05g0119900"
13672,"Os10g0486600"
13673,"Os05g0513800"
13674,"Os12g0207000"
13675,"Os01g0579600"
13676,"Os05g0161100"
13677,"Os02g0329600"
13678,"Os02g0685600"
13679,"Os01g0639900"
13680,"Os03g0844000"
13681,"Os07g0519500"
13682,"Os02g0602500"
13683,"Os02g0568200"
13684,"Os05g0358000"
13685,"Os02g0219800"
13686,"Os09g0563300"
13687,"Os11g0664500"
13688,"Os01g0947000"
13689,"Os02g0818000"
13690,"13690"
13691,"Os04g0562100"
13692,"Os01g0222500"
13693,"Os02g0754500"
13694,"Os06g0474800"
13695,"Os02g0433600"
13696,"Os07g0518500"
13697,"Os04g0498800"
13698,"Os05g0444200"
13699,"Os07g0506000"
13700,"POsControl0043"
13701,"Os08g0117200"
13702,"Os07g0555000"
13703,"osa-miR395v"
13704,"Os03g0412800"
13705,"Os01g0665200"
13706,"Os05g0556900"
13707,"Os01g0798100"
13708,"Os12g0420400"
13709,"Os09g0570600"
13710,"Os05g0305000"
13711,"Os04g0632100"
13712,"Os12g0622200"
13713,"POsControl0028"
13714,"Os12g0472800"
13715,"Os05g0491500"
13716,"Os12g0581700"
13717,"13717"
13718,"Os03g0296000"
13719,"Os08g0341700"
13720,"Os01g0929200"
13721,"Os08g0285200"
13722,"Os03g0704000"
13723,"Os07g0644000"
13724,"Os04g0218400"
13725,"Os02g0745300"
13726,"Os06g0476900"
13727,"POsControl0041"
13728,"Os09g0542000"
13729,"Os05g0536400"
13730,"Os05g0591300"
13731,"Os04g0569900"
13732,"Os05g0187000"
13733,"Os01g0823400"
13734,"Os07g0227200"
13735,"Os05g0374700"
13736,"Os02g0471300"
13737,"Os02g0461900"
13738,"Os02g0187300"
13739,"Os06g0643300"
13740,"Os02g0106300"
13741,"Os06g0154900"
13742,"Os09g0248300"
13743,"Os08g0522500"
13744,"Os01g0111200"
13745,"Os07g0639400"
13746,"Os05g0195000"
13747,"Os07g0146700"
13748,"Os11g0100600"
13749,"Os03g0708400"
13750,"Os02g0792600"
13751,"Os02g0682700"
13752,"Os02g0833400"
13753,"Os01g0343800"
13754,"Os01g0681800"
13755,"Os01g0788800"
13756,"Os05g0104200"
13757,"Os04g0115800"
13758,"Os10g0195300"
13759,"Os05g0432700"
13760,"Os11g0191500"
13761,"Os07g0640400"
13762,"Os04g0650700"
13763,"Os02g0774300"
13764,"13764"
13765,"Os05g0461300"
13766,"Os11g0623700"
13767,"Os04g0320700"
13768,"Os02g0552600"
13769,"Os06g0705000"
13770,"Os04g0641400"
13771,"Os01g0902300"
13772,"Os01g0192300"
13773,"Os12g0641500"
13774,"Os10g0416500"
13775,"osa-miR167h"
13776,"Os11g0429100"
13777,"Os11g0220200"
13778,"Os02g0491700"
13779,"Os03g0143600"
13780,"Os11g0106700"
13781,"Os11g0235700"
13782,"Os01g0171000"
13783,"Os06g0136800"
13784,"Os11g0560000"
13785,"Os06g0663300"
13786,"Os06g0273800"
13787,"Os08g0553200"
13788,"Os01g0328200"
13789,"Os03g0367800"
13790,"Os03g0121700"
13791,"Os07g0687200"
13792,"Os12g0257700"
13793,"Os03g0254700"
13794,"Os10g0131000"
13795,"Os08g0159100"
13796,"Os02g0692700"
13797,"PAtControl0002"
13798,"Os11g0590900"
13799,"Os05g0350600"
13800,"Os08g0430000"
13801,"Os01g0500600"
13802,"Os02g0460200"
13803,"Os09g0539100"
13804,"Os05g0399100"
13805,"Os08g0378100"
13806,"Os10g0157400"
13807,"Os08g0345700"
13808,"POsControl0043"
13809,"Os01g0518500"
13810,"Os08g0411200"
13811,"osa-miR167d"
13812,"Os04g0321100"
13813,"Os02g0496300"
13814,"Os06g0351500"
13815,"osa-miR439h"
13816,"Os03g0244200"
13817,"Os12g0131900"
13818,"Os11g0613900"
13819,"Os01g0250300"
13820,"Os02g0725300"
13821,"Os01g0743300"
13822,"Os11g0532000"
13823,"Os03g0285700"
13824,"Os01g0893400"
13825,"Os05g0462700"
13826,"Os05g0480300"
13827,"Os03g0648800"
13828,"Os02g0178400"
13829,"Os04g0415000"
13830,"Os07g0134500"
13831,"Os02g0576700"
13832,"Os03g0859800"
13833,"Os03g0164200"
13834,"Os10g0483000"
13835,"Os03g0830300"
13836,"Os01g0906200"
13837,"Os10g0200800"
13838,"Os08g0313200"
13839,"Os02g0525700"
13840,"Os02g0670700"
13841,"Os12g0129400"
13842,"Os10g0496000"
13843,"Os01g0243600"
13844,"Os07g0194800"
13845,"Os08g0390000"
13846,"Os05g0412000"
13847,"Os09g0538000"
13848,"Os07g0587400"
13849,"osa-miR169n"
13850,"Os07g0619200"
13851,"Os02g0180200"
13852,"Os12g0572700"
13853,"Os03g0308100"
13854,"Os09g0241200"
13855,"Os07g0634600"
13856,"Os10g0442900"
13857,"Os03g0185300"
13858,"Os05g0295800"
13859,"Os03g0841400"
13860,"Os12g0403600"
13861,"Os04g0151600"
13862,"Os05g0394100"
13863,"osa-miR167g"
13864,"Os09g0536000"
13865,"Os03g0104400"
13866,"Os08g0512600"
13867,"Os06g0141700"
13868,"Os01g0558100"
13869,"Os09g0109600"
13870,"Os11g0143400"
13871,"Os06g0676600"
13872,"Os06g0695500"
13873,"Os10g0190000"
13874,"Os03g0826600"
13875,"Os06g0695300"
13876,"Os12g0239300"
13877,"Os09g0268300"
13878,"Os06g0129900"
13879,"Os02g0247600"
13880,"Os12g0147200"
13881,"Os02g0326000"
13882,"Os07g0137600"
13883,"Os01g0647200"
13884,"Os03g0233000"
13885,"Os07g0155200"
13886,"Os07g0130200"
13887,"Os12g0149900"
13888,"Os12g0194000"
13889,"Os06g0141300"
13890,"Os04g0186400"
13891,"Os06g0255000"
13892,"Os01g0559500"
13893,"Os01g0242600"
13894,"Os05g0543100"
13895,"Os04g0452100"
13896,"Os01g0588700"
13897,"Os02g0445100"
13898,"Os03g0359100"
13899,"Os05g0217800"
13900,"Os03g0293900"
13901,"Os06g0316300"
13902,"Os03g0109900"
13903,"Os08g0526200"
13904,"Os04g0591100"
13905,"13905"
13906,"Os01g0650200"
13907,"Os03g0700600"
13908,"Os04g0488600"
13909,"Os02g0507400"
13910,"Os05g0536200"
13911,"Os05g0115800"
13912,"Os05g0104800"
13913,"Os09g0408500"
13914,"Os03g0775200"
13915,"Os07g0510400"
13916,"13916"
13917,"Os11g0634200"
13918,"Os04g0154800"
13919,"Os01g0665400"
13920,"Os06g0110200"
13921,"Os11g0302600"
13922,"Os01g0516600"
13923,"Os06g0163900"
13924,"Os01g0709100"
13925,"Os08g0269500"
13926,"Os12g0263900"
13927,"Os05g0513300"
13928,"Os12g0157200"
13929,"osa-miR160b"
13930,"Os03g0176100"
13931,"Os10g0534700"
13932,"Os04g0471400"
13933,"Os07g0152900"
13934,"Os05g0317400"
13935,"Os06g0555400"
13936,"Os06g0535200"
13937,"Os03g0784700"
13938,"osa-miR394"
13939,"Os06g0304500"
13940,"Os07g0132800"
13941,"Os11g0526900"
13942,"Os03g0113000"
13943,"Os11g0224300"
13944,"Os03g0146100"
13945,"Os11g0160700"
13946,"Os04g0169100"
13947,"Os09g0518600"
13948,"Os03g0727200"
13949,"Os07g0577700"
13950,"Os09g0559200"
13951,"Os02g0697600"
13952,"Os03g0395900"
13953,"Os12g0632700"
13954,"Os06g0600400"
13955,"osa-miR393b"
13956,"Os06g0709000"
13957,"Os09g0249900"
13958,"Os04g0175900"
13959,"Os01g0928200"
13960,"Os11g0204800"
13961,"Os05g0299700"
13962,"Os12g0613700"
13963,"Os02g0765800"
13964,"Os09g0446100"
13965,"Os02g0165200"
13966,"Os05g0552700"
13967,"13967"
13968,"Os08g0191700"
13969,"Os05g0154700"
13970,"Os04g0462500"
13971,"Os01g0138400"
13972,"osa-miR319b"
13973,"Os01g0212700"
13974,"Os02g0695700"
13975,"Os02g0597900"
13976,"Os10g0456100"
13977,"Os12g0457200"
13978,"Os06g0563900"
13979,"Os04g0645200"
13980,"Os01g0657400"
13981,"Os09g0408600"
13982,"Os05g0510700"
13983,"Os06g0643500"
13984,"Os03g0267000"
13985,"Os06g0124100"
13986,"Os09g0330700"
13987,"Os05g0549700"
13988,"Os11g0117500"
13989,"Os05g0153400"
13990,"Os07g0246300"
13991,"Os05g0489500"
13992,"Os07g0668800"
13993,"Os01g0527600"
13994,"Os09g0114700"
13995,"Os02g0196100"
13996,"Os01g0648700"
13997,"Os06g0499900"
13998,"Os12g0570300"
13999,"Os12g0173400"
14000,"Os03g0437600"
14001,"14001"
14002,"Os10g0464400"
14003,"Os11g0639600"
14004,"Os09g0557500"
14005,"Os05g0569500"
14006,"Os03g0356300"
14007,"Os01g0892300"
14008,"14008"
14009,"Os05g0542100"
14010,"Os03g0201800"
14011,"Os02g0111800"
14012,"Os01g0172400"
14013,"Os05g0498700"
14014,"Os06g0290900"
14015,"Os04g0690300"
14016,"Os05g0458600"
14017,"Os12g0510500"
14018,"Os07g0575400"
14019,"Os04g0272500"
14020,"Os07g0568700"
14021,"Os11g0598000"
14022,"Os12g0528400"
14023,"Os01g0925000"
14024,"POsControl0042"
14025,"Os01g0550000"
14026,"Os08g0468100"
14027,"Os04g0469300"
14028,"Os05g0467300"
14029,"Os01g0680500"
14030,"Os03g0112100"
14031,"POsControl0016"
14032,"Os02g0197600"
14033,"Os06g0716700"
14034,"Os04g0543900"
14035,"Os07g0694000"
14036,"Os10g0564500"
14037,"Os12g0261300"
14038,"Os05g0429000"
14039,"Os02g0606000"
14040,"Os05g0445500"
14041,"Os01g0683100"
14042,"Os03g0749300"
14043,"osa-miR426"
14044,"Os03g0856500"
14045,"Os02g0174100"
14046,"Os08g0161700"
14047,"Os04g0406300"
14048,"Os11g0606900"
14049,"Os07g0277500"
14050,"Os04g0444800"
14051,"Os12g0238000"
14052,"Os03g0803500"
14053,"Os02g0827900"
14054,"Os09g0482600"
14055,"osa-miR156b"
14056,"Os07g0607200"
14057,"Os03g0792500"
14058,"Os09g0526800"
14059,"Os04g0606900"
14060,"Os01g0348000"
14061,"Os05g0316000"
14062,"Os03g0849600"
14063,"Os03g0640800"
14064,"Os01g0325400"
14065,"Os06g0286500"
14066,"osa-miR156b"
14067,"osa-miR159f"
14068,"Os10g0525400"
14069,"Os02g0315400"
14070,"Os11g0654000"
14071,"Os07g0454200"
14072,"14072"
14073,"Os02g0208900"
14074,"Os12g0266000"
14075,"Os09g0525600"
14076,"Os03g0692700"
14077,"Os03g0206400"
14078,"Os11g0449200"
14079,"Os07g0615900"
14080,"Os02g0136900"
14081,"POsControl0041"
14082,"Os08g0130300"
14083,"POsControl0006"
14084,"Os03g0816300"
14085,"Os02g0814200"
14086,"Os01g0794800"
14087,"Os02g0123400"
14088,"Os09g0408800"
14089,"Os02g0169300"
14090,"osa-miR399d"
14091,"Os07g0607800"
14092,"Os05g0429700"
14093,"Os02g0778200"
14094,"Os10g0530500"
14095,"Os01g0198900"
14096,"Os01g0755100"
14097,"Os04g0618200"
14098,"Os11g0438500"
14099,"Os03g0843800"
14100,"Os09g0249000"
14101,"Os08g0386300"
14102,"Os08g0180000"
14103,"Os05g0427300"
14104,"Os01g0501800"
14105,"Os06g0552300"
14106,"Os03g0410100"
14107,"Os10g0317300"
14108,"Os05g0407500"
14109,"Os02g0157300"
14110,"Os12g0589100"
14111,"Os03g0283400"
14112,"Os06g0668200"
14113,"Os05g0345400"
14114,"Os03g0333800"
14115,"Os01g0888700"
14116,"Os05g0164800"
14117,"Os01g0756300"
14118,"Os03g0389400"
14119,"Os08g0487500"
14120,"Os07g0668800"
14121,"Os11g0601600"
14122,"Os07g0167700"
14123,"Os02g0465600"
14124,"Os12g0228400"
14125,"Os01g0598300"
14126,"Os12g0507400"
14127,"14127"
14128,"Os09g0465600"
14129,"Os03g0192700"
14130,"Os07g0438600"
14131,"Os04g0644600"
14132,"Os02g0751600"
14133,"Os05g0144000"
14134,"Os06g0258900"
14135,"Os06g0194400"
14136,"Os04g0598300"
14137,"Os02g0819600"
14138,"Os02g0118000"
14139,"Os06g0699700"
14140,"Os02g0528200"
14141,"Os01g0680400"
14142,"Os10g0470700"
14143,"Os12g0583300"
14144,"Os05g0218400"
14145,"Os04g0498700"
14146,"Os03g0123600"
14147,"Os02g0615300"
14148,"Os08g0457100"
14149,"14149"
14150,"Os05g0419500"
14151,"Os03g0269100"
14152,"Os12g0202800"
14153,"Os02g0602500"
14154,"Os01g0948200"
14155,"Os12g0588400"
14156,"Os07g0665700"
14157,"Os12g0127400"
14158,"Os06g0554700"
14159,"Os01g0186200"
14160,"Os04g0378400"
14161,"Os12g0516900"
14162,"Os03g0657000"
14163,"Os09g0298200"
14164,"Os04g0377600"
14165,"Os12g0613200"
14166,"Os07g0582100"
14167,"Os04g0386500"
14168,"Os10g0177400"
14169,"14169"
14170,"Os04g0376500"
14171,"Os01g0840200"
14172,"osa-miR416"
14173,"Os07g0174200"
14174,"Os12g0438300"
14175,"Os07g0409900"
14176,"Os02g0237000"
14177,"Os01g0740400"
14178,"Os12g0152700"
14179,"Os04g0640900"
14180,"Os04g0415100"
14181,"14181"
14182,"Os02g0132300"
14183,"Os01g0785600"
14184,"Os06g0718400"
14185,"Os04g0650600"
14186,"Os06g0571400"
14187,"Os10g0536100"
14188,"POsControl0044"
14189,"Os05g0542200"
14190,"Os05g0369500"
14191,"Os03g0222600"
14192,"Os01g0674100"
14193,"osa-miR395v"
14194,"Os08g0144000"
14195,"Os07g0281900"
14196,"Os08g0266700"
14197,"Os09g0520700"
14198,"Os09g0400400"
14199,"Os01g0136000"
14200,"Os04g0690800"
14201,"Os02g0101400"
14202,"Os08g0320200"
14203,"Os06g0718500"
14204,"Os10g0382600"
14205,"Os06g0661000"
14206,"Os03g0781700"
14207,"Os03g0726200"
14208,"Os10g0114500"
14209,"Os05g0187800"
14210,"Os06g0146400"
14211,"Os03g0181500"
14212,"Os06g0146700"
14213,"Os09g0389500"
14214,"Os12g0163400"
14215,"Os11g0523800"
14216,"Os09g0115500"
14217,"Os08g0487000"
14218,"14218"
14219,"Os09g0338400"
14220,"Os04g0611200"
14221,"Os06g0237400"
14222,"Os03g0180300"
14223,"Os02g0222100"
14224,"Os03g0266800"
14225,"Os09g0502000"
14226,"Os03g0638800"
14227,"Os08g0192800"
14228,"Os04g0321800"
14229,"Os03g0248500"
14230,"Os04g0538300"
14231,"Os06g0572000"
14232,"Os02g0464900"
14233,"Os07g0119700"
14234,"Os04g0520800"
14235,"Os01g0799000"
14236,"PTaControl0001"
14237,"Os08g0433600"
14238,"Os05g0119700"
14239,"Os03g0323100"
14240,"Os04g0433100"
14241,"Os03g0369400"
14242,"Os07g0661400"
14243,"Os05g0266900"
14244,"Os05g0386900"
14245,"Os09g0473300"
14246,"osa-miR399h"
14247,"Os10g0115200"
14248,"Os04g0570700"
14249,"Os12g0613700"
14250,"Os02g0573500"
14251,"Os01g0918100"
14252,"Os03g0851400"
14253,"Os10g0539600"
14254,"Os12g0130900"
14255,"Os05g0555600"
14256,"Os02g0191300"
14257,"Os03g0275500"
14258,"Os06g0531200"
14259,"Os04g0410400"
14260,"Os11g0210600"
14261,"Os01g0279700"
14262,"Os08g0382400"
14263,"Os01g0191200"
14264,"Os01g0154500"
14265,"Os01g0915600"
14266,"osa-miR395h"
14267,"Os04g0582000"
14268,"Os12g0520200"
14269,"Os09g0460200"
14270,"Os03g0184700"
14271,"Os02g0276500"
14272,"Os07g0619500"
14273,"Os01g0709400"
14274,"Os03g0844800"
14275,"Os11g0180100"
14276,"Os06g0712900"
14277,"Os02g0586400"
14278,"Os05g0372100"
14279,"Os06g0246000"
14280,"Os04g0443000"
14281,"Os02g0615800"
14282,"Os11g0474800"
14283,"osa-miR439e"
14284,"Os09g0561000"
14285,"Os02g0750200"
14286,"Os04g0479100"
14287,"Os02g0760200"
14288,"Os01g0914000"
14289,"Os02g0651500"
14290,"Os04g0321400"
14291,"Os01g0261400"
14292,"Os06g0554300"
14293,"Os02g0201000"
14294,"Os08g0408300"
14295,"Os01g0310500"
14296,"Os02g0644000"
14297,"Os03g0657000"
14298,"Os10g0573400"
14299,"osa-miR395t"
14300,"Os11g0602900"
14301,"Os01g0757800"
14302,"Os04g0611800"
14303,"Os03g0825800"
14304,"osa-miR399i"
14305,"Os09g0451000"
14306,"Os01g0738600"
14307,"Os08g0318400"
14308,"Os03g0746700"
14309,"Os01g0884800"
14310,"Os04g0620700"
14311,"Os08g0518000"
14312,"14312"
14313,"osa-miR439d"
14314,"Os03g0438900"
14315,"Os08g0564300"
14316,"Os07g0475400"
14317,"Os01g0142100"
14318,"Os02g0197600"
14319,"Os08g0158800"
14320,"Os06g0687500"
14321,"osa-miR169j"
14322,"Os02g0806300"
14323,"Os02g0821800"
14324,"Os09g0541000"
14325,"Os01g0924300"
14326,"Os03g0703000"
14327,"Os05g0597100"
14328,"Os06g0224400"
14329,"Os01g0719700"
14330,"Os07g0179000"
14331,"Os12g0285600"
14332,"Os03g0769700"
14333,"osa-miR164f"
14334,"Os01g0923700"
14335,"Os03g0383800"
14336,"Os01g0108200"
14337,"Os04g0678800"
14338,"Os02g0768200"
14339,"Os08g0481000"
14340,"Os03g0127200"
14341,"Os11g0308500"
14342,"Os04g0206200"
14343,"Os01g0883800"
14344,"Os12g0591300"
14345,"Os11g0579200"
14346,"Os08g0441700"
14347,"Os07g0277600"
14348,"Os01g0691200"
14349,"Os07g0220000"
14350,"Os01g0349800"
14351,"Os04g0392300"
14352,"Os12g0150700"
14353,"Os08g0532900"
14354,"Os05g0566400"
14355,"Os01g0578000"
14356,"Os08g0562600"
14357,"Os04g0672300"
14358,"Os04g0613800"
14359,"Os10g0150600"
14360,"Os02g0255500"
14361,"Os02g0798300"
14362,"Os09g0506000"
14363,"Os11g0181900"
14364,"Os08g0151000"
14365,"Os09g0339600"
14366,"PZmControl0002"
14367,"Os03g0259600"
14368,"Os11g0307300"
14369,"Os11g0211400"
14370,"Os03g0277500"
14371,"Os04g0449900"
14372,"Os03g0722700"
14373,"Os01g0565900"
14374,"Os10g0536000"
14375,"Os05g0481600"
14376,"Os04g0611300"
14377,"Os03g0168200"
14378,"Os02g0712800"
14379,"Os05g0556000"
14380,"Os05g0491100"
14381,"Os04g0117300"
14382,"Os04g0407800"
14383,"Os04g0218900"
14384,"Os11g0227800"
14385,"Os02g0186900"
14386,"POsControl0034"
14387,"Os02g0634600"
14388,"Os07g0415200"
14389,"Os03g0789000"
14390,"Os11g0558400"
14391,"Os01g0174500"
14392,"Os03g0133900"
14393,"Os04g0458800"
14394,"Os06g0643600"
14395,"Os09g0526000"
14396,"Os08g0466200"
14397,"Os06g0133100"
14398,"Os05g0227700"
14399,"POsControl0039"
14400,"Os08g0202500"
14401,"Os08g0296700"
14402,"Os06g0645400"
14403,"Os05g0477300"
14404,"14404"
14405,"Os07g0587000"
14406,"Os03g0124200"
14407,"Os02g0708200"
14408,"Os04g0496100"
14409,"Os08g0105600"
14410,"Os05g0540100"
14411,"Os03g0861300"
14412,"Os08g0505700"
14413,"Os10g0436900"
14414,"Os04g0569900"
14415,"Os09g0383300"
14416,"Os07g0229800"
14417,"Os02g0686300"
14418,"Os04g0629700"
14419,"Os01g0825500"
14420,"Os05g0568900"
14421,"Os03g0401300"
14422,"Os03g0198300"
14423,"Os03g0427100"
14424,"Os03g0687000"
14425,"Os03g0594400"
14426,"Os02g0230200"
14427,"Os07g0504800"
14428,"Os08g0494600"
14429,"Os11g0289700"
14430,"Os04g0606000"
14431,"14431"
14432,"Os12g0429600"
14433,"Os12g0575200"
14434,"Os12g0268000"
14435,"Os12g0405400"
14436,"Os03g0277000"
14437,"Os02g0834100"
14438,"Os10g0533100"
14439,"Os06g0141800"
14440,"Os09g0292900"
14441,"Os11g0222200"
14442,"Os02g0801000"
14443,"Os07g0225000"
14444,"Os05g0275600"
14445,"Os08g0375900"
14446,"Os06g0535300"
14447,"Os02g0565600"
14448,"Os03g0296400"
14449,"Os06g0172600"
14450,"Os04g0607600"
14451,"Os03g0177900"
14452,"Os08g0417000"
14453,"Os11g0167800"
14454,"Os01g0923000"
14455,"Os03g0822000"
14456,"Os06g0255900"
14457,"Os10g0439600"
14458,"Os12g0617800"
14459,"Os12g0197400"
14460,"Os05g0243000"
14461,"Os04g0439200"
14462,"14462"
14463,"Os05g0501300"
14464,"Os02g0126000"
14465,"Os01g0275600"
14466,"Os09g0460800"
14467,"Os11g0707000"
14468,"Os01g0634300"
14469,"Os01g0885500"
14470,"Os06g0154200"
14471,"Os08g0464000"
14472,"Os03g0807900"
14473,"14473"
14474,"Os07g0607500"
14475,"Os04g0530900"
14476,"Os02g0120500"
14477,"Os10g0487400"
14478,"Os06g0568200"
14479,"Os04g0634900"
14480,"Os02g0790500"
14481,"Os12g0615800"
14482,"14482"
14483,"Os04g0140800"
14484,"Os05g0267100"
14485,"Os07g0675200"
14486,"Os01g0267200"
14487,"Os02g0229000"
14488,"Os06g0528300"
14489,"Os03g0708100"
14490,"Os09g0412200"
14491,"Os10g0151100"
14492,"Os11g0199200"
14493,"Os06g0244000"
14494,"Os03g0803400"
14495,"Os11g0155900"
14496,"Os03g0135300"
14497,"Os02g0322400"
14498,"Os11g0212900"
14499,"Os03g0393900"
14500,"Os10g0438700"
14501,"Os12g0639500"
14502,"Os07g0464900"
14503,"Os11g0270000"
14504,"Os11g0116200"
14505,"Os07g0243200"
14506,"Os08g0461800"
14507,"Os03g0194100"
14508,"Os06g0130100"
14509,"Os04g0650000"
14510,"Os03g0323200"
14511,"Os04g0456200"
14512,"Os05g0200100"
14513,"Os07g0583600"
14514,"Os01g0978000"
14515,"Os05g0217800"
14516,"Os02g0708100"
14517,"Os10g0488800"
14518,"Os04g0502900"
14519,"Os05g0538900"
14520,"Os05g0207900"
14521,"Os07g0642900"
14522,"Os07g0550600"
14523,"Os04g0423400"
14524,"Os10g0492300"
14525,"Os05g0552300"
14526,"Os02g0121500"
14527,"Os05g0127300"
14528,"Os01g0744200"
14529,"POsControl0001"
14530,"Os02g0781000"
14531,"Os11g0671000"
14532,"Os01g0114700"
14533,"Os04g0153800"
14534,"Os12g0189500"
14535,"Os11g0593900"
14536,"Os07g0577900"
14537,"Os06g0728300"
14538,"Os05g0323900"
14539,"Os01g0587000"
14540,"Os03g0684300"
14541,"Os01g0756400"
14542,"Os01g0827700"
14543,"Os07g0215500"
14544,"Os06g0108900"
14545,"Os10g0481100"
14546,"Os07g0557100"
14547,"Os01g0759400"
14548,"Os01g0135900"
14549,"Os10g0390800"
14550,"Os12g0143800"
14551,"Os12g0111700"
14552,"Os04g0461800"
14553,"Os04g0390500"
14554,"Os03g0760700"
14555,"Os01g0535900"
14556,"Os06g0665000"
14557,"Os08g0309300"
14558,"Os01g0112400"
14559,"Os07g0289600"
14560,"Os03g0683800"
14561,"Os02g0826500"
14562,"Os04g0609300"
14563,"Os09g0538800"
14564,"Os03g0825300"
14565,"Os04g0650700"
14566,"Os03g0735100"
14567,"Os04g0183100"
14568,"Os03g0448700"
14569,"Os02g0725300"
14570,"Os04g0450500"
14571,"Os05g0112000"
14572,"Os06g0498500"
14573,"Os01g0385000"
14574,"14574"
14575,"Os01g0905700"
14576,"Os05g0500100"
14577,"Os11g0620300"
14578,"Os02g0555000"
14579,"Os02g0606900"
14580,"Os09g0450700"
14581,"Os03g0753100"
14582,"Os02g0169700"
14583,"Os07g0176400"
14584,"Os08g0476300"
14585,"Os08g0150800"
14586,"Os07g0189400"
14587,"Os02g0644000"
14588,"Os08g0148200"
14589,"osa-miR419"
14590,"Os02g0586900"
14591,"Os04g0460900"
14592,"Os01g0837500"
14593,"Os04g0652500"
14594,"Os01g0687600"
14595,"Os12g0636700"
14596,"Os02g0708400"
14597,"Os02g0105900"
14598,"Os06g0713500"
14599,"Os10g0351700"
14600,"Os03g0151100"
14601,"POsControl0003"
14602,"POsControl0004"
14603,"Os07g0130300"
14604,"Os07g0519100"
14605,"Os11g0488600"
14606,"Os05g0111200"
14607,"Os03g0831800"
14608,"Os01g0121800"
14609,"POsControl0010"
14610,"Os03g0178800"
14611,"Os07g0103600"
14612,"Os01g0129500"
14613,"Os03g0274300"
14614,"Os03g0769800"
14615,"Os08g0200100"
14616,"Os06g0499000"
14617,"Os03g0718100"
14618,"Os12g0242800"
14619,"Os04g0568800"
14620,"Os01g0138500"
14621,"Os01g0773500"
14622,"Os02g0672600"
14623,"Os08g0412200"
14624,"Os06g0551400"
14625,"Os03g0323500"
14626,"Os11g0519100"
14627,"Os01g0782800"
14628,"Os01g0256600"
14629,"Os04g0598000"
14630,"Os08g0434100"
14631,"14631"
14632,"Os03g0280400"
14633,"Os08g0551300"
14634,"Os09g0111800"
14635,"Os06g0580000"
14636,"Os12g0502800"
14637,"Os09g0401100"
14638,"Os01g0658400"
14639,"Os05g0582800"
14640,"Os12g0142900"
14641,"Os05g0575300"
14642,"Os05g0168800"
14643,"Os07g0526600"
14644,"Os04g0376500"
14645,"Os02g0274000"
14646,"Os06g0101600"
14647,"Os09g0534800"
14648,"Os01g0198200"
14649,"Os10g0161800"
14650,"osa-miR169g"
14651,"Os06g0206000"
14652,"Os04g0162100"
14653,"Os04g0602500"
14654,"Os04g0559200"
14655,"Os02g0811800"
14656,"Os01g0239000"
14657,"Os07g0418700"
14658,"PGmControl0001"
14659,"Os05g0495300"
14660,"Os03g0165600"
14661,"Os03g0304100"
14662,"Os03g0824200"
14663,"Os11g0216100"
14664,"Os11g0657100"
14665,"Os05g0404200"
14666,"Os02g0151300"
14667,"Os02g0543200"
14668,"Os04g0584600"
14669,"Os09g0279000"
14670,"Os10g0500500"
14671,"POsControl0001"
14672,"Os07g0209800"
14673,"14673"
14674,"Os08g0519600"
14675,"Os02g0204500"
14676,"Os10g0523700"
14677,"Os01g0141600"
14678,"Os02g0191200"
14679,"Os06g0319600"
14680,"Os07g0639000"
14681,"Os02g0199900"
14682,"osa-miR399e"
14683,"Os03g0217200"
14684,"Os01g0525500"
14685,"Os02g0826800"
14686,"Os01g0381900"
14687,"Os09g0486500"
14688,"Os01g0131800"
14689,"Os09g0440300"
14690,"Os04g0660400"
14691,"Os03g0706900"
14692,"Os11g0448400"
14693,"Os08g0288400"
14694,"Os01g0588900"
14695,"Os08g0530400"
14696,"Os02g0624400"
14697,"Os03g0181500"
14698,"Os05g0157300"
14699,"Os01g0926700"
14700,"Os01g0773200"
14701,"Os04g0339800"
14702,"Os06g0280900"
14703,"Os11g0109700"
14704,"Os12g0433100"
14705,"Os02g0245200"
14706,"Os07g0572300"
14707,"Os05g0181200"
14708,"Os03g0277600"
14709,"Os12g0106900"
14710,"Os09g0563200"
14711,"Os04g0631800"
14712,"Os03g0159700"
14713,"Os08g0419000"
14714,"Os03g0183100"
14715,"Os05g0496200"
14716,"Os05g0417000"
14717,"Os05g0129100"
14718,"Os02g0226500"
14719,"Os06g0665800"
14720,"Os03g0143700"
14721,"Os08g0108100"
14722,"Os07g0592200"
14723,"Os12g0541200"
14724,"Os04g0505400"
14725,"Os01g0778100"
14726,"Os06g0633900"
14727,"Os04g0446100"
14728,"Os05g0524800"
14729,"Os04g0419700"
14730,"Os05g0333000"
14731,"Os10g0133600"
14732,"Os11g0512200"
14733,"Os11g0148800"
14734,"Os06g0232800"
14735,"Os05g0477500"
14736,"Os04g0576800"
14737,"Os02g0323900"
14738,"Os01g0278600"
14739,"Os02g0541900"
14740,"Os03g0343500"
14741,"Os11g0294600"
14742,"Os01g0279800"
14743,"Os09g0495400"
14744,"Os06g0238000"
14745,"Os06g0226600"
14746,"Os08g0129200"
14747,"Os03g0279600"
14748,"osa-miR160e"
14749,"Os02g0641800"
14750,"Os10g0470200"
14751,"Os10g0545000"
14752,"Os08g0551000"
14753,"Os11g0454800"
14754,"14754"
14755,"Os01g0810400"
14756,"Os10g0145200"
14757,"Os07g0654400"
14758,"Os01g0238700"
14759,"Os10g0138100"
14760,"Os12g0601500"
14761,"Os08g0116400"
14762,"Os09g0452800"
14763,"Os05g0219800"
14764,"Os03g0713400"
14765,"Os01g0696000"
14766,"Os05g0101400"
14767,"Os08g0178800"
14768,"osa-miR171f"
14769,"Os03g0146200"
14770,"Os12g0634200"
14771,"PTaControl0002"
14772,"Os01g0612900"
14773,"Os03g0740800"
14774,"Os02g0175900"
14775,"Os11g0686500"
14776,"Os04g0114000"
14777,"Os08g0203600"
14778,"Os09g0419200"
14779,"Os01g0243900"
14780,"Os04g0559700"
14781,"Os12g0561000"
14782,"Os12g0505800"
14783,"Os05g0217800"
14784,"osa-miR415"
14785,"Os03g0618800"
14786,"Os03g0719900"
14787,"Os02g0767700"
14788,"Os03g0390200"
14789,"Os02g0445700"
14790,"Os03g0276600"
14791,"Os03g0565500"
14792,"Os08g0399600"
14793,"Os11g0114700"
14794,"Os06g0136300"
14795,"Os02g0640200"
14796,"Os05g0304200"
14797,"Os03g0832800"
14798,"Os02g0822000"
14799,"Os03g0330200"
14800,"Os03g0738100"
14801,"Os10g0543500"
14802,"Os01g0495900"
14803,"Os11g0629300"
14804,"Os07g0229900"
14805,"Os01g0127200"
14806,"osa-miR160d"
14807,"Os10g0190000"
14808,"Os03g0165300"
14809,"Os01g0791500"
14810,"Os06g0320000"
14811,"Os08g0164100"
14812,"Os02g0281000"
14813,"Os02g0781400"
14814,"Os03g0187400"
14815,"Os11g0135300"
14816,"Os09g0401200"
14817,"14817"
14818,"Os02g0157000"
14819,"Os12g0233600"
14820,"Os05g0421600"
14821,"Os06g0583500"
14822,"Os05g0165600"
14823,"Os07g0248900"
14824,"Os05g0527800"
14825,"Os09g0248000"
14826,"Os04g0560700"
14827,"Os03g0173900"
14828,"Os03g0107900"
14829,"Os07g0623500"
14830,"Os01g0548000"
14831,"Os09g0526700"
14832,"Os03g0406200"
14833,"Os04g0348000"
14834,"Os04g0605500"
14835,"Os03g0334000"
14836,"Os10g0430700"
14837,"Os12g0264500"
14838,"Os04g0475000"
14839,"Os06g0710300"
14840,"Os01g0541800"
14841,"Os02g0832700"
14842,"Os05g0554000"
14843,"Os03g0115800"
14844,"Os10g0506800"
14845,"Os01g0739400"
14846,"Os01g0586600"
14847,"Os07g0682700"
14848,"Os12g0197500"
14849,"14849"
14850,"Os10g0125300"
14851,"Os03g0700200"
14852,"Os01g0972300"
14853,"Os06g0656300"
14854,"Os05g0596600"
14855,"Os01g0371800"
14856,"Os05g0594700"
14857,"Os06g0211600"
14858,"Os07g0413800"
14859,"Os07g0130900"
14860,"Os03g0710100"
14861,"Os12g0564100"
14862,"Os09g0338400"
14863,"Os05g0554400"
14864,"Os07g0240200"
14865,"Os05g0449600"
14866,"Os01g0390400"
14867,"Os05g0217800"
14868,"Os02g0581800"
14869,"Os02g0304800"
14870,"Os02g0817600"
14871,"Os01g0733000"
14872,"Os02g0324300"
14873,"Os12g0502600"
14874,"Os06g0543500"
14875,"Os10g0135600"
14876,"Os07g0649600"
14877,"Os01g0742400"
14878,"Os04g0635500"
14879,"osa-miR169f"
14880,"Os08g0190200"
14881,"Os07g0553500"
14882,"Os04g0683500"
14883,"Os03g0780600"
14884,"Os01g0511000"
14885,"Os03g0670000"
14886,"Os06g0571800"
14887,"Os12g0416500"
14888,"Os04g0530500"
14889,"Os06g0133000"
14890,"Os01g0200600"
14891,"Os02g0257300"
14892,"Os06g0716700"
14893,"Os09g0248000"
14894,"Os03g0427300"
14895,"Os04g0186800"
14896,"Os06g0653800"
14897,"Os01g0952100"
14898,"Os01g0243300"
14899,"Os06g0607100"
14900,"POsControl0022"
14901,"Os02g0605600"
14902,"Os02g0644400"
14903,"Os08g0246800"
14904,"Os12g0209700"
14905,"Os03g0135800"
14906,"Os02g0149700"
14907,"Os03g0601100"
14908,"Os11g0634800"
14909,"Os09g0299500"
14910,"Os08g0366000"
14911,"Os05g0463400"
14912,"Os11g0642800"
14913,"Os04g0494100"
14914,"Os01g0113600"
14915,"Os11g0463700"
14916,"Os07g0523300"
14917,"Os06g0191900"
14918,"Os04g0412800"
14919,"Os11g0133500"
14920,"Os08g0219600"
14921,"Os04g0572300"
14922,"Os10g0569600"
14923,"Os01g0719100"
14924,"Os04g0685600"
14925,"Os07g0184900"
14926,"Os02g0709300"
14927,"Os09g0554000"
14928,"Os04g0155200"
14929,"Os03g0396900"
14930,"Os02g0227000"
14931,"Os11g0619000"
14932,"Os01g0687500"
14933,"Os02g0712500"
14934,"Os02g0527600"
14935,"POsControl0025"
14936,"Os05g0311000"
14937,"Os12g0503000"
14938,"Os01g0881300"
14939,"Os02g0598300"
14940,"Os04g0667900"
14941,"Os12g0226700"
14942,"Os02g0235900"
14943,"Os12g0267700"
14944,"Os06g0614400"
14945,"Os05g0500700"
14946,"Os11g0557400"
14947,"Os11g0195700"
14948,"14948"
14949,"Os07g0132700"
14950,"Os06g0486900"
14951,"POsControl0039"
14952,"Os01g0878900"
14953,"Os07g0171100"
14954,"Os06g0161800"
14955,"Os10g0513900"
14956,"Os11g0115400"
14957,"Os12g0416800"
14958,"Os05g0472700"
14959,"Os07g0110800"
14960,"Os01g0728000"
14961,"Os01g0339400"
14962,"Os03g0701000"
14963,"Os01g0246300"
14964,"Os02g0628100"
14965,"Os05g0241200"
14966,"Os03g0249100"
14967,"Os01g0680700"
14968,"Os11g0692300"
14969,"Os03g0200700"
14970,"Os02g0284500"
14971,"Os09g0347300"
14972,"Os05g0513500"
14973,"Os08g0536100"
14974,"Os01g0158400"
14975,"Os10g0552900"
14976,"Os12g0610800"
14977,"Os01g0636600"
14978,"Os01g0247900"
14979,"POsControl0020"
14980,"14980"
14981,"Os07g0667400"
14982,"Os02g0511600"
14983,"Os12g0241400"
14984,"Os12g0175400"
14985,"Os02g0731400"
14986,"Os02g0528000"
14987,"Os01g0142800"
14988,"Os09g0514500"
14989,"Os02g0456100"
14990,"Os02g0625000"
14991,"14991"
14992,"Os07g0175600"
14993,"14993"
14994,"Os07g0545900"
14995,"Os02g0761700"
14996,"Os04g0644700"
14997,"Os11g0704500"
14998,"Os04g0690500"
14999,"Os10g0125600"
15000,"Os07g0271600"
15001,"Os04g0542900"
15002,"Os01g0841600"
15003,"Os06g0218600"
15004,"osa-miR395k"
15005,"Os07g0180900"
15006,"Os07g0125000"
15007,"Os04g0667000"
15008,"Os06g0238700"
15009,"Os03g0579800"
15010,"Os05g0534600"
15011,"Os11g0294500"
15012,"Os03g0604700"
15013,"Os02g0152500"
15014,"Os01g0283100"
15015,"Os07g0680400"
15016,"Os10g0166600"
15017,"Os11g0607100"
15018,"Os12g0125200"
15019,"Os01g0914300"
15020,"Os12g0277500"
15021,"Os07g0111600"
15022,"Os02g0722200"
15023,"Os10g0437100"
15024,"Os04g0267600"
15025,"Os03g0163500"
15026,"Os02g0535000"
15027,"Os03g0254400"
15028,"Os05g0136400"
15029,"Os01g0283600"
15030,"Os04g0465000"
15031,"15031"
15032,"Os11g0121600"
15033,"Os12g0273700"
15034,"15034"
15035,"Os09g0129500"
15036,"Os11g0267100"
15037,"Os12g0168900"
15038,"Os07g0516400"
15039,"osa-miR399b"
15040,"Os04g0353200"
15041,"Os05g0526900"
15042,"Os02g0634900"
15043,"Os02g0636400"
15044,"Os01g0355900"
15045,"Os06g0189600"
15046,"Os12g0263000"
15047,"Os03g0422200"
15048,"Os06g0701100"
15049,"Os11g0278900"
15050,"Os02g0195600"
15051,"osa-miR160b"
15052,"Os07g0498200"
15053,"Os05g0441500"
15054,"Os03g0853900"
15055,"Os03g0429800"
15056,"Os05g0361200"
15057,"Os06g0642900"
15058,"Os04g0576900"
15059,"Os08g0553600"
15060,"Os02g0117400"
15061,"Os02g0139700"
15062,"Os05g0208500"
15063,"Os02g0510200"
15064,"Os12g0169400"
15065,"Os01g0798500"
15066,"Os04g0411100"
15067,"Os08g0127600"
15068,"Os02g0802700"
15069,"Os01g0655400"
15070,"Os06g0147800"
15071,"Os02g0276900"
15072,"Os03g0130500"
15073,"Os03g0285200"
15074,"Os04g0457000"
15075,"Os05g0587300"
15076,"Os07g0154100"
15077,"Os02g0829300"
15078,"Os06g0651100"
15079,"Os06g0554300"
15080,"Os02g0827900"
15081,"Os04g0528000"
15082,"Os05g0269000"
15083,"Os09g0510900"
15084,"Os04g0483500"
15085,"Os03g0827000"
15086,"Os03g0403400"
15087,"Os03g0124500"
15088,"Os09g0282300"
15089,"Os01g0803200"
15090,"Os04g0553300"
15091,"Os08g0254600"
15092,"Os04g0605500"
15093,"Os07g0492000"
15094,"Os03g0647400"
15095,"Os01g0262700"
15096,"Os08g0519600"
15097,"Os03g0299600"
15098,"Os02g0641900"
15099,"POsControl0032"
15100,"Os01g0270300"
15101,"Os07g0559700"
15102,"Os01g0658900"
15103,"Os01g0975300"
15104,"Os08g0117100"
15105,"Os03g0183700"
15106,"Os01g0796700"
15107,"Os06g0189600"
15108,"Os03g0753500"
15109,"Os01g0269800"
15110,"Os03g0751600"
15111,"Os03g0119500"
15112,"Os08g0137200"
15113,"Os03g0198900"
15114,"Os01g0349400"
15115,"Os09g0393200"
15116,"Os04g0599000"
15117,"Os10g0467800"
15118,"Os11g0610900"
15119,"Os02g0667300"
15120,"Os01g0879500"
15121,"Os05g0317200"
15122,"Os02g0543000"
15123,"Os03g0366000"
15124,"Os08g0481100"
15125,"Os02g0705000"
15126,"Os01g0104800"
15127,"osa-miR169e"
15128,"Os02g0128800"
15129,"Os10g0521300"
15130,"Os01g0892800"
15131,"Os08g0493900"
15132,"Os01g0674200"
15133,"Os01g0667700"
15134,"Os03g0359700"
15135,"Os07g0688300"
15136,"Os10g0502500"
15137,"15137"
15138,"15138"
15139,"Os04g0604000"
15140,"Os05g0303300"
15141,"POsControl0005"
15142,"Os05g0170200"
15143,"Os11g0668600"
15144,"Os06g0320500"
15145,"Os10g0407500"
15146,"Os02g0308400"
15147,"Os01g0833700"
15148,"Os01g0876400"
15149,"Os11g0609900"
15150,"Os09g0101000"
15151,"Os01g0647100"
15152,"Os10g0462200"
15153,"Os02g0206100"
15154,"Os12g0595600"
15155,"Os08g0178900"
15156,"Os02g0751900"
15157,"Os10g0194400"
15158,"Os12g0169100"
15159,"Os12g0131200"
15160,"Os03g0664900"
15161,"Os04g0588500"
15162,"Os03g0748900"
15163,"Os05g0391600"
15164,"Os07g0631700"
15165,"Os04g0500700"
15166,"Os03g0767800"
15167,"Os01g0819500"
15168,"Os01g0574600"
15169,"Os09g0489800"
15170,"Os07g0294600"
15171,"Os10g0180800"
15172,"Os08g0359300"
15173,"Os04g0626700"
15174,"Os09g0481400"
15175,"Os02g0307600"
15176,"Os07g0658400"
15177,"Os05g0457200"
15178,"Os08g0532300"
15179,"Os07g0291200"
15180,"Os04g0656500"
15181,"Os05g0289100"
15182,"Os02g0189200"
15183,"Os07g0244600"
15184,"Os09g0361400"
15185,"Os07g0182100"
15186,"Os03g0849100"
15187,"Os11g0618500"
15188,"Os04g0688100"
15189,"Os06g0691100"
15190,"Os05g0261700"
15191,"Os07g0691800"
15192,"Os09g0342100"
15193,"Os06g0602800"
15194,"Os03g0703900"
15195,"Os04g0233400"
15196,"Os11g0153200"
15197,"Os02g0693500"
15198,"Os05g0104000"
15199,"Os07g0415600"
15200,"Os02g0673100"
15201,"Os12g0514900"
15202,"Os06g0106100"
15203,"Os01g0595400"
15204,"Os02g0132600"
15205,"Os03g0216500"
15206,"Os09g0346500"
15207,"15207"
15208,"Os07g0568300"
15209,"Os08g0400000"
15210,"15210"
15211,"Os03g0722500"
15212,"Os01g0834900"
15213,"Os01g0819800"
15214,"Os02g0510200"
15215,"Os11g0195800"
15216,"Os03g0158600"
15217,"Os05g0154600"
15218,"Os07g0579000"
15219,"osa-miR167e"
15220,"Os03g0616400"
15221,"POsControl0002"
15222,"Os11g0276300"
15223,"PTaControl0002"
15224,"Os10g0364800"
15225,"Os12g0292000"
15226,"Os01g0353800"
15227,"Os11g0206300"
15228,"Os07g0630900"
15229,"Os12g0231100"
15230,"Os06g0273800"
15231,"Os02g0273800"
15232,"Os03g0452300"
15233,"Os01g0743200"
15234,"Os04g0558400"
15235,"Os01g0897000"
15236,"Os06g0627400"
15237,"Os11g0182500"
15238,"Os08g0103700"
15239,"Os04g0413500"
15240,"15240"
15241,"Os08g0112700"
15242,"Os02g0236800"
15243,"Os10g0432300"
15244,"Os09g0502100"
15245,"Os10g0195000"
15246,"15246"
15247,"Os11g0670900"
15248,"Os07g0468900"
15249,"Os01g0617700"
15250,"Os02g0131800"
15251,"Os06g0114500"
15252,"Os07g0639000"
15253,"Os06g0245900"
15254,"Os08g0149000"
15255,"Os11g0700900"
15256,"Os12g0528000"
15257,"Os02g0583000"
15258,"Os06g0709100"
15259,"Os06g0103200"
15260,"Os01g0627500"
15261,"Os06g0190500"
15262,"Os05g0353500"
15263,"Os08g0159700"
15264,"Os04g0577300"
15265,"Os11g0199600"
15266,"Os05g0542500"
15267,"Os02g0560600"
15268,"Os06g0534800"
15269,"Os09g0542900"
15270,"Os07g0545400"
15271,"Os06g0643900"
15272,"Os10g0499500"
15273,"Os06g0178600"
15274,"osa-miR395h"
15275,"Os03g0103300"
15276,"Os05g0567100"
15277,"Os03g0665700"
15278,"Os01g0362000"
15279,"Os03g0327700"
15280,"Os05g0135700"
15281,"Os01g0887700"
15282,"Os02g0794900"
15283,"Os01g0133000"
15284,"Os01g0314800"
15285,"Os12g0631600"
15286,"Os11g0532200"
15287,"Os02g0530100"
15288,"Os08g0136300"
15289,"Os01g0908500"
15290,"Os09g0279300"
15291,"Os07g0205200"
15292,"Os12g0137500"
15293,"Os07g0216100"
15294,"Os07g0637100"
15295,"Os03g0586800"
15296,"Os01g0666900"
15297,"Os04g0624300"
15298,"Os02g0245100"
15299,"osa-miR167a"
15300,"Os02g0561400"
15301,"Os06g0728700"
15302,"Os11g0190700"
15303,"Os11g0660500"
15304,"Os04g0350000"
15305,"Os04g0619300"
15306,"Os09g0248200"
15307,"osa-miR399c"
15308,"Os03g0851300"
15309,"Os12g0454800"
15310,"Os10g0554200"
15311,"Os08g0461300"
15312,"Os04g0605100"
15313,"Os02g0759700"
15314,"osa-miR169o"
15315,"Os02g0834300"
15316,"Os12g0517100"
15317,"Os02g0222500"
15318,"Os09g0121000"
15319,"Os09g0280300"
15320,"Os01g0658400"
15321,"osa-miR439c"
15322,"Os03g0267500"
15323,"Os08g0422900"
15324,"Os02g0307900"
15325,"Os04g0165300"
15326,"Os11g0528300"
15327,"15327"
15328,"Os06g0551400"
15329,"PAtControl0001"
15330,"Os08g0104300"
15331,"Os01g0905400"
15332,"Os04g0413600"
15333,"Os03g0711200"
15334,"Os09g0110700"
15335,"Os11g0568500"
15336,"Os12g0197500"
15337,"Os08g0112300"
15338,"Os11g0593700"
15339,"POsControl0016"
15340,"POsControl0032"
15341,"Os02g0124600"
15342,"Os12g0495600"
15343,"Os10g0125700"
15344,"Os07g0628500"
15345,"Os10g0558700"
15346,"15346"
15347,"Os05g0200500"
15348,"Os12g0193100"
15349,"Os06g0171700"
15350,"Os01g0152300"
15351,"Os11g0225300"
15352,"Os05g0567500"
15353,"15353"
15354,"osa-miR156f"
15355,"Os12g0636900"
15356,"Os06g0651600"
15357,"Os09g0110400"
15358,"Os04g0583500"
15359,"Os01g0919600"
15360,"Os03g0807400"
15361,"Os03g0387900"
15362,"Os01g0920300"
15363,"Os03g0289200"
15364,"Os06g0170800"
15365,"Os09g0474100"
15366,"Os11g0492100"
15367,"Os03g0736400"
15368,"Os01g0898400"
15369,"Os09g0422000"
15370,"Os12g0282400"
15371,"Os08g0205900"
15372,"Os01g0509900"
15373,"Os03g0184000"
15374,"Os06g0530400"
15375,"Os02g0538700"
15376,"15376"
15377,"Os07g0404400"
15378,"Os05g0157100"
15379,"Os01g0730300"
15380,"Os11g0454300"
15381,"Os08g0267800"
15382,"Os01g0705600"
15383,"Os02g0570400"
15384,"Os03g0762700"
15385,"15385"
15386,"Os04g0640700"
15387,"Os01g0171200"
15388,"Os02g0653900"
15389,"Os05g0346100"
15390,"Os12g0581900"
15391,"Os11g0448100"
15392,"Os06g0234800"
15393,"Os10g0503500"
15394,"Os06g0219800"
15395,"Os06g0602200"
15396,"Os02g0730000"
15397,"Os07g0206700"
15398,"15398"
15399,"Os11g0136800"
15400,"Os01g0852000"
15401,"Os05g0583400"
15402,"Os03g0718100"
15403,"Os05g0217800"
15404,"Os03g0698800"
15405,"Os03g0701900"
15406,"Os04g0204100"
15407,"Os05g0541800"
15408,"Os09g0442800"
15409,"Os06g0521900"
15411,"Os04g0572600"
15412,"Os01g0323600"
15413,"Os06g0726800"
15414,"Os08g0323600"
15415,"Os04g0357700"
15416,"Os08g0321000"
15417,"Os04g0543700"
15418,"Os03g0560200"
15419,"Os02g0819200"
15420,"Os12g0436400"
15421,"Os12g0498500"
15422,"Os03g0736700"
15423,"Os02g0196300"
15424,"Os04g0114900"
15425,"Os07g0608100"
15426,"Os01g0901000"
15427,"Os04g0650200"
15428,"Os10g0511900"
15429,"Os07g0296800"
15430,"Os06g0575100"
15431,"Os02g0325100"
15432,"Os03g0273200"
15433,"Os05g0557900"
15434,"POsControl0045"
15435,"Os02g0824500"
15436,"Os05g0381900"
15437,"Os04g0428900"
15438,"Os09g0497100"
15439,"Os02g0616100"
15440,"osa-miR156d"
15441,"Os05g0577700"
15442,"Os11g0435800"
15443,"Os03g0651100"
15444,"Os03g0184400"
15445,"Os08g0200300"
15446,"Os02g0455800"
15447,"Os01g0710700"
15448,"Os01g0530100"
15449,"Os08g0207600"
15450,"Os09g0397200"
15451,"Os07g0184200"
15452,"Os08g0409900"
15453,"Os02g0669000"
15454,"Os04g0414100"
15455,"Os01g0520800"
15456,"Os01g0654100"
15457,"Os06g0281400"
15458,"Os01g0832000"
15459,"Os07g0589200"
15460,"Os04g0648700"
15461,"Os03g0637600"
15462,"Os10g0524700"
15463,"Os08g0332900"
15464,"Os05g0370600"
15465,"Os01g0762500"
15466,"Os02g0561900"
15467,"Os02g0158000"
15468,"Os04g0617700"
15469,"Os03g0745600"
15470,"Os07g0461600"
15471,"Os06g0636800"
15472,"Os12g0424700"
15473,"Os04g0106300"
15474,"Os12g0435200"
15475,"Os07g0295000"
15476,"Os09g0484300"
15477,"Os01g0744300"
15478,"Os09g0390400"
15479,"Os06g0599200"
15480,"Os04g0692000"
15481,"Os11g0629100"
15482,"Os01g0949900"
15483,"Os10g0323600"
15484,"Os05g0395000"
15485,"Os01g0104400"
15486,"Os11g0545000"
15487,"Os09g0415000"
15488,"15488"
15489,"Os11g0124500"
15490,"Os04g0610700"
15491,"15491"
15492,"Os03g0648000"
15493,"Os06g0716700"
15494,"Os03g0754200"
15495,"Os01g0914600"
15496,"Os02g0569600"
15497,"Os03g0281900"
15498,"Os11g0694100"
15499,"Os02g0119200"
15500,"Os04g0191600"
15501,"Os01g0604000"
15502,"15502"
15503,"Os02g0134400"
15504,"Os05g0302100"
15505,"Os05g0176100"
15506,"Os02g0648100"
15507,"Os10g0437600"
15508,"Os08g0198000"
15509,"Os07g0687400"
15510,"Os12g0145700"
15511,"Os02g0220500"
15512,"Os07g0446600"
15513,"Os08g0156100"
15514,"Os04g0636700"
15515,"Os09g0124800"
15516,"Os03g0340500"
15517,"Os12g0125700"
15518,"Os02g0695200"
15519,"Os03g0160200"
15520,"Os02g0462000"
15521,"Os02g0796900"
15522,"Os06g0668200"
15523,"Os02g0696500"
15524,"Os10g0154200"
15525,"osa-miR169d"
15526,"Os05g0495400"
15527,"Os01g0971700"
15528,"Os03g0345200"
15529,"Os01g0529800"
15530,"Os07g0534000"
15531,"Os07g0148900"
15532,"Os10g0495400"
15533,"Os05g0217800"
15534,"Os12g0285100"
15535,"Os05g0585800"
15536,"Os06g0720400"
15537,"Os06g0703500"
15538,"Os03g0228900"
15539,"Os11g0429800"
15540,"Os03g0292200"
15541,"Os09g0513000"
15542,"Os11g0527000"
15543,"Os02g0265900"
15544,"Os03g0164400"
15545,"Os12g0282000"
15546,"Os01g0672400"
15547,"Os07g0640900"
15548,"osa-miR169b"
15549,"Os05g0217800"
15550,"Os12g0109600"
15551,"Os02g0832200"
15552,"Os04g0446300"
15553,"Os02g0617600"
15554,"Os10g0537500"
15555,"Os07g0492300"
15556,"Os01g0888600"
15557,"Os07g0264000"
15558,"Os02g0165800"
15559,"Os05g0569900"
15560,"Os11g0552600"
15561,"Os01g0836800"
15562,"Os02g0770100"
15563,"Os07g0687100"
15564,"Os11g0136100"
15565,"Os12g0609800"
15566,"Os03g0294700"
15567,"Os09g0459800"
15568,"Os08g0139000"
15569,"Os01g0720200"
15570,"Os09g0264400"
15571,"Os02g0281200"
15572,"Os08g0529100"
15573,"Os02g0195600"
15574,"Os04g0580700"
15575,"Os01g0148700"
15576,"Os01g0102800"
15577,"Os02g0666500"
15578,"Os07g0590500"
15579,"Os08g0544500"
15580,"Os07g0575800"
15581,"Os03g0713400"
15582,"Os12g0506500"
15583,"Os12g0115000"
15584,"Os07g0231400"
15585,"Os03g0175600"
15586,"Os08g0369200"
15587,"Os01g0332800"
15588,"Os03g0856700"
15589,"Os04g0682300"
15590,"Os03g0161100"
15591,"Os07g0461800"
15592,"Os10g0502600"
15593,"Os03g0790600"
15594,"Os05g0159500"
15595,"Os06g0332600"
15596,"Os04g0495700"
15597,"Os10g0190000"
15598,"Os08g0154300"
15599,"Os03g0337200"
15600,"Os01g0757200"
15601,"Os08g0474000"
15602,"Os10g0534100"
15603,"Os08g0505900"
15604,"Os03g0118400"
15605,"Os07g0430200"
15606,"Os11g0126500"
15607,"Os04g0472700"
15608,"Os08g0161900"
15609,"Os12g0637000"
15610,"Os01g0761300"
15611,"Os03g0772900"
15612,"Os08g0561900"
15613,"Os01g0139200"
15614,"15614"
15615,"Os05g0594700"
15616,"Os03g0852500"
15617,"Os03g0747600"
15618,"15618"
15619,"Os01g0869500"
15620,"Os07g0554500"
15621,"Os01g0273500"
15622,"Os07g0179000"
15623,"Os08g0518200"
15624,"Os06g0309000"
15625,"Os11g0421800"
15626,"Os03g0834000"
15627,"Os09g0482100"
15628,"Os07g0520600"
15629,"Os05g0178300"
15630,"Os01g0348900"
15631,"Os10g0141600"
15632,"Os04g0611800"
15633,"osa-miR166k"
15634,"Os01g0698500"
15635,"Os11g0147200"
15636,"Os05g0477300"
15637,"Os06g0705600"
15638,"Os02g0797500"
15639,"Os05g0230700"
15640,"Os07g0239500"
15641,"Os10g0340600"
15642,"Os11g0644700"
15643,"osa-miR438"
15644,"Os04g0508800"
15645,"Os01g0243700"
15646,"Os10g0525200"
15647,"Os12g0541500"
15648,"Os02g0147600"
15649,"Os05g0491100"
15650,"Os05g0432200"
15651,"Os08g0294300"
15652,"Os06g0218600"
15653,"Os08g0101500"
15654,"Os10g0135500"
15655,"Os05g0150900"
15656,"Os05g0206600"
15657,"Os03g0343500"
15658,"Os12g0545900"
15659,"Os03g0298900"
15660,"Os07g0108900"
15661,"Os09g0486500"
15662,"Os02g0676800"
15663,"Os02g0272600"
15664,"Os01g0165100"
15665,"Os03g0563200"
15666,"Os07g0649500"
15667,"15667"
15668,"Os05g0519600"
15669,"Os05g0130200"
15670,"Os06g0641400"
15671,"Os01g0571100"
15672,"Os05g0121600"
15673,"Os04g0581000"
15674,"Os07g0290200"
15675,"Os08g0525500"
15676,"Os02g0724600"
15677,"Os03g0598700"
15678,"Os02g0471500"
15679,"Os12g0197700"
15680,"Os08g0151100"
15681,"Os01g0664600"
15682,"Os03g0241500"
15683,"Os06g0210200"
15684,"Os01g0757800"
15685,"Os01g0652100"
15686,"Os06g0485100"
15687,"Os07g0232500"
15688,"Os11g0135400"
15689,"Os03g0766900"
15690,"Os09g0545300"
15691,"Os01g0223700"
15692,"Os09g0411700"
15693,"Os03g0727000"
15694,"Os01g0246500"
15695,"Os08g0254900"
15696,"Os05g0420900"
15697,"Os06g0103800"
15698,"Os09g0326800"
15699,"Os08g0174500"
15700,"Os01g0705800"
15701,"Os02g0759700"
15702,"Os08g0482500"
15703,"Os06g0566500"
15704,"Os11g0169600"
15705,"Os10g0346200"
15706,"Os06g0621800"
15707,"osa-miR419"
15708,"Os06g0726400"
15709,"Os06g0667300"
15710,"Os05g0535600"
15711,"Os02g0174300"
15712,"Os07g0666900"
15713,"Os05g0405000"
15714,"Os01g0546500"
15715,"Os07g0155600"
15716,"osa-miR435"
15717,"15717"
15718,"Os09g0246300"
15719,"Os05g0545000"
15720,"Os05g0150700"
15721,"Os11g0656700"
15722,"Os01g0939000"
15723,"Os12g0407100"
15724,"Os08g0130900"
15725,"Os08g0545600"
15726,"Os01g0961300"
15727,"Os08g0421900"
15728,"Os03g0395000"
15729,"Os02g0559400"
15730,"Os12g0639200"
15731,"Os12g0242500"
15732,"Os05g0546600"
15733,"Os12g0633400"
15734,"Os11g0425300"
15735,"Os08g0484600"
15736,"Os04g0616800"
15737,"Os07g0527000"
15738,"Os01g0972900"
15739,"Os06g0275900"
15740,"Os05g0155000"
15741,"Os01g0889400"
15742,"Os03g0220400"
15744,"Os03g0165200"
15745,"Os08g0113100"
15746,"Os02g0697900"
15747,"Os02g0465000"
15748,"Os04g0330900"
15749,"Os02g0667100"
15750,"Os03g0227000"
15751,"Os01g0250100"
15752,"15752"
15753,"Os09g0110400"
15754,"Os06g0203200"
15755,"Os02g0128000"
15756,"Os07g0510600"
15757,"Os06g0316000"
15758,"Os09g0437400"
15759,"Os07g0437000"
15760,"Os03g0827900"
15761,"15761"
15762,"Os04g0268000"
15763,"osa-miR399a"
15764,"Os11g0270700"
15765,"Os08g0453400"
15766,"osa-miR441c"
15767,"Os09g0328700"
15768,"Os11g0156300"
15769,"Os09g0258000"
15770,"Os04g0441700"
15771,"Os03g0685900"
15772,"Os05g0563900"
15773,"Os02g0158400"
15774,"Os03g0177900"
15775,"Os07g0678400"
15776,"Os07g0267400"
15777,"Os03g0265400"
15778,"Os08g0546700"
15779,"Os04g0173800"
15780,"Os05g0522600"
15781,"Os03g0248500"
15782,"Os07g0583200"
15783,"Os05g0426400"
15784,"Os08g0531600"
15785,"Os10g0427300"
15786,"Os01g0146200"
15787,"Os08g0130500"
15788,"Os03g0119900"
15789,"Os02g0193800"
15790,"Os12g0263800"
15791,"Os08g0248300"
15792,"Os02g0665400"
15793,"Os07g0549200"
15794,"Os06g0656500"
15795,"Os02g0804300"
15796,"Os09g0563300"
15797,"Os08g0530400"
15798,"Os02g0536500"
15799,"Os05g0540200"
15800,"Os02g0813500"
15801,"Os03g0275900"
15802,"Os12g0498700"
15803,"Os04g0550200"
15804,"Os09g0484800"
15805,"Os06g0581300"
15806,"Os11g0146700"
15807,"Os02g0208400"
15808,"Os09g0534500"
15809,"Os12g0236800"
15810,"Os06g0650700"
15811,"Os03g0392400"
15812,"Os02g0749200"
15813,"Os02g0141400"
15814,"Os01g0743300"
15815,"Os01g0556400"
15816,"Os04g0454600"
15817,"Os02g0752300"
15818,"Os12g0116900"
15819,"Os02g0102800"
15820,"Os01g0730500"
15821,"Os05g0530800"
15822,"Os01g0354200"
15823,"Os04g0414000"
15824,"Os01g0742100"
15825,"Os02g0739100"
15826,"Os03g0390700"
15827,"Os06g0144000"
15828,"Os01g0306800"
15829,"Os03g0715400"
15830,"Os01g0570800"
15831,"Os02g0590400"
15832,"Os02g0682600"
15833,"Os08g0158000"
15834,"Os04g0278200"
15835,"Os09g0513100"
15836,"Os01g0575500"
15837,"Os05g0232200"
15838,"Os10g0331500"
15839,"Os02g0301800"
15840,"Os07g0264100"
15841,"Os01g0907400"
15842,"Os10g0510500"
15843,"Os01g0560200"
15844,"Os01g0906600"
15845,"Os01g0693300"
15846,"Os04g0553800"
15847,"Os02g0808600"
15848,"Os03g0158500"
15849,"Os07g0202300"
15850,"Os02g0558100"
15851,"Os03g0708600"
15852,"Os10g0318000"
15853,"Os11g0475000"
15854,"Os03g0845100"
15855,"Os12g0541700"
15856,"Os09g0564200"
15857,"Os03g0704200"
15858,"Os06g0207700"
15859,"Os08g0493100"
15860,"Os07g0671800"
15861,"Os03g0109400"
15862,"Os02g0249600"
15863,"Os03g0568900"
15864,"Os12g0568800"
15865,"Os09g0296700"
15866,"Os01g0935300"
15867,"Os07g0600700"
15868,"Os06g0509100"
15869,"Os07g0184800"
15870,"Os02g0782200"
15871,"Os11g0200900"
15872,"Os01g0550000"
15873,"Os02g0104700"
15874,"Os02g0811000"
15875,"Os05g0555900"
15876,"Os06g0578700"
15877,"Os12g0515100"
15878,"Os03g0432100"
15879,"Os07g0251800"
15880,"Os05g0554500"
15881,"Os04g0494100"
15882,"Os03g0732700"
15883,"Os01g0237500"
15884,"Os02g0641900"
15885,"osa-miR439f"
15886,"Os03g0421400"
15887,"Os06g0694400"
15888,"Os11g0210300"
15889,"Os04g0676600"
15890,"Os01g0899700"
15891,"Os05g0536000"
15892,"Os03g0414100"
15893,"Os09g0110300"
15894,"Os06g0291600"
15895,"Os03g0327800"
15896,"Os09g0400700"
15897,"Os03g0319100"
15898,"Os11g0647000"
15899,"Os02g0468800"
15900,"Os01g0754800"
15901,"Os06g0301000"
15902,"Os03g0131500"
15903,"Os04g0607400"
15904,"Os01g0225200"
15905,"Os08g0109300"
15906,"Os07g0109700"
15907,"Os12g0604400"
15908,"Os05g0477600"
15909,"Os02g0804800"
15910,"Os08g0224100"
15911,"Os07g0530700"
15912,"Os02g0672400"
15913,"Os05g0118800"
15914,"Os02g0692100"
15915,"Os07g0673700"
15916,"Os11g0232100"
15917,"Os01g0220500"
15918,"Os12g0131400"
15919,"Os12g0624000"
15920,"Os09g0565400"
15921,"Os06g0108500"
15922,"Os04g0506100"
15923,"Os08g0288400"
15924,"Os04g0475300"
15925,"Os02g0704900"
15926,"Os03g0832800"
15927,"Os03g0425000"
15928,"Os06g0728800"
15929,"Os05g0596200"
15930,"Os07g0163000"
15931,"Os07g0664600"
15932,"Os03g0415200"
15933,"Os01g0667600"
15934,"Os01g0741900"
15935,"Os07g0558000"
15936,"Os06g0623300"
15937,"Os12g0180900"
15938,"Os11g0707600"
15939,"Os07g0570500"
15940,"Os08g0120300"
15941,"Os06g0246500"
15942,"Os01g0766600"
15943,"POsControl0004"
15944,"Os11g0239800"
15945,"Os01g0319000"
15946,"Os05g0534900"
15947,"Os08g0321600"
15948,"Os03g0589300"
15949,"Os06g0694900"
15950,"Os03g0231800"
15951,"Os11g0475600"
15952,"Os07g0562800"
15953,"Os04g0393300"
15954,"Os01g0781000"
15955,"Os01g0215700"
15956,"Os05g0226900"
15957,"Os09g0532000"
15958,"Os03g0360200"
15959,"Os03g0104800"
15960,"Os11g0309000"
15961,"Os09g0540900"
15962,"Os07g0626900"
15963,"Os11g0491400"
15964,"Os02g0306100"
15965,"Os11g0582000"
15966,"Os08g0310100"
15967,"Os04g0352400"
15968,"Os09g0536300"
15969,"Os05g0305300"
15970,"Os03g0319400"
15971,"Os01g0920300"
15972,"Os01g0228500"
15973,"Os10g0162300"
15974,"Os02g0135900"
15975,"Os03g0607500"
15976,"Os02g0182900"
15977,"Os01g0194000"
15978,"Os11g0103400"
15979,"Os06g0299300"
15980,"Os09g0434900"
15981,"Os01g0106300"
15982,"Os12g0417000"
15983,"Os03g0325500"
15984,"Os02g0733200"
15985,"Os03g0810600"
15986,"Os12g0129000"
15987,"Os03g0118400"
15988,"Os03g0789400"
15989,"Os03g0116800"
15990,"Os02g0559800"
15991,"Os02g0187800"
15992,"Os01g0848400"
15993,"Os01g0841600"
15994,"Os11g0558500"
15995,"PAtControl0001"
15996,"15996"
15997,"Os01g0969200"
15998,"Os09g0551900"
15999,"Os06g0193400"
16000,"Os04g0685500"
16001,"Os01g0584100"
16002,"Os03g0244000"
16003,"Os04g0664600"
16004,"Os10g0169300"
16005,"Os07g0158100"
16006,"Os02g0620100"
16007,"Os10g0389800"
16008,"Os10g0413500"
16009,"Os05g0272200"
16010,"Os10g0549100"
16011,"Os01g0591000"
16012,"Os05g0217800"
16013,"Os12g0183100"
16014,"Os08g0299300"
16015,"Os11g0305300"
16016,"Os05g0420600"
16017,"Os08g0229700"
16018,"Os03g0285100"
16019,"Os08g0155000"
16020,"Os06g0644200"
16021,"Os02g0552700"
16022,"Os07g0665400"
16023,"Os04g0223300"
16024,"POsControl0028"
16025,"Os02g0794500"
16026,"Os07g0569100"
16027,"Os07g0515500"
16028,"Os03g0353900"
16029,"Os01g0279200"
16030,"Os06g0489200"
16031,"Os01g0930800"
16032,"Os06g0332700"
16033,"Os06g0251000"
16034,"Os04g0649000"
16035,"Os06g0233400"
16036,"Os06g0477500"
16037,"Os02g0705100"
16038,"Os01g0602400"
16039,"Os01g0879800"
16040,"Os04g0111500"
16041,"Os01g0204900"
16042,"Os10g0505700"
16043,"Os03g0363700"
16044,"Os03g0266900"
16045,"Os09g0549300"
16046,"Os12g0621900"
16047,"Os07g0599600"
16048,"Os09g0344700"
16049,"Os07g0454100"
16050,"Os03g0695600"
16051,"Os03g0110300"
16052,"Os02g0181900"
16053,"Os02g0573400"
16054,"Os06g0128200"
16055,"Os01g0754200"
16056,"Os05g0140100"
16057,"Os04g0236400"
16058,"Os08g0386800"
16059,"Os02g0437200"
16060,"Os01g0110700"
16061,"Os03g0177900"
16062,"Os01g0818800"
16063,"Os05g0487600"
16064,"16064"
16065,"Os01g0109300"
16066,"Os10g0199500"
16067,"Os08g0545400"
16068,"Os07g0600700"
16069,"Os02g0699700"
16070,"Os05g0567500"
16071,"Os10g0571300"
16072,"Os12g0600600"
16073,"Os07g0479600"
16074,"Os04g0486800"
16075,"Os09g0530800"
16076,"Os07g0435100"
16077,"Os04g0476600"
16078,"Os04g0580400"
16079,"Os02g0690800"
16080,"Os04g0548700"
16081,"Os05g0552600"
16082,"Os04g0462600"
16083,"Os08g0352100"
16084,"Os05g0316800"
16085,"Os03g0784400"
16086,"Os07g0492500"
16087,"Os02g0779000"
16088,"Os04g0535400"
16089,"Os06g0159700"
16090,"Os03g0248600"
16091,"16091"
16092,"osa-miR395p"
16093,"Os07g0619200"
16094,"Os08g0300100"
16095,"osa-miR171e"
16096,"Os04g0206200"
16097,"Os08g0435900"
16098,"Os11g0197600"
16099,"Os02g0168200"
16100,"Os02g0198200"
16101,"Os10g0577000"
16102,"Os03g0108300"
16103,"Os02g0740400"
16104,"Os08g0510700"
16105,"Os09g0404300"
16106,"Os06g0196300"
16107,"Os05g0100100"
16108,"Os06g0234100"
16109,"Os01g0753100"
16110,"Os07g0586100"
16111,"Os07g0118300"
16112,"Os03g0223900"
16113,"Os04g0449900"
16114,"Os05g0168200"
16115,"Os08g0224100"
16116,"Os07g0573400"
16117,"POsControl0009"
16118,"Os05g0516100"
16119,"Os03g0405600"
16120,"Os03g0787300"
16121,"Os01g0766600"
16122,"osa-miR169j"
16123,"Os10g0324600"
16124,"Os05g0475700"
16125,"Os04g0460500"
16126,"Os09g0494300"
16127,"Os01g0957000"
16128,"Os07g0554900"
16129,"Os12g0210200"
16130,"Os03g0305500"
16131,"Os02g0767500"
16132,"Os03g0113100"
16133,"Os03g0346800"
16134,"Os02g0435600"
16135,"Os03g0267800"
16136,"Os07g0694700"
16137,"Os07g0545500"
16138,"Os03g0128700"
16139,"Os03g0773600"
16140,"Os01g0558800"
16141,"Os02g0778300"
16142,"Os07g0555300"
16143,"Os05g0470800"
16144,"Os05g0574900"
16145,"Os03g0674300"
16146,"Os02g0109900"
16147,"Os01g0953000"
16148,"Os07g0653000"
16149,"Os07g0639800"
16150,"Os02g0184400"
16151,"Os03g0175900"
16152,"Os04g0330800"
16153,"Os09g0484900"
16154,"Os08g0510500"
16155,"Os01g0616300"
16156,"Os04g0299500"
16157,"Os11g0179100"
16158,"16158"
16159,"Os07g0673400"
16160,"Os02g0512400"
16161,"Os01g0218600"
16162,"Os11g0136300"
16163,"Os04g0375300"
16164,"Os07g0567700"
16165,"Os05g0155500"
16166,"Os02g0274900"
16167,"16167"
16168,"Os03g0352800"
16169,"Os04g0489800"
16170,"Os05g0110800"
16171,"Os02g0312700"
16172,"Os11g0544700"
16173,"Os12g0509300"
16174,"Os03g0404500"
16175,"Os05g0305700"
16176,"Os07g0242400"
16177,"Os06g0662200"
16178,"Os03g0764600"
16179,"Os05g0390500"
16180,"Os01g0120400"
16181,"Os02g0135500"
16182,"Os12g0544600"
16183,"Os03g0154700"
16184,"Os03g0128800"
16185,"Os12g0640800"
16186,"Os01g0814900"
16187,"Os05g0597700"
16188,"Os05g0199500"
16189,"Os05g0521300"
16190,"Os12g0115700"
16191,"Os05g0304900"
16192,"Os01g0239000"
16193,"osa-miR399e"
16194,"Os06g0567200"
16195,"Os05g0164800"
16196,"Os11g0182200"
16197,"Os05g0574500"
16198,"POsControl0042"
16199,"Os05g0566900"
16200,"Os06g0669400"
16201,"Os08g0486200"
16202,"16202"
16203,"Os03g0750100"
16204,"Os09g0285800"
16205,"Os10g0534600"
16206,"Os04g0226600"
16207,"Os03g0436600"
16208,"Os06g0167400"
16209,"Os03g0686400"
16210,"Os03g0802900"
16211,"Os08g0225100"
16212,"Os05g0215000"
16213,"Os01g0834100"
16214,"Os08g0427900"
16215,"Os02g0766000"
16216,"Os04g0547900"
16217,"osa-miR445d"
16218,"Os01g0720800"
16219,"Os09g0538600"
16220,"16220"
16221,"Os06g0301500"
16222,"Os01g0281600"
16223,"Os06g0675900"
16224,"Os02g0504000"
16225,"Os11g0151300"
16226,"Os08g0466200"
16227,"Os12g0576600"
16228,"Os03g0325600"
16229,"Os03g0104000"
16230,"Os01g0329800"
16231,"Os01g0644000"
16232,"Os11g0109400"
16233,"POsControl0018"
16234,"Os01g0627800"
16235,"Os01g0511300"
16236,"Os05g0557000"
16237,"Os12g0639100"
16238,"Os09g0428900"
16239,"Os03g0266000"
16240,"Os03g0729700"
16241,"Os03g0711800"
16242,"Os03g0675600"
16243,"Os03g0281600"
16244,"Os06g0131100"
16245,"Os10g0486000"
16246,"Os10g0161700"
16247,"POsControl0009"
16248,"Os05g0204600"
16249,"Os10g0415600"
16250,"Os04g0303200"
16251,"Os05g0275700"
16252,"Os07g0445900"
16253,"Os10g0368400"
16254,"Os02g0459600"
16255,"Os10g0394000"
16256,"Os09g0559800"
16257,"16257"
16258,"Os12g0429200"
16259,"Os07g0677200"
16260,"Os01g0527700"
16261,"Os01g0232100"
16262,"Os05g0533900"
16263,"Os02g0689200"
16264,"Os02g0637700"
16265,"Os02g0561000"
16266,"Os02g0595900"
16267,"Os06g0551500"
16268,"Os04g0657100"
16269,"Os01g0824000"
16270,"Os02g0163400"
16271,"Os07g0544000"
16272,"Os05g0188300"
16273,"Os03g0692700"
16274,"Os07g0563800"
16275,"Os07g0486700"
16276,"Os11g0144500"
16277,"Os12g0481100"
16278,"Os01g0562400"
16279,"Os04g0401900"
16280,"Os07g0687200"
16281,"Os08g0114400"
16282,"Os01g0743600"
16283,"Os10g0206800"
16284,"16284"
16285,"Os06g0280200"
16286,"Os07g0626300"
16287,"Os01g0625300"
16288,"Os02g0252100"
16289,"Os06g0709200"
16290,"Os01g0392600"
16291,"osa-miR171b"
16292,"Os07g0108900"
16293,"Os01g0976600"
16294,"Os08g0464400"
16295,"Os06g0138700"
16296,"Os07g0442800"
16297,"Os08g0398000"
16298,"Os05g0512200"
16299,"16299"
16300,"Os12g0272800"
16301,"Os06g0136600"
16302,"Os07g0206700"
16303,"Os01g0243000"
16304,"Os01g0685800"
16305,"Os12g0140300"
16306,"Os01g0835600"
16307,"Os04g0365100"
16308,"Os03g0125800"
16309,"Os06g0608500"
16310,"Os06g0592400"
16311,"Os04g0584600"
16312,"Os06g0614100"
16313,"Os06g0708900"
16314,"Os04g0574600"
16315,"Os12g0144000"
16316,"Os11g0523700"
16317,"osa-miR414"
16318,"Os03g0617500"
16319,"Os06g0183800"
16320,"osa-miR166c"
16321,"Os02g0732700"
16322,"Os12g0566000"
16323,"Os06g0158500"
16324,"Os03g0651300"
16325,"Os06g0589300"
16326,"Os02g0792100"
16327,"Os05g0231900"
16328,"Os07g0240300"
16329,"Os06g0631300"
16330,"Os12g0128700"
16331,"Os08g0494000"
16332,"Os01g0232700"
16333,"Os11g0229300"
16334,"Os06g0115800"
16335,"Os03g0679800"
16336,"Os01g0297700"
16337,"POsControl0029"
16338,"Os04g0469200"
16339,"Os05g0434800"
16340,"Os05g0156900"
16341,"Os03g0105300"
16342,"Os03g0379300"
16343,"Os02g0673100"
16344,"Os07g0562700"
16345,"Os05g0143300"
16346,"Os03g0753100"
16347,"Os04g0395600"
16348,"Os05g0586500"
16349,"Os01g0860900"
16350,"Os03g0709000"
16351,"Os08g0282700"
16352,"Os03g0100400"
16353,"Os01g0667700"
16354,"Os12g0114800"
16355,"Os01g0258700"
16356,"Os05g0156300"
16357,"Os07g0296100"
16358,"Os05g0296700"
16359,"Os01g0900200"
16360,"Os09g0521900"
16361,"Os03g0689200"
16362,"Os11g0220800"
16363,"Os06g0585200"
16364,"Os07g0143500"
16365,"Os04g0470100"
16366,"Os06g0708600"
16367,"Os03g0151800"
16368,"Os04g0165300"
16369,"Os07g0574800"
16370,"Os03g0114000"
16371,"Os02g0720900"
16372,"Os09g0558100"
16373,"Os08g0104600"
16374,"Os10g0462800"
16375,"Os07g0477500"
16376,"Os04g0561900"
16377,"Os12g0118600"
16378,"Os12g0550700"
16379,"Os02g0151800"
16380,"Os01g0874700"
16381,"Os01g0613400"
16382,"Os07g0151700"
16383,"Os12g0515400"
16384,"osa-miR395r"
16385,"Os04g0662000"
16386,"Os03g0150700"
16387,"Os05g0456900"
16388,"Os05g0126400"
16389,"Os05g0432400"
16390,"Os09g0384900"
16391,"Os01g0862200"
16392,"PZmControl0001"
16393,"Os03g0643100"
16394,"Os04g0505300"
16395,"Os06g0271500"
16396,"POsControl0027"
16397,"Os02g0185500"
16398,"osa-miR445a"
16399,"Os11g0125500"
16400,"Os07g0194300"
16401,"Os02g0672500"
16402,"Os03g0565100"
16403,"Os12g0584700"
16404,"Os04g0105100"
16405,"Os08g0205700"
16406,"Os04g0443200"
16407,"16407"
16408,"Os12g0148700"
16409,"Os08g0351700"
16410,"Os11g0683600"
16411,"Os10g0539900"
16412,"Os06g0606800"
16413,"Os06g0607300"
16414,"Os01g0227500"
16415,"Os11g0213800"
16416,"Os07g0543600"
16417,"Os03g0201600"
16418,"Os05g0494500"
16419,"Os10g0416100"
16420,"PZmControl0003"
16421,"Os04g0398500"
16422,"Os02g0773300"
16423,"Os05g0595800"
16424,"16424"
16425,"Os05g0579100"
16426,"Os05g0382500"
16427,"Os02g0159400"
16428,"Os09g0281700"
16429,"Os02g0224200"
16430,"Os07g0525400"
16431,"Os01g0707500"
16432,"Os08g0222800"
16433,"Os08g0498100"
16434,"Os05g0387600"
16435,"Os04g0344100"
16436,"Os01g0799500"
16437,"Os07g0162600"
16438,"Os02g0221300"
16439,"Os01g0633500"
16440,"Os03g0146300"
16441,"Os02g0707100"
16442,"Os03g0125300"
16443,"Os01g0972800"
16444,"Os11g0258700"
16445,"Os04g0632400"
16446,"Os11g0218100"
16447,"Os10g0452900"
16448,"Os02g0538700"
16449,"Os07g0567300"
16450,"16450"
16451,"Os10g0449900"
16452,"Os01g0194600"
16453,"Os01g0655500"
16454,"Os12g0222000"
16455,"Os03g0169600"
16456,"Os01g0589000"
16457,"Os08g0506400"
16458,"Os06g0608300"
16459,"Os06g0557100"
16460,"Os01g0913700"
16461,"Os05g0361900"
16462,"Os12g0578400"
16463,"Os04g0522900"
16464,"Os05g0580600"
16465,"Os04g0463700"
16466,"Os02g0550900"
16467,"Os11g0118000"
16468,"Os05g0217800"
16469,"Os08g0424500"
16470,"Os01g0212100"
16471,"Os07g0619200"
16472,"Os01g0136700"
16473,"Os11g0174000"
16474,"Os05g0462400"
16475,"Os07g0586700"
16476,"Os02g0813600"
16477,"Os09g0114500"
16478,"Os08g0162700"
16479,"Os02g0816700"
16480,"Os02g0725100"
16481,"Os03g0156100"
16482,"Os07g0524000"
16483,"Os06g0154200"
16484,"Os01g0600900"
16485,"Os04g0434800"
16486,"Os02g0822400"
16487,"osa-miR397a"
16488,"Os11g0417200"
16489,"Os06g0343100"
16490,"Os08g0378000"
16491,"Os07g0434800"
16492,"Os01g0718300"
16493,"Os05g0217800"
16494,"Os03g0735000"
16495,"Os06g0705100"
16496,"Os05g0143300"
16497,"Os09g0346700"
16498,"Os07g0600300"
16499,"Os07g0211800"
16500,"Os03g0827700"
16501,"Os03g0159600"
16502,"Os05g0393400"
16503,"Os12g0278700"
16504,"Os06g0667100"
16505,"Os07g0160100"
16506,"osa-miR169i"
16507,"Os07g0211800"
16508,"Os08g0227100"
16509,"Os05g0447500"
16510,"Os06g0627100"
16511,"Os05g0196500"
16512,"Os10g0531400"
16513,"Os03g0599600"
16514,"Os06g0228600"
16515,"Os01g0570500"
16516,"Os01g0201900"
16517,"Os01g0934100"
16518,"Os11g0169900"
16519,"Os02g0285800"
16520,"Os01g0821900"
16521,"Os03g0742700"
16522,"Os11g0142300"
16523,"Os07g0620200"
16524,"Os01g0751400"
16525,"osa-miR171f"
16526,"Os06g0223300"
16527,"Os09g0323700"
16528,"Os02g0591900"
16529,"Os02g0697800"
16530,"Os04g0252200"
16531,"Os12g0507000"
16532,"Os07g0495000"
16533,"POsControl0005"
16534,"Os10g0158900"
16535,"Os09g0571500"
16536,"Os01g0901800"
16537,"Os01g0866400"
16538,"Os02g0281000"
16539,"Os09g0246700"
16540,"Os01g0564600"
16541,"Os01g0221100"
16542,"Os08g0148500"
16543,"Os07g0636000"
16544,"Os04g0289500"
16545,"osa-miR420"
16546,"Os01g0624000"
16547,"Os04g0121100"
16548,"Os03g0168300"
16549,"Os06g0571800"
16550,"16550"
16551,"Os07g0136900"
16552,"Os08g0427300"
16553,"Os11g0582400"
16554,"Os05g0551700"
16555,"Os10g0547800"
16556,"Os02g0724100"
16557,"Os04g0635400"
16558,"Os12g0193200"
16559,"Os02g0100700"
16560,"Os08g0230000"
16561,"Os09g0250800"
16562,"Os02g0593100"
16563,"Os08g0525900"
16564,"Os02g0798600"
16565,"Os01g0134800"
16566,"Os05g0496200"
16567,"Os05g0217800"
16568,"Os10g0346200"
16569,"Os02g0822500"
16570,"Os06g0535300"
16571,"Os04g0202300"
16572,"Os01g0696800"
16573,"Os08g0176100"
16574,"Os05g0305100"
16575,"Os07g0684100"
16576,"Os11g0246600"
16577,"Os01g0184800"
16578,"Os01g0958400"
16579,"Os01g0756900"
16580,"Os03g0308500"
16581,"Os11g0460500"
16582,"Os06g0114000"
16583,"Os08g0508100"
16584,"Os12g0554300"
16585,"Os06g0573600"
16586,"Os11g0572700"
16587,"Os01g0951200"
16588,"Os03g0202500"
16589,"Os02g0145500"
16590,"Os04g0558500"
16591,"Os05g0346200"
16592,"Os04g0675000"
16593,"Os03g0851600"
16594,"Os02g0175100"
16595,"Os07g0631200"
16596,"Os12g0550800"
16597,"Os01g0838600"
16598,"Os01g0191000"
16599,"Os10g0536100"
16600,"Os01g0107900"
16601,"Os04g0654400"
16602,"Os09g0267400"
16603,"Os05g0163100"
16604,"Os01g0836600"
16605,"Os01g0592900"
16606,"Os04g0595100"
16607,"Os03g0232800"
16608,"Os06g0653000"
16609,"Os02g0224200"
16610,"Os09g0569000"
16611,"Os01g0367100"
16612,"Os05g0517500"
16613,"Os02g0793000"
16614,"Os04g0597400"
16615,"POsControl0029"
16616,"Os02g0290500"
16617,"Os01g0368100"
16618,"Os02g0519900"
16619,"Os04g0584900"
16620,"Os09g0573300"
16621,"Os02g0707900"
16622,"Os08g0355500"
16623,"Os10g0369500"
16624,"Os02g0127300"
16625,"Os03g0785300"
16626,"osa-miR171i"
16627,"Os10g0317000"
16628,"Os02g0757900"
16629,"Os10g0493300"
16630,"Os05g0405900"
16631,"Os03g0234200"
16632,"Os11g0183900"
16633,"Os06g0114700"
16634,"Os11g0472000"
16635,"Os01g0749300"
16636,"Os01g0721800"
16637,"Os06g0705000"
16638,"Os01g0970800"
16639,"Os11g0217300"
16640,"Os03g0738400"
16641,"Os05g0125100"
16642,"Os06g0258900"
16643,"Os09g0425900"
16644,"Os10g0503200"
16645,"Os01g0194200"
16646,"PZmControl0002"
16647,"Os11g0133300"
16648,"Os06g0647200"
16649,"Os07g0531800"
16650,"Os02g0724300"
16651,"Os04g0269600"
16652,"Os09g0486500"
16653,"Os03g0392300"
16654,"Os12g0563700"
16655,"Os02g0148500"
16656,"Os11g0117200"
16657,"Os11g0636600"
16658,"Os01g0691600"
16659,"Os03g0160600"
16660,"Os05g0453300"
16661,"Os08g0136500"
16662,"Os07g0240400"
16663,"Os12g0479100"
16664,"Os05g0379300"
16665,"Os02g0702500"
16666,"Os01g0603700"
16667,"Os06g0143700"
16668,"Os09g0367700"
16669,"Os04g0590400"
16670,"Os03g0790600"
16671,"Os01g0630300"
16672,"Os01g0167500"
16673,"Os06g0143600"
16674,"Os08g0233900"
16675,"Os06g0697400"
16676,"Os08g0228200"
16677,"Os05g0515700"
16678,"Os09g0453000"
16679,"Os09g0462300"
16680,"Os02g0268600"
16681,"Os12g0277500"
16682,"Os03g0805500"
16683,"Os10g0545300"
16684,"Os05g0476700"
16685,"Os05g0506600"
16686,"Os02g0725200"
16687,"Os11g0602300"
16688,"Os09g0372900"
16689,"Os03g0853600"
16690,"Os10g0315400"
16691,"Os09g0331100"
16692,"Os03g0284100"
16693,"Os03g0337800"
16694,"Os04g0531800"
16695,"Os04g0399200"
16696,"Os09g0548100"
16697,"Os05g0588500"
16698,"Os06g0190800"
16699,"Os08g0303000"
16700,"Os12g0614800"
16701,"Os01g0814800"
16702,"Os02g0692400"
16703,"Os11g0673600"
16704,"Os05g0561500"
16705,"Os01g0595900"
16706,"Os07g0623000"
16707,"16707"
16708,"Os02g0288700"
16709,"Os10g0493600"
16710,"Os08g0401100"
16711,"Os08g0318500"
16712,"Os08g0472600"
16713,"Os03g0191100"
16714,"Os02g0707900"
16715,"Os03g0305400"
16716,"Os04g0494100"
16717,"osa-miR397a"
16718,"Os02g0828200"
16719,"Os08g0189400"
16720,"Os10g0111800"
16721,"Os05g0590100"
16722,"Os07g0511300"
16723,"osa-miR445a"
16724,"Os10g0508400"
16725,"Os12g0120000"
16726,"Os12g0517200"
16727,"Os10g0512700"
16728,"Os04g0169500"
16729,"Os02g0704500"
16730,"Os07g0152800"
16731,"Os08g0477700"
16732,"Os04g0443500"
16733,"Os02g0559300"
16734,"Os08g0163600"
16735,"Os01g0570800"
16736,"Os08g0249000"
16737,"Os08g0481400"
16738,"Os06g0112100"
16739,"Os05g0503500"
16740,"Os03g0310800"
16741,"Os05g0156200"
16742,"Os09g0387700"
16743,"Os02g0135500"
16744,"Os03g0419200"
16745,"Os05g0277300"
16746,"Os12g0560900"
16747,"Os06g0342200"
16748,"POsControl0035"
16749,"Os11g0126800"
16750,"Os01g0759500"
16751,"Os03g0301700"
16752,"Os10g0147400"
16753,"Os01g0507500"
16754,"Os05g0349200"
16755,"Os04g0619400"
16756,"Os03g0786700"
16757,"Os07g0222800"
16758,"Os11g0118500"
16759,"Os12g0595000"
16760,"Os09g0397300"
16761,"Os01g0549700"
16762,"Os01g0663800"
16763,"POsControl0009"
16764,"osa-miR398a"
16765,"Os02g0643800"
16766,"Os06g0508700"
16767,"Os01g0962400"
16768,"Os08g0535000"
16769,"Os02g0816100"
16770,"Os03g0214200"
16771,"Os12g0267900"
16772,"Os08g0314800"
16773,"Os09g0270900"
16774,"Os06g0708000"
16775,"Os10g0479200"
16776,"Os02g0668100"
16777,"Os01g0964000"
16778,"Os03g0848300"
16779,"Os06g0486300"
16780,"Os11g0525600"
16781,"Os04g0165400"
16782,"Os07g0639500"
16783,"Os06g0133900"
16784,"Os09g0543900"
16785,"Os06g0715500"
16786,"Os06g0729800"
16787,"Os07g0112800"
16788,"Os07g0542400"
16789,"Os01g0809300"
16790,"Os02g0833500"
16791,"Os03g0322200"
16792,"Os11g0555600"
16793,"Os01g0862000"
16794,"Os02g0492000"
16795,"Os05g0197300"
16796,"Os01g0498200"
16797,"Os11g0538900"
16798,"16798"
16799,"Os08g0112400"
16800,"Os04g0337500"
16801,"Os02g0550100"
16802,"Os07g0568300"
16803,"Os04g0462800"
16804,"Os05g0108000"
16805,"Os05g0495400"
16806,"Os01g0305200"
16807,"Os01g0375700"
16808,"Os08g0337300"
16809,"Os06g0125800"
16810,"Os02g0676800"
16811,"Os06g0157000"
16812,"Os05g0341200"
16813,"Os06g0352900"
16814,"Os04g0510900"
16815,"Os04g0682800"
16816,"Os03g0710900"
16817,"Os06g0174700"
16818,"Os11g0169900"
16819,"Os05g0552000"
16820,"Os05g0186000"
16821,"Os02g0580000"
16822,"Os01g0647200"
16823,"Os08g0238500"
16824,"Os03g0339300"
16825,"Os05g0506700"
16826,"Os09g0485900"
16827,"Os01g0107900"
16828,"osa-miR156d"
16829,"Os06g0251200"
16830,"Os02g0791800"
16831,"Os02g0527900"
16832,"Os12g0278800"
16833,"Os02g0330800"
16834,"Os05g0210700"
16835,"Os03g0750800"
16836,"Os09g0509200"
16837,"Os11g0427800"
16838,"Os12g0179700"
16839,"Os06g0127200"
16840,"Os07g0618500"
16841,"Os01g0743300"
16842,"Os01g0273900"
16843,"Os02g0497500"
16844,"Os07g0208600"
16845,"Os06g0142300"
16846,"16846"
16847,"Os03g0401200"
16848,"Os01g0929100"
16849,"Os02g0146900"
16850,"Os03g0791500"
16851,"Os12g0100400"
16852,"Os09g0284200"
16853,"Os01g0805300"
16854,"16854"
16855,"Os04g0598200"
16856,"Os06g0143000"
16857,"Os01g0261100"
16858,"osa-miR171i"
16859,"Os04g0648300"
16860,"Os06g0185700"
16861,"Os02g0767100"
16862,"Os05g0525500"
16863,"Os02g0649700"
16864,"Os07g0178600"
16865,"Os01g0768600"
16866,"Os02g0805100"
16867,"Os08g0277200"
16868,"Os02g0821400"
16869,"Os09g0505600"
16870,"Os03g0666100"
16871,"Os01g0192600"
16872,"osa-miR169n"
16873,"Os02g0274100"
16874,"Os11g0156100"
16875,"PTaControl0002"
16876,"Os10g0388500"
16877,"Os08g0469100"
16878,"Os03g0811300"
16879,"Os11g0636900"
16880,"Os02g0455800"
16881,"Os09g0386500"
16882,"Os02g0130300"
16883,"Os11g0515000"
16884,"Os06g0226500"
16885,"Os01g0925000"
16886,"Os03g0784300"
16887,"Os08g0326400"
16888,"Os02g0280500"
16889,"Os04g0459200"
16890,"Os10g0573700"
16891,"Os01g0580000"
16892,"Os02g0137200"
16893,"Os04g0599400"
16894,"Os12g0610600"
16895,"Os06g0594100"
16896,"Os05g0224900"
16897,"Os03g0811600"
16898,"Os02g0184400"
16899,"Os04g0674200"
16900,"Os08g0546600"
16901,"Os03g0353000"
16902,"Os09g0514200"
16903,"Os04g0685000"
16904,"Os03g0300100"
16905,"Os10g0127900"
16906,"Os01g0148500"
16907,"Os06g0492200"
16908,"Os09g0479600"
16909,"Os06g0211100"
16910,"Os02g0641800"
16911,"Os01g0759700"
16912,"Os05g0207400"
16913,"Os03g0860700"
16914,"Os09g0404700"
16915,"Os07g0595700"
16916,"Os02g0669700"
16917,"Os02g0806900"
16918,"Os01g0762500"
16919,"Os01g0584900"
16920,"Os05g0428000"
16921,"Os11g0246100"
16922,"Os08g0496200"
16923,"osa-miR160d"
16924,"osa-miR414"
16925,"Os03g0792500"
16926,"Os05g0553300"
16927,"Os08g0245900"
16928,"Os02g0816200"
16929,"Os04g0589500"
16930,"Os01g0130400"
16931,"Os07g0669700"
16932,"Os07g0102100"
16933,"Os10g0469000"
16934,"Os08g0562300"
16935,"Os04g0387400"
16936,"Os12g0636600"
16937,"Os11g0286800"
16938,"osa-miR446"
16939,"Os10g0180800"
16940,"Os07g0663700"
16941,"Os02g0724200"
16942,"Os11g0139500"
16943,"Os05g0511000"
16944,"Os01g0133100"
16945,"Os10g0510000"
16946,"Os01g0250200"
16947,"Os07g0448800"
16948,"Os04g0491500"
16949,"Os04g0270200"
16950,"Os04g0560100"
16951,"Os07g0470400"
16952,"Os05g0147500"
16953,"Os02g0204100"
16954,"Os05g0401300"
16955,"Os12g0432600"
16956,"Os12g0597100"
16957,"Os03g0643300"
16958,"Os01g0908100"
16959,"Os02g0479300"
16960,"Os05g0564000"
16961,"Os03g0753500"
16962,"Os02g0507400"
16963,"Os05g0151400"
16964,"Os03g0595300"
16965,"Os04g0661900"
16966,"Os09g0423300"
16967,"POsControl0048"
16968,"Os02g0286700"
16969,"Os09g0520100"
16970,"Os04g0272200"
16971,"Os01g0639900"
16972,"Os03g0127700"
16973,"Os06g0631800"
16974,"Os08g0410200"
16975,"Os04g0583500"
16976,"Os04g0692300"
16977,"Os01g0226400"
16978,"Os03g0854500"
16979,"Os04g0540600"
16980,"Os04g0566500"
16981,"Os03g0801800"
16982,"Os01g0581800"
16983,"Os03g0685600"
16984,"Os02g0216600"
16985,"Os02g0134200"
16986,"Os07g0482900"
16987,"Os01g0113700"
16988,"Os12g0554000"
16989,"Os07g0209700"
16990,"Os12g0501100"
16991,"Os12g0506600"
16992,"Os04g0463500"
16993,"Os07g0418500"
16994,"Os07g0514400"
16995,"Os09g0334500"
16996,"Os03g0854800"
16997,"Os04g0117300"
16998,"POsControl0014"
16999,"Os04g0371000"
17000,"Os12g0609100"
17001,"Os07g0452500"
17002,"Os07g0490200"
17003,"Os12g0489200"
17004,"Os03g0271100"
17005,"Os06g0668400"
17006,"Os10g0463800"
17007,"Os05g0301500"
17008,"Os05g0116100"
17009,"Os06g0342700"
17010,"Os09g0257800"
17011,"Os04g0488300"
17012,"Os09g0553200"
17013,"Os08g0127800"
17014,"Os04g0566100"
17015,"Os01g0736300"
17016,"Os01g0375200"
17017,"Os04g0106400"
17018,"Os03g0689300"
17019,"Os10g0427900"
17020,"Os03g0794700"
17021,"Os07g0638100"
17022,"Os12g0472500"
17023,"Os11g0493600"
17024,"Os03g0364400"
17025,"Os09g0432900"
17026,"Os04g0489200"
17027,"Os03g0410000"
17028,"Os11g0455500"
17029,"Os04g0691800"
17030,"Os09g0346600"
17031,"Os12g0225100"
17032,"Os10g0338500"
17033,"Os05g0398000"
17034,"osa-miR166l"
17035,"Os01g0870100"
17036,"Os03g0663500"
17037,"Os05g0429900"
17038,"Os04g0337700"
17039,"Os05g0506300"
17040,"Os01g0218500"
17041,"Os02g0216300"
17042,"Os09g0268300"
17043,"Os09g0417800"
17044,"Os03g0857200"
17045,"Os01g0266400"
17046,"Os06g0208300"
17047,"Os08g0355500"
17048,"Os06g0182500"
17049,"Os03g0308600"
17050,"Os03g0826600"
17051,"Os11g0616100"
17052,"Os10g0149800"
17053,"Os05g0488100"
17054,"Os02g0815400"
17055,"Os04g0636000"
17056,"Os10g0557700"
17057,"Os07g0606500"
17058,"Os11g0276000"
17059,"Os10g0100900"
17060,"Os01g0779100"
17061,"Os07g0438300"
17062,"Os08g0565200"
17063,"Os12g0573900"
17064,"Os09g0255800"
17065,"Os06g0198600"
17066,"Os03g0444900"
17067,"Os07g0603500"
17068,"Os06g0113900"
17069,"Os03g0275400"
17070,"Os11g0193800"
17071,"Os02g0549400"
17072,"Os01g0133500"
17073,"Os04g0141400"
17074,"Os02g0671800"
17075,"osa-miR395v"
17076,"osa-miR437"
17077,"Os12g0236800"
17078,"Os07g0159900"
17079,"Os01g0126500"
17080,"Os11g0704800"
17081,"Os04g0182800"
17082,"osa-miR156c"
17083,"Os06g0639300"
17084,"Os09g0356000"
17085,"Os08g0174800"
17086,"Os10g0478200"
17087,"Os02g0272400"
17088,"Os05g0190500"
17089,"POsControl0030"
17090,"Os09g0326100"
17091,"Os02g0167600"
17092,"Os12g0156500"
17093,"POsControl0038"
17094,"Os11g0547000"
17095,"Os03g0392600"
17096,"17096"
17097,"Os06g0662900"
17098,"Os04g0688500"
17099,"Os11g0122100"
17100,"Os06g0717900"
17101,"Os09g0526800"
17102,"Os07g0558400"
17103,"Os01g0714900"
17104,"Os04g0640200"
17105,"Os05g0163000"
17106,"Os10g0548000"
17107,"Os03g0780200"
17108,"Os05g0170200"
17109,"Os02g0744900"
17110,"Os08g0174700"
17111,"Os01g0805800"
17112,"Os06g0631400"
17113,"Os05g0197900"
17114,"Os05g0521300"
17115,"Os01g0528100"
17116,"osa-miR160a"
17117,"Os04g0415200"
17118,"Os01g0176700"
17119,"Os02g0184400"
17120,"Os07g0646500"
17121,"Os01g0598600"
17122,"Os06g0128700"
17123,"17123"
17124,"osa-miR396b"
17125,"Os02g0694400"
17126,"Os05g0506200"
17127,"Os02g0614200"
17128,"Os06g0133000"
17129,"Os01g0214800"
17130,"Os06g0564700"
17131,"Os01g0727800"
17132,"Os10g0524400"
17133,"Os02g0135800"
17134,"Os11g0148300"
17135,"Os01g0814100"
17136,"Os05g0210700"
17137,"Os05g0574500"
17138,"Os05g0276500"
17139,"Os12g0155200"
17140,"Os03g0841600"
17141,"Os03g0836000"
17142,"Os03g0431200"
17143,"Os05g0554100"
17144,"Os10g0200700"
17145,"Os01g0767000"
17146,"Os03g0781700"
17147,"osa-miR169n"
17148,"Os03g0170900"
17149,"Os03g0174200"
17150,"Os03g0372700"
17151,"Os03g0339300"
17152,"Os01g0651100"
17153,"Os07g0202900"
17154,"Os08g0249400"
17155,"Os04g0687200"
17156,"Os06g0223800"
17157,"Os02g0595500"
17158,"Os11g0109800"
17159,"Os01g0950900"
17160,"Os07g0483500"
17161,"Os09g0242800"
17162,"Os01g0760000"
17163,"Os06g0160700"
17164,"Os05g0519900"
17165,"Os08g0385000"
17166,"Os01g0734000"
17167,"Os07g0134800"
17168,"Os07g0443300"
17169,"Os08g0130600"
17170,"Os01g0388000"
17171,"Os05g0217800"
17172,"Os03g0101800"
17173,"Os05g0410200"
17174,"Os07g0207400"
17175,"Os01g0552300"
17176,"Os07g0213600"
17177,"Os03g0131300"
17178,"Os12g0477700"
17179,"Os07g0584200"
17180,"Os12g0537000"
17181,"Os09g0258000"
17182,"Os02g0782100"
17183,"Os03g0130700"
17184,"Os02g0585500"
17185,"Os02g0821200"
17186,"Os08g0307400"
17187,"Os06g0219900"
17188,"Os09g0526600"
17189,"Os09g0416200"
17190,"Os10g0525400"
17191,"Os01g0370000"
17192,"Os04g0128400"
17193,"Os08g0200300"
17194,"Os04g0309500"
17195,"Os01g0841500"
17196,"Os08g0517600"
17197,"Os10g0558400"
17198,"Os05g0457400"
17199,"Os05g0115100"
17200,"Os02g0256200"
17201,"Os04g0521600"
17202,"Os01g0727500"
17203,"Os02g0571300"
17204,"Os01g0843800"
17205,"Os01g0910300"
17206,"osa-miR395m"
17207,"Os06g0726600"
17208,"Os05g0241300"
17209,"Os11g0192400"
17210,"Os03g0106800"
17211,"Os05g0428300"
17212,"Os01g0165000"
17213,"Os01g0282800"
17214,"Os07g0175200"
17215,"Os02g0753000"
17216,"Os04g0139700"
17217,"Os05g0530500"
17218,"osa-miR438"
17219,"Os07g0216200"
17220,"Os01g0206700"
17221,"Os03g0132900"
17222,"Os11g0264500"
17223,"Os05g0297700"
17224,"Os09g0433800"
17225,"Os02g0141300"
17226,"Os11g0639600"
17227,"Os08g0416400"
17228,"Os02g0227200"
17229,"Os10g0378000"
17230,"Os08g0376100"
17231,"Os05g0545500"
17232,"Os12g0458900"
17233,"Os03g0113800"
17234,"Os02g0169900"
17235,"Os07g0684400"
17236,"Os05g0168700"
17237,"Os03g0780800"
17238,"Os06g0223900"
17239,"Os05g0554400"
17240,"Os05g0268500"
17241,"Os12g0604700"
17242,"Os11g0235300"
17243,"Os10g0377300"
17244,"Os03g0355600"
17245,"Os05g0521500"
17246,"Os05g0158500"
17247,"Os05g0250500"
17248,"Os08g0501300"
17249,"Os05g0287800"
17250,"Os09g0132600"
17251,"Os03g0183300"
17252,"Os01g0703600"
17253,"Os05g0140100"
17254,"Os08g0534900"
17255,"Os04g0474500"
17256,"Os06g0633800"
17257,"Os03g0142700"
17258,"Os07g0557600"
17259,"Os11g0498600"
17260,"Os09g0457700"
17261,"Os05g0531200"
17262,"Os07g0155600"
17263,"Os10g0418300"
17264,"Os09g0507300"
17265,"Os03g0197100"
17266,"Os11g0485000"
17267,"Os05g0587400"
17268,"Os11g0105800"
17269,"Os07g0682400"
17270,"Os04g0209200"
17271,"Os11g0422000"
17272,"Os08g0280600"
17273,"Os11g0470600"
17274,"Os02g0530100"
17275,"Os04g0598900"
17276,"Os01g0935200"
17277,"Os05g0331200"
17278,"Os10g0487600"
17279,"Os11g0169900"
17280,"Os05g0437100"
17281,"Os10g0205700"
17282,"Os11g0140100"
17283,"POsControl0019"
17284,"Os01g0302100"
17285,"17285"
17286,"Os06g0215400"
17287,"Os01g0888800"
17288,"Os03g0748500"
17289,"Os02g0794600"
17290,"Os03g0773300"
17291,"Os04g0436400"
17292,"Os08g0355600"
17293,"Os02g0554800"
17294,"Os08g0205400"
17295,"Os06g0624900"
17296,"POsControl0019"
17297,"Os06g0139300"
17298,"Os01g0837700"
17299,"Os09g0400600"
17300,"Os02g0105400"
17301,"Os01g0835600"
17302,"Os07g0673600"
17303,"17303"
17304,"Os01g0913600"
17305,"Os10g0424100"
17306,"Os03g0801300"
17307,"Os10g0493100"
17308,"Os01g0661700"
17309,"Os03g0370500"
17310,"Os05g0591900"
17311,"Os05g0296200"
17312,"Os11g0572100"
17313,"Os01g0757100"
17314,"Os05g0534400"
17315,"Os03g0587600"
17316,"Os09g0380000"
17317,"Os10g0422500"
17318,"Os07g0469800"
17319,"Os01g0501800"
17320,"Os03g0729500"
17321,"Os07g0687900"
17322,"Os11g0115400"
17323,"Os05g0391500"
17324,"Os09g0451500"
17325,"Os10g0536100"
17326,"Os02g0722500"
17327,"17327"
17328,"17328"
17329,"osa-miR319b"
17330,"Os06g0277900"
17331,"Os02g0802500"
17332,"Os02g0827400"
17333,"POsControl0028"
17334,"Os01g0328900"
17335,"Os11g0455800"
17336,"Os08g0154200"
17337,"Os11g0293300"
17338,"Os01g0877400"
17339,"Os11g0661600"
17340,"Os04g0687900"
17341,"Os01g0500900"
17342,"Os03g0336600"
17343,"Os03g0858700"
17344,"Os02g0644100"
17345,"Os08g0236200"
17346,"Os05g0495400"
17347,"Os03g0377500"
17348,"Os12g0182900"
17349,"Os03g0249200"
17350,"Os05g0157600"
17351,"Os12g0125500"
17352,"Os07g0124000"
17353,"Os01g0940000"
17354,"Os03g0648400"
17355,"Os03g0843600"
17356,"Os03g0351800"
17357,"Os03g0336300"
17358,"Os01g0261600"
17359,"Os03g0718100"
17360,"Os01g0390300"
17361,"Os09g0123200"
17362,"Os04g0382900"
17363,"Os10g0565200"
17364,"Os10g0530700"
17365,"Os08g0550000"
17366,"Os01g0292200"
17367,"17367"
17368,"Os07g0418200"
17369,"Os03g0769500"
17370,"Os08g0451200"
17371,"Os03g0789800"
17372,"Os03g0582000"
17373,"Os04g0283700"
17374,"Os02g0138100"
17375,"Os08g0207300"
17376,"Os01g0822900"
17377,"Os03g0438700"
17378,"Os12g0621300"
17379,"Os02g0740800"
17380,"Os04g0439300"
17381,"Os01g0258100"
17382,"Os12g0182200"
17383,"Os06g0149400"
17384,"Os01g0875700"
17385,"Os02g0187500"
17386,"Os01g0265400"
17387,"Os01g0754600"
17388,"Os11g0428500"
17389,"Os04g0533300"
17390,"Os11g0425100"
17391,"Os01g0817700"
17392,"Os11g0544200"
17393,"Os10g0479700"
17394,"Os07g0670300"
17395,"Os08g0295000"
17396,"Os06g0293100"
17397,"Os01g0290000"
17398,"Os09g0291000"
17399,"Os05g0495500"
17400,"Os05g0436600"
17401,"Os10g0484700"
17402,"Os04g0581700"
17403,"Os02g0461400"
17404,"Os08g0203400"
17405,"osa-miR159a"
17406,"Os03g0792500"
17407,"Os01g0645200"
17408,"Os10g0497500"
17409,"Os12g0138000"
17410,"Os04g0679100"
17411,"Os07g0408400"
17412,"Os09g0307800"
17413,"osa-miR169o"
17414,"Os09g0127800"
17415,"Os02g0720900"
17416,"Os08g0502700"
17417,"Os08g0383700"
17418,"Os02g0708100"
17419,"Os08g0456000"
17420,"Os09g0401900"
17421,"Os04g0682100"
17422,"Os08g0538600"
17423,"Os03g0106700"
17424,"Os08g0538700"
17425,"Os06g0232600"
17426,"Os07g0671700"
17427,"Os01g0226600"
17428,"Os01g0760300"
17429,"Os09g0398200"
17430,"Os11g0557900"
17431,"Os02g0594600"
17432,"Os10g0568300"
17433,"Os09g0326900"
17434,"Os02g0617300"
17435,"Os12g0534200"
17436,"Os01g0593700"
17437,"Os05g0141700"
17438,"Os05g0121800"
17439,"osa-miR166a"
17440,"Os10g0160000"
17441,"Os08g0352400"
17442,"Os12g0502800"
17443,"Os08g0547800"
17444,"Os12g0503000"
17445,"Os06g0632800"
17446,"Os05g0381000"
17447,"Os09g0567300"
17448,"osa-miR395e"
17449,"POsControl0011"
17450,"Os08g0542600"
17451,"Os11g0176000"
17452,"Os03g0190900"
17453,"Os09g0478100"
17454,"Os02g0556200"
17455,"Os01g0501800"
17456,"Os02g0465900"
17457,"Os09g0324300"
17458,"Os05g0540800"
17459,"Os08g0269700"
17460,"Os08g0346800"
17461,"17461"
17462,"Os11g0598300"
17463,"Os09g0561500"
17464,"osa-miR164e"
17465,"Os10g0494200"
17466,"Os11g0474000"
17467,"Os05g0497300"
17468,"Os12g0154400"
17469,"Os01g0702000"
17470,"Os08g0551600"
17471,"Os02g0189400"
17472,"Os01g0718500"
17473,"Os02g0435400"
17474,"Os05g0295100"
17475,"Os02g0553400"
17476,"Os03g0157700"
17477,"Os03g0401300"
17478,"Os03g0365200"
17479,"Os06g0167000"
17480,"Os03g0581200"
17481,"Os11g0118800"
17482,"Os03g0339300"
17483,"Os10g0510000"
17484,"Os05g0481000"
17485,"Os08g0270500"
17486,"Os07g0606000"
17487,"Os08g0441400"
17488,"Os03g0769900"
17489,"Os01g0316800"
17490,"Os04g0578200"
17491,"Os08g0521300"
17492,"Os09g0553600"
17493,"Os07g0541200"
17494,"Os08g0387200"
17495,"Os02g0194800"
17496,"Os03g0654800"
17497,"Os11g0425300"
17498,"Os05g0233000"
17499,"Os07g0163500"
17500,"Os02g0657000"
17501,"Os06g0231600"
17502,"Os03g0791800"
17503,"Os01g0875500"
17504,"Os11g0704600"
17505,"Os04g0161800"
17506,"Os03g0687000"
17507,"osa-miR168a"
17508,"Os01g0670800"
17509,"Os02g0645100"
17510,"Os06g0652400"
17511,"Os10g0485800"
17512,"Os10g0553600"
17513,"Os01g0875400"
17514,"Os07g0195100"
17515,"17515"
17516,"Os01g0198900"
17517,"Os08g0485600"
17518,"Os02g0787200"
17519,"Os08g0455700"
17520,"Os09g0366500"
17521,"Os10g0358700"
17522,"Os04g0483200"
17523,"Os04g0566000"
17524,"Os07g0467500"
17525,"Os01g0754500"
17526,"Os10g0150700"
17527,"Os08g0100400"
17528,"Os04g0610800"
17529,"Os08g0534900"
17530,"Os02g0745800"
17531,"Os06g0179400"
17532,"Os07g0658300"
17533,"Os01g0822900"
17534,"Os06g0186700"
17535,"Os06g0328400"
17536,"Os10g0414800"
17537,"Os01g0267300"
17538,"17538"
17539,"Os04g0186400"
17540,"Os11g0604700"
17541,"Os12g0569700"
17542,"Os08g0100500"
17543,"Os08g0512400"
17544,"17544"
17545,"Os05g0551100"
17546,"POsControl0004"
17547,"Os06g0303700"
17548,"Os11g0213000"
17549,"Os04g0179700"
17550,"Os05g0311000"
17551,"Os07g0491800"
17552,"Os06g0468300"
17553,"Os08g0521400"
17554,"Os01g0130900"
17555,"Os05g0291700"
17556,"Os01g0550300"
17557,"Os08g0224200"
17558,"Os03g0812200"
17559,"Os01g0256800"
17560,"17560"
17561,"Os04g0147200"
17562,"Os05g0488900"
17563,"osa-miR167i"
17564,"Os05g0108600"
17565,"Os03g0222800"
17566,"Os06g0728700"
17567,"Os11g0168600"
17568,"Os01g0686100"
17569,"Os06g0724400"
17570,"Os02g0462900"
17571,"Os04g0603000"
17572,"Os12g0139400"
17573,"Os02g0720900"
17574,"Os04g0458400"
17575,"Os11g0245900"
17576,"Os03g0309200"
17577,"Os09g0249600"
17578,"Os11g0564100"
17579,"Os01g0800200"
17580,"Os01g0609700"
17581,"Os06g0340200"
17582,"Os11g0572500"
17583,"Os05g0198000"
17584,"Os03g0738600"
17585,"Os10g0489100"
17586,"Os06g0494100"
17587,"Os11g0155600"
17588,"Os02g0457600"
17589,"Os02g0797400"
17590,"Os09g0533900"
17591,"Os05g0591900"
17592,"Os03g0268000"
17593,"Os07g0471100"
17594,"Os02g0240300"
17595,"Os11g0485900"
17596,"Os05g0217700"
17597,"Os05g0376000"
17598,"Os05g0269500"
17599,"Os03g0151600"
17600,"Os05g0150400"
17601,"Os12g0581700"
17602,"Os07g0690300"
17603,"Os11g0182200"
17604,"Os12g0237900"
17605,"Os01g0239700"
17606,"Os05g0373400"
17607,"Os03g0810600"
17608,"Os03g0583800"
17609,"Os05g0399400"
17610,"Os02g0554900"
17611,"Os01g0803200"
17612,"Os03g0416300"
17613,"Os07g0108500"
17614,"Os04g0414500"
17615,"Os08g0345500"
17616,"Os01g0871300"
17617,"Os09g0539500"
17618,"Os08g0176900"
17619,"Os11g0114700"
17620,"Os02g0640800"
17621,"Os03g0428200"
17622,"Os01g0841200"
17623,"Os06g0128600"
17624,"Os03g0342900"
17625,"Os02g0209900"
17626,"Os01g0720400"
17627,"Os06g0255200"
17628,"Os05g0336200"
17629,"Os11g0170200"
17630,"Os10g0368200"
17631,"Os08g0105100"
17632,"Os10g0109100"
17633,"osa-miR419"
17634,"Os05g0228900"
17635,"Os08g0538100"
17636,"Os06g0199100"
17637,"Os09g0296800"
17638,"Os11g0428500"
17639,"Os04g0219900"
17640,"Os01g0605000"
17641,"Os01g0689900"
17642,"Os06g0116300"
17643,"Os10g0411700"
17644,"osa-miR166c"
17645,"Os11g0267100"
17646,"Os03g0664800"
17647,"Os05g0467800"
17648,"Os11g0550800"
17649,"Os03g0320100"
17650,"Os05g0110500"
17651,"POsControl0048"
17652,"Os03g0305700"
17653,"Os11g0551300"
17654,"Os01g0869900"
17655,"Os04g0527400"
17656,"Os08g0203800"
17657,"Os06g0536800"
17658,"Os02g0770800"
17659,"Os12g0613700"
17660,"Os04g0624600"
17661,"Os07g0105000"
17662,"Os10g0409400"
17663,"Os11g0216300"
17664,"Os02g0170900"
17665,"Os07g0615800"
17666,"Os02g0814700"
17667,"Os02g0507400"
17668,"Os11g0221000"
17669,"Os06g0209400"
17670,"Os07g0105800"
17671,"Os08g0130400"
17672,"Os11g0620400"
17673,"Os06g0586900"
17674,"Os03g0708800"
17675,"Os10g0471100"
17676,"Os06g0604500"
17677,"Os10g0467200"
17678,"Os05g0105100"
17679,"Os01g0897200"
17680,"Os02g0436000"
17681,"Os04g0176100"
17682,"17682"
17683,"Os12g0608600"
17684,"Os01g0102700"
17685,"Os11g0701100"
17686,"Os12g0540900"
17688,"Os01g0509700"
17689,"Os08g0159100"
17690,"Os04g0445200"
17691,"Os01g0559300"
17692,"Os05g0270800"
17693,"Os07g0588600"
17694,"Os09g0431500"
17695,"Os04g0275100"
17696,"Os09g0508900"
17697,"Os01g0178500"
17698,"Os02g0604100"
17699,"Os01g0782200"
17700,"Os02g0829100"
17701,"Os11g0512800"
17702,"Os02g0678300"
17703,"Os02g0798200"
17704,"Os10g0553300"
17705,"Os12g0468500"
17706,"Os03g0322600"
17707,"Os01g0346700"
17708,"Os06g0140700"
17709,"Os01g0587500"
17710,"osa-miR169o"
17711,"Os01g0309900"
17712,"Os03g0408500"
17713,"Os05g0131000"
17714,"17714"
17715,"Os09g0115900"
17716,"Os04g0652400"
17717,"Os03g0116900"
17718,"Os06g0120500"
17719,"17719"
17720,"Os10g0326400"
17721,"Os08g0346500"
17722,"Os05g0545200"
17723,"Os11g0599500"
17724,"Os04g0404800"
17725,"Os09g0537700"
17726,"Os01g0206600"
17727,"Os08g0494200"
17728,"Os01g0187300"
17729,"Os05g0593800"
17730,"Os08g0241600"
17731,"Os04g0203500"
17732,"Os09g0246300"
17733,"Os08g0203700"
17734,"Os05g0423200"
17735,"Os03g0279200"
17736,"Os02g0131100"
17737,"Os04g0448200"
17738,"Os05g0477600"
17739,"Os07g0665000"
17740,"Os08g0435900"
17741,"17741"
17742,"Os02g0287900"
17743,"Os11g0684000"
17744,"Os01g0207600"
17745,"Os06g0679500"
17746,"Os08g0190800"
17747,"Os05g0446600"
17748,"Os07g0184300"
17749,"Os01g0720500"
17750,"Os10g0126600"
17751,"Os10g0110600"
17752,"Os01g0965300"
17753,"Os06g0605900"
17754,"Os06g0530700"
17755,"Os02g0710500"
17756,"Os08g0109200"
17757,"Os02g0712000"
17758,"Os12g0453500"
17759,"Os07g0410100"
17760,"Os02g0225300"
17761,"Os11g0598900"
17762,"Os09g0407200"
17763,"Os08g0194400"
17764,"Os08g0154700"
17765,"Os03g0823900"
17766,"Os01g0836400"
17767,"Os08g0509200"
17768,"Os04g0688000"
17769,"Os03g0109500"
17770,"Os03g0143000"
17771,"Os05g0419600"
17772,"Os12g0632900"
17773,"Os01g0117400"
17774,"Os01g0172400"
17775,"Os01g0228800"
17776,"Os02g0101000"
17777,"Os08g0440300"
17778,"Os03g0699100"
17779,"Os10g0141700"
17780,"Os08g0430500"
17781,"Os10g0353800"
17782,"Os02g0156100"
17783,"Os02g0494700"
17784,"Os01g0226500"
17785,"Os09g0533100"
17786,"Os01g0862300"
17787,"Os03g0125900"
17788,"Os07g0258100"
17789,"Os05g0458400"
17790,"Os03g0287400"
17791,"Os02g0598200"
17792,"Os10g0200000"
17793,"Os06g0193000"
17794,"Os08g0359200"
17795,"Os05g0281400"
17796,"Os08g0241900"
17797,"Os05g0541400"
17798,"Os01g0692400"
17799,"Os07g0206800"
17800,"Os05g0230700"
17801,"PTaControl0002"
17802,"osa-miR167b"
17803,"Os05g0335800"
17804,"Os05g0333200"
17805,"Os10g0552700"
17806,"Os03g0340500"
17807,"Os07g0505200"
17808,"Os04g0428900"
17809,"Os05g0120100"
17810,"Os02g0202600"
17811,"Os04g0541500"
17812,"Os06g0709300"
17813,"Os01g0772500"
17814,"Os02g0586400"
17815,"Os04g0297100"
17816,"Os03g0616300"
17817,"Os01g0854000"
17818,"Os04g0476700"
17819,"Os01g0131600"
17820,"Os01g0696600"
17821,"Os03g0195500"
17822,"Os01g0391500"
17823,"Os02g0736100"
17824,"Os09g0553200"
17825,"Os10g0370000"
17826,"Os02g0215700"
17827,"Os09g0475700"
17828,"Os03g0270300"
17829,"Os01g0382500"
17830,"Os01g0195200"
17831,"Os01g0962300"
17832,"Os05g0107600"
17833,"Os04g0601800"
17834,"Os02g0450000"
17835,"Os01g0726400"
17836,"Os03g0669600"
17837,"Os02g0704000"
17838,"Os05g0562800"
17839,"Os02g0187800"
17840,"Os07g0201100"
17841,"Os03g0122200"
17842,"Os03g0586300"
17843,"Os04g0609100"
17844,"Os05g0373000"
17845,"Os04g0619600"
17846,"Os05g0298300"
17847,"Os02g0757900"
17848,"Os05g0204900"
17849,"Os02g0727300"
17850,"Os06g0184300"
17851,"Os01g0276800"
17852,"Os12g0546000"
17853,"Os06g0644800"
17854,"Os05g0168800"
17855,"Os10g0415900"
17856,"osa-miR319a"
17857,"Os03g0745100"
17858,"Os07g0638300"
17859,"Os02g0220500"
17860,"Os10g0510000"
17861,"Os02g0609900"
17862,"Os01g0785900"
17863,"Os06g0667400"
17864,"Os01g0126600"
17865,"Os05g0531500"
17866,"Os03g0158900"
17867,"Os08g0323400"
17868,"Os04g0673000"
17869,"Os03g0306200"
17870,"Os11g0621200"
17871,"Os04g0469400"
17872,"Os04g0670700"
17873,"Os06g0722500"
17874,"Os02g0565400"
17875,"Os08g0184800"
17876,"Os04g0111500"
17877,"Os03g0667500"
17878,"Os05g0200700"
17879,"Os05g0373900"
17880,"Os07g0659500"
17881,"Os04g0185500"
17883,"Os08g0127900"
17884,"Os05g0299600"
17885,"17885"
17886,"Os08g0229500"
17887,"Os03g0337500"
17888,"Os07g0520800"
17889,"Os02g0514800"
17890,"Os08g0459100"
17891,"Os01g0185200"
17892,"Os04g0678900"
17893,"Os02g0658000"
17894,"Os04g0671200"
17895,"Os08g0497900"
17896,"Os04g0105500"
17897,"Os12g0160300"
17898,"Os06g0724300"
17899,"Os05g0337500"
17900,"Os04g0269600"
17901,"Os05g0410500"
17902,"Os01g0743300"
17903,"Os08g0199200"
17904,"Os04g0266400"
17905,"Os01g0341200"
17906,"Os04g0585900"
17907,"Os05g0543700"
17908,"Os03g0173700"
17909,"Os01g0929500"
17910,"Os09g0507400"
17911,"Os07g0168300"
17912,"Os03g0577200"
17913,"Os03g0794800"
17914,"Os01g0129600"
17915,"Os10g0465000"
17916,"Os01g0170100"
17917,"Os04g0127200"
17918,"Os02g0593700"
17919,"Os01g0664100"
17920,"Os03g0281300"
17921,"Os04g0488000"
17922,"Os05g0489800"
17923,"Os02g0480900"
17924,"Os08g0427100"
17925,"Os06g0677600"
17926,"17926"
17927,"POsControl0017"
17928,"Os09g0543900"
17929,"Os01g0283100"
17930,"Os11g0459700"
17931,"Os04g0675500"
17932,"Os11g0147000"
17933,"Os06g0237200"
17934,"Os12g0550800"
17935,"Os05g0177500"
17936,"Os03g0324200"
17937,"Os09g0502200"
17938,"Os12g0281300"
17939,"Os10g0524500"
17940,"Os02g0110500"
17941,"Os03g0847600"
17942,"Os07g0517900"
17943,"Os06g0241400"
17944,"Os10g0565700"
17945,"Os05g0576700"
17946,"Os05g0387800"
17947,"osa-miR162b"
17948,"Os02g0200900"
17949,"Os01g0898800"
17950,"Os03g0314800"
17951,"Os09g0516500"
17952,"Os07g0203800"
17953,"Os06g0239700"
17954,"Os01g0516200"
17955,"Os03g0318400"
17956,"Os05g0501700"
17957,"Os07g0449100"
17958,"Os11g0684600"
17959,"Os01g0133700"
17960,"Os08g0555300"
17961,"Os04g0393300"
17962,"Os06g0274300"
17963,"Os01g0911200"
17964,"Os01g0959000"
17965,"Os04g0125100"
17966,"Os01g0659900"
17967,"Os09g0566300"
17968,"Os07g0151800"
17969,"Os12g0192500"
17970,"Os07g0178900"
17971,"Os03g0137800"
17972,"Os01g0781700"
17973,"Os04g0560400"
17974,"Os08g0546300"
17975,"Os03g0174900"
17976,"Os03g0156800"
17977,"Os03g0386000"
17978,"Os03g0410300"
17979,"Os12g0592300"
17980,"Os12g0542000"
17981,"Os12g0160200"
17982,"Os06g0272700"
17983,"Os01g0684400"
17984,"Os10g0577700"
17985,"Os03g0701200"
17986,"17986"
17987,"Os11g0138900"
17988,"Os04g0514600"
17989,"Os09g0261500"
17990,"Os07g0604500"
17991,"Os06g0207200"
17992,"Os09g0526300"
17993,"Os06g0508800"
17994,"Os07g0583600"
17995,"Os09g0533600"
17996,"Os07g0181700"
17997,"Os05g0217800"
17998,"Os03g0725400"
17999,"Os02g0197600"
18000,"Os08g0130500"
18001,"Os01g0823300"
18002,"Os04g0634000"
18003,"Os09g0457900"
18004,"Os03g0353000"
18005,"Os10g0559400"
18006,"Os01g0510600"
18007,"Os08g0247600"
18008,"Os11g0302300"
18009,"Os01g0117000"
18010,"Os06g0624900"
18011,"Os09g0376900"
18012,"Os01g0157900"
18013,"Os04g0350700"
18014,"Os08g0461800"
18015,"Os09g0419200"
18016,"18016"
18017,"Os06g0317200"
18018,"Os07g0144900"
18019,"Os03g0294500"
18020,"Os02g0799100"
18021,"osa-miR168b"
18022,"Os07g0164600"
18023,"Os06g0587100"
18024,"Os07g0582400"
18025,"POsControl0026"
18026,"Os05g0500500"
18027,"Os08g0511700"
18028,"Os01g0944200"
18029,"Os03g0106800"
18030,"Os09g0521700"
18031,"Os03g0271100"
18032,"Os03g0788300"
18033,"Os09g0128600"
18034,"Os01g0300900"
18035,"Os09g0261300"
18036,"Os04g0644800"
18037,"Os10g0318700"
18038,"Os02g0805800"
18039,"Os04g0675400"
18040,"Os08g0413100"
18041,"Os06g0633300"
18042,"Os03g0783100"
18043,"Os01g0841100"
18044,"Os11g0123400"
18045,"Os01g0674600"
18046,"Os05g0406800"
18047,"Os08g0285300"
18048,"Os02g0754700"
18049,"Os01g0183400"
18050,"Os03g0758800"
18051,"Os03g0723600"
18052,"Os06g0172800"
18053,"18053"
18054,"Os02g0273100"
18055,"osa-miR166i"
18056,"Os06g0720500"
18057,"POsControl0042"
18058,"Os12g0634800"
18059,"Os03g0107700"
18060,"Os08g0544400"
18061,"Os03g0245100"
18062,"osa-miR395t"
18063,"osa-miR319a"
18064,"Os09g0321200"
18065,"Os03g0179100"
18066,"Os02g0820400"
18067,"Os09g0462200"
18068,"PZmControl0001"
18069,"Os09g0286300"
18070,"Os10g0431600"
18071,"Os03g0683700"
18072,"Os08g0110700"
18073,"Os12g0284800"
18074,"Os06g0695900"
18075,"Os11g0184800"
18076,"Os08g0558900"
18077,"Os04g0425100"
18078,"Os02g0244100"
18079,"Os05g0558800"
18080,"Os01g0764000"
18081,"Os01g0231500"
18082,"Os06g0353700"
18083,"Os04g0290400"
18084,"Os04g0631200"
18085,"Os04g0414700"
18086,"Os03g0225200"
18087,"Os04g0674000"
18088,"Os07g0618800"
18089,"Os01g0377700"
18090,"Os02g0538900"
18091,"Os03g0718100"
18092,"Os04g0644300"
18093,"Os04g0546500"
18094,"Os07g0450100"
18095,"Os03g0370200"
18096,"Os12g0169700"
18097,"Os11g0540100"
18098,"Os05g0223000"
18099,"Os03g0778000"
18100,"Os02g0522300"
18101,"Os03g0319300"
18102,"Os11g0147800"
18103,"Os06g0669400"
18104,"Os09g0244000"
18105,"Os11g0270000"
18106,"Os08g0525700"
18107,"Os12g0512400"
18108,"Os07g0672500"
18109,"Os06g0658900"
18110,"Os03g0268900"
18111,"osa-miR169a"
18112,"Os05g0106600"
18113,"Os02g0626100"
18114,"Os03g0758000"
18115,"Os12g0548300"
18116,"Os03g0381200"
18117,"Os12g0283900"
18118,"Os04g0680000"
18119,"Os01g0817600"
18120,"Os02g0181800"
18121,"Os01g0963200"
18122,"Os01g0957200"
18123,"Os10g0555900"
18124,"Os01g0865700"
18125,"Os11g0285000"
18126,"Os01g0728700"
18127,"Os09g0387300"
18128,"Os05g0217800"
18129,"Os01g0897800"
18130,"Os08g0297500"
18131,"Os12g0225300"
18132,"Os06g0522100"
18133,"Os07g0519300"
18134,"Os03g0444800"
18135,"Os05g0132100"
18136,"Os04g0600300"
18137,"Os03g0654400"
18138,"Os09g0512200"
18139,"Os04g0203900"
18140,"Os03g0716400"
18141,"Os01g0182600"
18142,"Os06g0492800"
18143,"Os02g0193600"
18144,"Os10g0524400"
18145,"Os02g0788500"
18146,"osa-miR420"
18147,"Os06g0533800"
18148,"osa-miR441b"
18149,"Os10g0390600"
18150,"Os07g0636600"
18151,"Os01g0931100"
18152,"Os07g0178700"
18153,"Os06g0248200"
18154,"Os07g0663200"
18155,"Os08g0290500"
18156,"18156"
18157,"Os03g0625800"
18158,"Os04g0308400"
18159,"osa-miR167g"
18160,"Os12g0471600"
18161,"Os10g0533200"
18162,"Os01g0880900"
18163,"Os04g0580700"
18164,"Os06g0648600"
18165,"Os05g0358400"
18166,"Os04g0224900"
18167,"POsControl0019"
18168,"Os04g0448300"
18169,"Os07g0483400"
18170,"Os03g0192400"
18171,"Os01g0970400"
18172,"Os01g0285200"
18173,"Os07g0186400"
18174,"Os07g0100300"
18175,"18175"
18176,"Os03g0702500"
18177,"Os04g0639800"
18178,"Os02g0690500"
18179,"Os01g0589700"
18180,"Os04g0116600"
18181,"Os11g0256100"
18182,"Os01g0545500"
18183,"Os04g0567700"
18185,"Os03g0105700"
18186,"Os01g0304000"
18187,"POsControl0017"
18188,"Os01g0268800"
18189,"Os01g0886000"
18190,"Os02g0647900"
18191,"Os09g0519000"
18192,"Os01g0870300"
18193,"Os05g0531700"
18194,"Os02g0827900"
18195,"Os10g0436800"
18196,"POsControl0003"
18197,"Os06g0559400"
18198,"Os03g0397500"
18199,"Os06g0336200"
18200,"Os10g0491400"
18201,"Os06g0101100"
18202,"Os06g0663900"
18203,"Os03g0137400"
18204,"Os01g0710200"
18205,"Os06g0118000"
18206,"Os09g0497400"
18207,"Os12g0155300"
18208,"Os02g0161000"
18209,"Os10g0171500"
18210,"Os10g0527800"
18211,"Os03g0719000"
18212,"Os09g0356100"
18213,"Os03g0729800"
18214,"Os05g0313500"
18215,"Os12g0216500"
18216,"Os01g0885200"
18217,"Os06g0588900"
18218,"osa-miR160c"
18219,"Os02g0489600"
18220,"Os07g0245100"
18221,"Os04g0349500"
18222,"Os01g0705200"
18223,"Os01g0782200"
18224,"Os05g0127200"
18225,"Os09g0280600"
18226,"Os03g0335200"
18227,"Os06g0234600"
18228,"Os08g0526300"
18229,"Os08g0553400"
18230,"Os02g0697700"
18231,"Os09g0344800"
18232,"Os05g0561200"
18233,"Os10g0445900"
18234,"Os05g0526700"
18235,"Os04g0467000"
18236,"Os06g0205100"
18237,"Os10g0151700"
18238,"Os08g0432800"
18239,"Os11g0184800"
18240,"Os02g0822500"
18241,"Os04g0308600"
18242,"Os06g0598100"
18243,"Os02g0258800"
18244,"Os06g0694000"
18245,"Os08g0543400"
18246,"Os10g0471700"
18247,"Os07g0157700"
18248,"Os05g0488600"
18249,"Os08g0327000"
18250,"Os12g0578800"
18251,"Os09g0475700"
18252,"Os09g0362500"
18253,"Os09g0460700"
18254,"Os01g0663500"
18255,"Os03g0126700"
18256,"Os08g0531700"
18257,"Os04g0608400"
18258,"Os06g0669900"
18259,"Os11g0493700"
18260,"Os04g0648500"
18261,"Os02g0682200"
18262,"Os01g0299500"
18263,"Os03g0749300"
18264,"Os05g0140100"
18265,"Os06g0579000"
18266,"Os04g0350100"
18267,"Os05g0234100"
18268,"Os01g0874800"
18269,"Os01g0138600"
18270,"Os04g0113000"
18271,"Os01g0926300"
18272,"Os07g0131600"
18273,"Os07g0183300"
18274,"Os03g0686300"
18275,"osa-miR435"
18276,"Os04g0624400"
18277,"Os10g0343900"
18278,"Os12g0156100"
18279,"Os07g0586800"
18280,"Os08g0113700"
18281,"POsControl0022"
18282,"18282"
18283,"osa-miR166d"
18284,"Os04g0676300"
18285,"Os08g0130500"
18286,"Os01g0824600"
18287,"Os05g0567100"
18288,"Os04g0538800"
18289,"Os02g0662000"
18290,"Os03g0197100"
18291,"Os03g0764100"
18292,"Os01g0626200"
18293,"Os07g0108300"
18294,"Os09g0540500"
18295,"Os08g0507800"
18296,"Os11g0679900"
18297,"Os02g0305700"
18298,"Os01g0681100"
18299,"Os06g0192800"
18300,"Os10g0323600"
18301,"Os07g0126500"
18302,"Os02g0284800"
18303,"Os01g0833200"
18304,"Os10g0510000"
18305,"Os06g0232600"
18306,"Os12g0147500"
18307,"Os03g0626200"
18308,"Os08g0531100"
18309,"Os03g0833900"
18310,"Os04g0205800"
18311,"Os04g0204400"
18312,"Os06g0233000"
18313,"Os01g0783700"
18314,"Os01g0797900"
18315,"Os07g0298200"
18316,"Os03g0597400"
18317,"Os01g0923200"
18318,"Os11g0119900"
18319,"Os06g0586900"
18320,"Os09g0529300"
18321,"Os01g0112600"
18322,"Os03g0773800"
18323,"Os11g0695700"
18324,"Os07g0109600"
18325,"Os04g0389600"
18326,"Os01g0673600"
18327,"Os02g0794700"
18328,"Os02g0701300"
18329,"Os06g0589900"
18330,"Os03g0762000"
18331,"Os01g0731100"
18332,"Os12g0407200"
18333,"Os02g0826700"
18334,"Os06g0724200"
18335,"Os03g0159200"
18336,"Os12g0218100"
18337,"Os02g0557800"
18338,"Os01g0793300"
18339,"Os10g0531300"
18340,"Os07g0641200"
18341,"Os03g0240600"
18342,"osa-miR437"
18343,"Os10g0477800"
18344,"Os03g0729300"
18345,"Os05g0491400"
18346,"Os03g0839300"
18347,"Os11g0695300"
18348,"Os06g0189600"
18349,"Os08g0535800"
18350,"Os07g0654800"
18351,"Os06g0195900"
18352,"Os06g0228900"
18353,"Os03g0221100"
18354,"Os12g0552900"
18355,"Os08g0437200"
18356,"Os01g0660200"
18357,"Os03g0249400"
18358,"Os02g0802600"
18359,"Os03g0190300"
18360,"Os10g0417800"
18361,"Os11g0591100"
18362,"Os10g0559900"
18363,"Os08g0240000"
18364,"Os03g0311600"
18365,"Os04g0529600"
18366,"Os08g0557500"
18367,"osa-miR439a"
18368,"Os07g0495100"
18369,"Os01g0351200"
18370,"Os09g0334900"
18371,"Os09g0498200"
18372,"osa-miR169i"
18373,"Os05g0364300"
18374,"Os12g0420400"
18375,"Os12g0141900"
18376,"Os01g0955000"
18377,"Os05g0160600"
18378,"Os01g0660300"
18379,"Os08g0233400"
18380,"Os09g0550500"
18381,"Os05g0582500"
18382,"osa-miR156i"
18383,"Os07g0172500"
18384,"Os01g0647200"
18385,"Os10g0328500"
18386,"Os05g0189300"
18387,"Os03g0636600"
18388,"Os07g0196700"
18389,"18389"
18390,"18390"
18391,"Os04g0636500"
18392,"Os02g0127000"
18393,"Os07g0496900"
18394,"18394"
18395,"Os07g0165000"
18396,"Os07g0466300"
18397,"Os06g0709100"
18398,"Os10g0377400"
18399,"Os09g0453300"
18400,"Os02g0199300"
18401,"Os10g0495100"
18402,"Os03g0745400"
18403,"Os02g0681000"
18404,"Os06g0247500"
18405,"Os02g0170000"
18406,"Os01g0191500"
18407,"Os05g0335500"
18408,"Os11g0103800"
18409,"Os09g0104300"
18410,"Os05g0138200"
18411,"Os04g0599500"
18412,"Os03g0722200"
18413,"Os01g0690200"
18414,"Os05g0137200"
18415,"Os05g0252100"
18416,"Os01g0652600"
18417,"Os05g0367200"
18418,"osa-miR156g"
18419,"Os04g0513000"
18420,"Os04g0181100"
18421,"Os07g0289800"
18422,"Os03g0110400"
18423,"Os05g0490000"
18424,"Os01g0616600"
18425,"Os12g0233900"
18426,"Os03g0830400"
18427,"Os02g0120600"
18428,"Os01g0393400"
18429,"Os06g0676400"
18430,"Os04g0350000"
18431,"Os05g0596700"
18432,"Os01g0885500"
18433,"Os09g0110400"
18434,"Os05g0592400"
18435,"Os01g0833400"
18436,"POsControl0025"
18437,"Os03g0130800"
18438,"Os07g0181000"
18439,"Os04g0670500"
18440,"Os05g0188500"
18441,"Os01g0714600"
18442,"Os06g0721800"
18443,"Os01g0662300"
18444,"Os10g0104800"
18445,"Os01g0795400"
18446,"Os11g0161200"
18447,"osa-miR166h"
18448,"Os05g0137400"
18449,"Os04g0659300"
18450,"Os01g0818400"
18451,"Os11g0207000"
18452,"Os02g0728700"
18453,"Os03g0157900"
18454,"Os07g0576000"
18455,"Os04g0457200"
18456,"Os09g0334500"
18457,"Os04g0508200"
18458,"Os01g0319200"
18459,"Os05g0382600"
18460,"Os04g0280000"
18461,"Os08g0130500"
18462,"Os07g0627800"
18463,"Os08g0482700"
18464,"Os08g0338900"
18465,"Os02g0268300"
18466,"Os05g0361800"
18467,"PAtControl0002"
18468,"Os04g0464500"
18469,"Os03g0692000"
18470,"Os01g0166400"
18471,"Os07g0687900"
18472,"Os03g0604500"
18473,"Os01g0193400"
18474,"Os12g0454300"
18475,"Os06g0709100"
18476,"Os09g0135700"
18477,"Os03g0284700"
18478,"Os03g0454300"
18479,"Os07g0624100"
18480,"Os01g0896300"
18481,"Os05g0107900"
18482,"Os01g0658400"
18483,"Os03g0806400"
18484,"Os06g0621600"
18485,"Os02g0642300"
18486,"Os08g0417100"
18487,"Os03g0101500"
18488,"Os02g0699700"
18489,"Os10g0154600"
18490,"Os08g0278600"
18491,"Os09g0342000"
18492,"Os03g0646300"
18493,"Os11g0707000"
18494,"Os12g0512700"
18495,"Os02g0259600"
18496,"Os05g0370900"
18497,"osa-miR531"
18498,"Os09g0419300"
18499,"18499"
18500,"Os09g0372400"
18501,"Os05g0414100"
18502,"Os03g0763000"
18503,"Os03g0640800"
18504,"Os01g0361500"
18505,"Os07g0552800"
18506,"Os04g0228000"
18507,"Os01g0945800"
18508,"Os03g0850700"
18509,"Os07g0128800"
18510,"Os03g0784700"
18511,"Os03g0183100"
18512,"Os09g0385100"
18513,"Os08g0377300"
18514,"Os02g0767400"
18515,"Os01g0176200"
18516,"Os06g0662300"
18517,"18517"
18518,"Os05g0268300"
18519,"Os08g0441100"
18520,"Os03g0224700"
18521,"Os07g0679300"
18522,"Os01g0311400"
18523,"Os01g0781600"
18524,"Os03g0826800"
18525,"Os07g0657200"
18526,"Os01g0734000"
18527,"Os01g0881300"
18528,"18528"
18529,"Os10g0466300"
18530,"Os10g0149000"
18531,"Os02g0250600"
18532,"Os10g0555400"
18533,"Os07g0498900"
18534,"osa-miR166i"
18535,"Os01g0774300"
18536,"Os04g0235600"
18537,"Os03g0414400"
18538,"Os06g0360600"
18539,"Os01g0111500"
18540,"Os04g0555700"
18541,"Os09g0315200"
18542,"Os01g0186900"
18543,"osa-miR171g"
18544,"Os01g0507900"
18545,"Os01g0869800"
18546,"Os05g0406100"
18547,"Os07g0249100"
18548,"Os02g0219700"
18549,"Os10g0206800"
18550,"Os05g0252000"
18551,"Os03g0774300"
18552,"Os12g0172400"
18553,"Os01g0640200"
18554,"Os07g0616100"
18555,"osa-miR439g"
18556,"Os05g0135500"
18557,"Os01g0183700"
18558,"Os06g0367900"
18559,"Os01g0949200"
18560,"Os08g0343000"
18561,"Os08g0361000"
18562,"Os12g0571000"
18563,"Os09g0506900"
18564,"Os03g0309400"
18565,"Os03g0709200"
18566,"Os04g0625200"
18567,"Os03g0731100"
18568,"Os03g0781000"
18569,"Os09g0452400"
18570,"Os03g0815100"
18571,"Os02g0201900"
18572,"Os01g0382700"
18573,"18573"
18574,"Os04g0599900"
18575,"osa-miR395w"
18576,"Os12g0288300"
18577,"osa-miR172a"
18578,"Os01g0647700"
18579,"Os08g0460000"
18580,"Os06g0275000"
18581,"Os03g0836200"
18582,"Os02g0161800"
18583,"Os04g0648800"
18584,"Os05g0141300"
18585,"Os12g0110200"
18586,"Os02g0161700"
18587,"Os10g0428500"
18588,"Os04g0684000"
18589,"Os07g0296900"
18590,"Os01g0668300"
18591,"Os07g0651600"
18592,"Os03g0435300"
18593,"Os12g0134000"
18594,"Os01g0743200"
18595,"Os01g0235300"
18596,"Os03g0769000"
18597,"Os06g0611300"
18598,"Os03g0259300"
18599,"18599"
18600,"Os11g0168300"
18601,"Os04g0470500"
18602,"Os02g0727700"
18603,"Os07g0556800"
18604,"Os03g0749800"
18605,"Os02g0762600"
18606,"Os02g0677300"
18607,"osa-miR439a"
18608,"Os01g0251400"
18609,"Os01g0837200"
18610,"Os05g0134800"
18611,"Os04g0623700"
18612,"Os05g0103200"
18613,"Os11g0264700"
18614,"Os05g0449200"
18615,"Os07g0414900"
18616,"Os07g0182000"
18617,"osa-miR393"
18618,"Os07g0440400"
18619,"Os12g0236500"
18620,"Os08g0547100"
18621,"Os03g0324300"
18622,"Os02g0581300"
18623,"Os04g0322000"
18624,"Os10g0204100"
18625,"Os07g0616800"
18626,"Os01g0798100"
18627,"Os05g0103200"
18628,"Os06g0250000"
18629,"Os09g0412900"
18630,"Os03g0278900"
18631,"Os01g0810000"
18632,"Os02g0174200"
18633,"Os11g0111900"
18634,"Os09g0497600"
18635,"Os04g0188900"
18636,"Os09g0420600"
18637,"Os12g0218600"
18638,"Os04g0510700"
18639,"Os05g0486700"
18640,"Os09g0415200"
18641,"Os03g0261500"
18642,"Os08g0562100"
18643,"Os08g0404200"
18644,"Os01g0300000"
18645,"Os03g0183100"
18646,"Os03g0751100"
18647,"Os02g0543800"
18648,"Os10g0352000"
18649,"Os06g0726100"
18650,"Os03g0433200"
18651,"Os03g0845500"
18652,"Os04g0512400"
18653,"Os05g0194500"
18654,"Os02g0483500"
18655,"Os02g0745400"
18656,"Os06g0138100"
18657,"Os07g0518200"
18658,"Os06g0235700"
18659,"osa-miR167d"
18660,"Os08g0472000"
18661,"Os02g0759700"
18662,"Os01g0341300"
18663,"Os02g0730500"
18664,"Os10g0564500"
18665,"Os02g0481900"
18666,"Os04g0691500"
18667,"Os10g0572400"
18668,"Os01g0635400"
18669,"Os07g0638500"
18670,"Os09g0424300"
18671,"Os04g0525900"
18672,"Os12g0158300"
18673,"Os03g0120200"
18674,"18674"
18675,"Os01g0515300"
18676,"Os10g0405500"
18677,"Os03g0809900"
18678,"Os01g0171800"
18679,"Os10g0564400"
18680,"Os08g0359300"
18681,"Os07g0580500"
18682,"Os03g0134000"
18683,"Os01g0641700"
18684,"Os04g0206000"
18685,"Os02g0525100"
18686,"Os02g0649800"
18687,"Os04g0629600"
18688,"Os12g0536900"
18689,"Os08g0166500"
18690,"Os01g0335600"
18691,"osa-miR439f"
18692,"Os02g0123500"
18693,"Os01g0631900"
18694,"Os01g0705300"
18695,"Os12g0565000"
18696,"Os01g0705500"
18697,"Os11g0146700"
18698,"18698"
18699,"Os05g0503300"
18700,"Os07g0101500"
18701,"Os11g0429900"
18702,"Os02g0809100"
18703,"Os08g0534400"
18704,"Os03g0340900"
18705,"Os03g0784600"
18706,"Os01g0869200"
18707,"Os06g0662000"
18708,"Os03g0581200"
18709,"Os06g0240400"
18710,"Os06g0254600"
18711,"Os06g0683500"
18712,"Os08g0557300"
18713,"osa-miR172c"
18714,"Os04g0498600"
18715,"Os08g0496400"
18716,"osa-miR159c"
18717,"Os07g0662500"
18718,"Os03g0843100"
18719,"Os01g0197400"
18720,"Os04g0515900"
18721,"Os08g0531300"
18722,"Os06g0114900"
18723,"Os08g0527100"
18724,"Os05g0217800"
18725,"Os03g0328000"
18726,"Os02g0543300"
18727,"osa-miR166g"
18728,"Os01g0946300"
18729,"Os07g0684900"
18730,"Os06g0125500"
18731,"Os06g0348800"
18732,"Os01g0738000"
18733,"Os10g0550100"
18734,"Os04g0617800"
18735,"Os04g0462500"
18736,"Os04g0303100"
18737,"Os08g0553800"
18738,"Os01g0795300"
18739,"Os01g0803200"
18740,"Os06g0220800"
18741,"Os06g0317400"
18742,"Os06g0101300"
18743,"Os01g0626500"
18744,"Os08g0297800"
18746,"Os01g0617800"
18747,"Os04g0518800"
18748,"Os12g0443600"
18749,"Os01g0302500"
18750,"Os08g0126700"
18751,"Os02g0813500"
18752,"Os03g0702800"
18753,"Os10g0370500"
18754,"Os03g0597200"
18755,"Os03g0797600"
18756,"Os08g0135800"
18757,"Os04g0493000"
18758,"Os04g0101800"
18759,"Os08g0554400"
18760,"Os06g0570000"
18761,"Os01g0939300"
18762,"Os08g0562700"
18763,"Os01g0237100"
18764,"Os08g0136000"
18765,"Os04g0584800"
18766,"Os01g0967900"
18767,"Os05g0159000"
18768,"Os12g0106700"
18769,"Os02g0829500"
18770,"Os05g0541000"
18771,"Os01g0292200"
18772,"Os03g0138200"
18773,"Os08g0327400"
18774,"Os10g0139600"
18775,"Os01g0519100"
18776,"Os03g0576900"
18777,"Os12g0245700"
18778,"Os09g0444600"
18779,"Os02g0659900"
18780,"Os05g0147400"
18781,"Os03g0661300"
18782,"Os07g0259700"
18783,"osa-miR167j"
18784,"Os03g0421000"
18785,"Os08g0564000"
18786,"Os05g0332000"
18787,"Os03g0268600"
18788,"Os07g0534800"
18789,"Os05g0456100"
18790,"Os07g0565300"
18791,"Os01g0778800"
18792,"Os11g0210700"
18793,"Os04g0353600"
18794,"Os08g0542900"
18795,"Os01g0207900"
18796,"Os12g0163000"
18797,"Os11g0131900"
18798,"Os10g0516100"
18799,"Os02g0102000"
18800,"Os10g0509600"
18801,"PGmControl0002"
18802,"Os04g0408900"
18803,"Os04g0102500"
18804,"Os10g0569400"
18805,"Os01g0589100"
18806,"Os06g0275800"
18807,"Os05g0426300"
18808,"Os06g0295500"
18809,"Os10g0464400"
18810,"Os06g0103500"
18811,"Os11g0579800"
18812,"Os12g0277500"
18813,"Os03g0300300"
18814,"Os03g0605400"
18815,"Os06g0630300"
18816,"Os12g0195100"
18817,"Os03g0267300"
18818,"Os08g0237000"
18819,"Os04g0510400"
18820,"Os06g0158000"
18821,"Os03g0307700"
18822,"Os02g0299200"
18823,"Os03g0569800"
18824,"Os10g0473400"
18825,"Os10g0346600"
18826,"Os03g0793100"
18827,"Os03g0681900"
18828,"Os06g0551000"
18829,"Os11g0604600"
18830,"Os05g0357800"
18831,"Os03g0743200"
18832,"Os03g0373500"
18834,"Os07g0653300"
18835,"Os09g0325300"
18836,"Os01g0976700"
18837,"Os05g0215000"
18838,"Os03g0187200"
18839,"Os03g0564600"
18840,"Os01g0508300"
18841,"Os05g0103000"
18842,"Os04g0688200"
18843,"Os01g0939700"
18844,"Os01g0268900"
18845,"Os12g0128800"
18846,"Os03g0242100"
18847,"Os08g0242900"
18848,"Os08g0521400"
18849,"Os02g0581100"
18850,"Os12g0283300"
18851,"Os01g0880800"
18852,"Os06g0673700"
18853,"Os02g0705600"
18854,"Os04g0372100"
18855,"Os03g0314200"
18856,"Os03g0805200"
18857,"Os01g0263300"
18858,"Os01g0153200"
18859,"Os10g0167200"
18860,"Os10g0144700"
18861,"Os03g0335500"
18862,"Os11g0449900"
18863,"Os04g0589400"
18864,"Os10g0180000"
18865,"Os01g0106300"
18866,"Os07g0598300"
18867,"Os09g0568700"
18868,"Os06g0141600"
18869,"Os01g0572200"
18870,"Os03g0215800"
18871,"Os01g0622300"
18872,"Os04g0408600"
18873,"Os10g0438100"
18874,"Os12g0577600"
18875,"Os05g0531500"
18876,"Os01g0370900"
18877,"Os05g0401100"
18878,"Os01g0188000"
18879,"Os07g0584100"
18880,"Os03g0778100"
18881,"Os08g0545200"
18882,"Os01g0952900"
18883,"Os08g0138600"
18884,"POsControl0034"
18885,"Os05g0248200"
18886,"Os05g0427300"
18887,"Os01g0721600"
18888,"Os04g0391000"
18889,"Os02g0729700"
18890,"Os03g0214600"
18891,"Os02g0556000"
18892,"Os01g0968000"
18893,"Os05g0560300"
18894,"Os03g0666500"
18895,"Os03g0800500"
18896,"Os09g0506300"
18897,"Os03g0274000"
18898,"Os01g0532700"
18899,"Os12g0607000"
18900,"Os04g0414400"
18901,"Os01g0588400"
18902,"Os09g0458400"
18903,"Os08g0436100"
18904,"Os02g0711000"
18905,"Os06g0201200"
18906,"Os12g0525300"
18907,"Os12g0512000"
18908,"18908"
18909,"Os07g0633100"
18910,"Os04g0419800"
18911,"Os06g0498500"
18912,"Os11g0603000"
18913,"Os05g0562300"
18914,"Os02g0171100"
18915,"Os09g0327400"
18916,"Os04g0407800"
18917,"Os06g0298400"
18918,"Os11g0424100"
18919,"Os03g0316200"
18920,"Os08g0374000"
18921,"Os04g0667500"
18922,"Os02g0100200"
18923,"Os01g0347100"
18924,"Os01g0365300"
18925,"Os07g0619100"
18926,"Os04g0627000"
18927,"Os11g0312400"
18928,"Os11g0208000"
18929,"Os10g0556100"
18931,"Os03g0365800"
18932,"Os02g0173000"
18933,"Os01g0702900"
18934,"Os04g0370900"
18935,"Os07g0619500"
18936,"Os12g0620600"
18937,"Os01g0728300"
18938,"Os11g0174000"
18939,"Os06g0649800"
18940,"Os03g0637600"
18941,"Os01g0674700"
18942,"Os04g0103100"
18943,"Os07g0630400"
18944,"Os03g0698500"
18945,"Os01g0858700"
18946,"Os10g0464100"
18947,"Os09g0327600"
18948,"Os02g0257100"
18949,"Os02g0807700"
18950,"Os01g0157800"
18951,"Os10g0521700"
18952,"Os03g0101400"
18953,"Os12g0123500"
18954,"Os03g0116600"
18955,"Os01g0883800"
18956,"Os03g0288500"
18957,"Os03g0827200"
18958,"Os05g0334000"
18959,"Os02g0144800"
18960,"Os09g0522000"
18961,"Os07g0148400"
18962,"Os04g0528600"
18963,"Os10g0378300"
18964,"Os06g0232400"
18965,"Os01g0945200"
18966,"Os07g0489200"
18967,"Os11g0544700"
18968,"Os03g0618900"
18969,"Os03g0398900"
18970,"Os02g0332800"
18971,"Os06g0695000"
18972,"Os07g0484900"
18973,"Os11g0708400"
18974,"Os07g0551400"
18975,"Os04g0193300"
18976,"Os03g0387300"
18977,"Os02g0197600"
18978,"18978"
18979,"Os03g0390200"
18980,"Os01g0776300"
18981,"Os02g0595200"
18982,"Os03g0767500"
18983,"Os04g0650000"
18984,"Os05g0333200"
18985,"Os01g0802000"
18986,"Os05g0207400"
18987,"Os06g0226000"
18988,"Os01g0141100"
18989,"Os11g0701800"
18990,"Os02g0683900"
18991,"Os03g0693000"
18992,"Os05g0579800"
18993,"Os08g0224000"
18994,"Os10g0489600"
18995,"Os02g0587000"
18996,"Os06g0113500"
18997,"Os02g0313900"
18998,"Os06g0162100"
18999,"Os12g0145600"
19000,"Os01g0753100"
19001,"Os09g0115500"
19002,"osa-miR166c"
19003,"Os03g0816600"
19004,"Os03g0427900"
19005,"Os11g0129700"
19006,"Os05g0444300"
19007,"Os01g0951400"
19008,"Os05g0115700"
19009,"Os01g0801800"
19010,"19010"
19011,"Os12g0127600"
19012,"Os02g0177600"
19013,"POsControl0044"
19014,"Os07g0611600"
19015,"Os07g0529000"
19016,"Os03g0718100"
19017,"Os08g0171600"
19018,"Os02g0316200"
19019,"Os05g0560000"
19020,"osa-miR399k"
19021,"Os02g0564000"
19022,"Os07g0141200"
19023,"Os11g0619800"
19024,"Os09g0381100"
19025,"Os01g0769000"
19026,"Os02g0180700"
19027,"Os10g0503800"
19028,"Os06g0271900"
19029,"Os03g0290500"
19030,"Os04g0654700"
19031,"Os05g0495200"
19032,"Os03g0633800"
19033,"Os08g0487700"
19034,"osa-miR395l"
19035,"Os01g0838800"
19036,"Os01g0935900"
19037,"Os11g0171300"
19038,"Os01g0595700"
19039,"Os12g0152900"
19040,"Os03g0425800"
19041,"Os04g0569000"
19042,"Os04g0553000"
19043,"Os08g0162600"
19044,"Os04g0589500"
19045,"Os04g0311300"
19046,"Os01g0758300"
19047,"Os03g0119800"
19048,"Os09g0454200"
19049,"Os04g0679400"
19050,"Os10g0540300"
19051,"Os03g0196600"
19052,"Os02g0192900"
19053,"Os01g0801200"
19054,"Os06g0147000"
19055,"Os08g0345700"
19056,"Os03g0168000"
19057,"Os02g0759800"
19058,"Os11g0141000"
19059,"Os01g0563500"
19060,"Os03g0849800"
19061,"Os09g0462700"
19062,"Os08g0493900"
19063,"Os04g0474800"
19064,"Os11g0229500"
19065,"Os01g0859600"
19066,"osa-miR418"
19067,"Os01g0510200"
19068,"Os01g0967700"
19069,"Os10g0502400"
19070,"Os02g0138000"
19071,"Os07g0434200"
19072,"Os03g0432200"
19073,"Os03g0111200"
19074,"Os03g0610400"
19075,"Os04g0412100"
19076,"19076"
19077,"Os09g0459900"
19078,"Os10g0566800"
19079,"Os07g0122300"
19080,"Os04g0516300"
19081,"osa-miR169a"
19082,"Os09g0439600"
19083,"Os08g0367900"
19084,"Os04g0479200"
19085,"Os02g0535400"
19086,"Os09g0570100"
19087,"Os04g0583600"
19088,"Os11g0441000"
19089,"Os12g0149000"
19090,"Os05g0440100"
19091,"Os06g0346300"
19092,"Os12g0597200"
19093,"Os02g0688500"
19094,"Os12g0102500"
19095,"Os07g0225300"
19096,"Os08g0434800"
19097,"Os06g0492800"
19098,"Os05g0595300"
19099,"Os08g0545000"
19100,"osa-miR398a"
19101,"Os05g0391900"
19102,"Os02g0822000"
19103,"Os06g0546500"
19104,"Os11g0181100"
19105,"Os06g0107100"
19106,"Os03g0759000"
19107,"Os06g0113900"
19108,"Os01g0771800"
19109,"Os11g0701700"
19110,"Os03g0277700"
19111,"Os03g0207300"
19112,"Os09g0510900"
19113,"Os04g0117800"
19114,"Os07g0501900"
19115,"Os08g0552200"
19116,"Os10g0472400"
19117,"Os08g0356700"
19118,"Os02g0730800"
19119,"Os07g0661600"
19120,"Os07g0577400"
19121,"Os06g0651300"
19122,"Os11g0482000"
19123,"Os02g0116600"
19124,"Os06g0658400"
19125,"Os02g0561400"
19126,"Os03g0343400"
19127,"Os08g0503700"
19128,"Os08g0127600"
19129,"Os07g0215500"
19130,"Os01g0655500"
19131,"Os04g0340800"
19132,"Os07g0168800"
19133,"Os04g0688600"
19134,"Os08g0501000"
19135,"Os03g0188500"
19136,"Os05g0119000"
19137,"Os10g0406200"
19138,"Os01g0646500"
19139,"Os02g0762100"
19140,"Os08g0531300"
19141,"Os02g0590400"
19142,"Os10g0430200"
19143,"Os05g0103100"
19144,"Os03g0771100"
19145,"Os03g0314500"
19146,"Os11g0586800"
19147,"Os12g0204600"
19148,"Os07g0677200"
19149,"Os04g0649700"
19150,"Os05g0385400"
19151,"Os05g0402700"
19152,"Os08g0559400"
19153,"Os04g0472600"
19154,"Os02g0526000"
19155,"Os09g0244900"
19156,"Os11g0216900"
19157,"Os04g0276200"
19158,"Os04g0453400"
19159,"Os08g0317300"
19160,"Os05g0413000"
19161,"Os01g0182700"
19162,"Os01g0877600"
19163,"Os05g0370700"
19164,"Os01g0117900"
19165,"Os02g0711100"
19166,"Os01g0120300"
19167,"osa-miR395p"
19168,"Os02g0293500"
19169,"Os06g0625000"
19170,"Os07g0691200"
19171,"Os04g0668400"
19172,"Os01g0835500"
19173,"Os07g0490700"
19174,"Os05g0513900"
19175,"Os07g0168600"
19176,"Os02g0834000"
19177,"Os03g0719100"
19178,"osa-miR399j"
19179,"Os05g0129700"
19180,"Os01g0158200"
19181,"Os01g0881700"
19182,"Os07g0661400"
19183,"Os01g0966700"
19184,"Os07g0686300"
19185,"Os02g0638400"
19186,"Os02g0515000"
19187,"Os08g0428400"
19188,"Os07g0416900"
19189,"Os06g0607800"
19190,"Os03g0823800"
19191,"Os06g0323100"
19192,"Os07g0260300"
19193,"Os05g0189900"
19194,"Os03g0278200"
19195,"Os02g0627700"
19196,"Os11g0643100"
19197,"Os05g0209000"
19198,"Os03g0662000"
19199,"Os06g0295500"
19200,"Os03g0804900"
19201,"Os05g0437800"
19202,"Os11g0539800"
19203,"Os04g0529800"
19204,"Os11g0546900"
19205,"Os02g0704900"
19206,"Os04g0393300"
19207,"Os03g0673600"
19208,"Os06g0232100"
19209,"Os11g0308600"
19210,"Os10g0471100"
19211,"Os07g0659100"
19212,"Os03g0718100"
19213,"Os03g0212600"
19214,"Os02g0714600"
19215,"Os04g0390000"
19216,"Os12g0274700"
19217,"Os07g0205900"
19218,"Os01g0880300"
19219,"Os02g0571800"
19220,"Os06g0565000"
19221,"Os03g0670200"
19222,"Os05g0154500"
19223,"Os02g0141100"
19224,"Os05g0476200"
19225,"Os05g0393100"
19226,"Os12g0535300"
19227,"Os03g0850900"
19228,"Os04g0290800"
19229,"Os08g0332100"
19230,"Os02g0437800"
19231,"Os03g0172000"
19232,"Os07g0157000"
19233,"Os08g0108500"
19234,"Os11g0704500"
19235,"Os05g0474400"
19236,"Os04g0613400"
19237,"Os02g0694100"
19238,"Os04g0649400"
19239,"Os11g0668200"
19240,"Os02g0462500"
19241,"19241"
19242,"Os02g0618400"
19243,"Os07g0222200"
19244,"Os01g0973100"
19245,"Os01g0946700"
19246,"Os03g0134500"
19247,"Os05g0300700"
19248,"Os04g0505800"
19249,"Os11g0126400"
19250,"Os03g0703300"
19251,"Os03g0166600"
19252,"Os10g0377800"
19253,"Os02g0761900"
19254,"Os02g0121300"
19255,"Os07g0618500"
19256,"Os09g0420100"
19257,"Os06g0147400"
19258,"Os07g0496300"
19259,"Os03g0253800"
19260,"Os04g0490800"
19261,"Os01g0149800"
19262,"Os06g0645500"
19263,"Os04g0286900"
19264,"Os01g0672400"
19265,"Os01g0755500"
19266,"Os06g0479300"
19267,"Os07g0493200"
19268,"Os09g0110500"
19269,"Os08g0206800"
19270,"Os02g0101800"
19271,"Os01g0629600"
19272,"Os05g0170200"
19273,"Os07g0629400"
19274,"Os12g0148500"
19275,"Os07g0454400"
19276,"Os07g0474300"
19277,"Os02g0749300"
19278,"Os01g0277500"
19279,"Os04g0129600"
19280,"Os01g0868900"
19281,"Os01g0857300"
19282,"Os10g0531900"
19283,"19283"
19284,"osa-miR159c"
19285,"osa-miR171d"
19286,"Os06g0188600"
19287,"Os08g0390600"
19288,"Os11g0614900"
19289,"Os03g0439500"
19290,"Os12g0199200"
19291,"Os02g0286200"
19292,"Os08g0322200"
19293,"Os03g0624100"
19294,"Os04g0416000"
19295,"Os12g0236400"
19296,"Os02g0595700"
19297,"Os05g0137600"
19298,"Os01g0113100"
19299,"Os03g0162300"
19300,"Os07g0527900"
19301,"Os12g0233700"
19302,"osa-miR169f"
19303,"Os04g0543900"
19304,"Os04g0610500"
19305,"Os02g0694300"
19306,"Os03g0556900"
19307,"Os06g0269200"
19308,"Os05g0113400"
19309,"Os05g0195200"
19310,"POsControl0004"
19311,"Os02g0694700"
19312,"Os03g0734100"
19313,"Os01g0924200"
19314,"Os02g0751600"
19315,"Os12g0529400"
19316,"Os11g0588300"
19317,"Os05g0543600"
19318,"Os01g0837300"
19319,"Os01g0636100"
19320,"Os12g0225300"
19321,"Os05g0361700"
19322,"19322"
19323,"Os05g0551300"
19324,"Os04g0166000"
19325,"Os06g0354500"
19326,"Os05g0122800"
19327,"Os12g0264500"
19328,"Os05g0388500"
19329,"Os02g0665300"
19330,"Os08g0508800"
19331,"Os04g0677600"
19332,"Os09g0286400"
19333,"19333"
19334,"Os06g0173100"
19335,"Os03g0150800"
19336,"Os06g0717900"
19337,"Os03g0102100"
19338,"Os03g0701100"
19339,"Os03g0278300"
19340,"Os05g0437900"
19341,"Os07g0620300"
19342,"Os05g0268400"
19343,"Os04g0390800"
19344,"Os04g0691900"
19345,"Os01g0208600"
19346,"Os04g0488700"
19347,"Os11g0227100"
19348,"Os11g0112900"
19349,"Os04g0670800"
19350,"Os12g0157700"
19351,"Os09g0379300"
19352,"Os06g0711100"
19353,"Os01g0934800"
19354,"Os11g0670100"
19355,"Os02g0751300"
19356,"Os09g0401900"
19357,"Os03g0719900"
19358,"Os11g0473000"
19359,"Os01g0235800"
19360,"Os06g0268800"
19361,"Os05g0161800"
19362,"Os05g0151400"
19363,"Os11g0220700"
19364,"Os06g0597000"
19365,"Os12g0459300"
19366,"Os05g0515600"
19367,"Os08g0564100"
19368,"Os07g0511400"
19369,"Os01g0837500"
19370,"19370"
19371,"Os05g0230700"
19372,"Os08g0517200"
19373,"Os01g0257900"
19374,"Os01g0599900"
19375,"Os03g0135100"
19376,"Os02g0733300"
19377,"Os12g0299300"
19378,"Os03g0811700"
19379,"Os03g0757300"
19380,"Os06g0585200"
19381,"Os02g0834000"
19382,"Os12g0100500"
19383,"Os03g0218300"
19384,"Os08g0269000"
19385,"Os12g0256600"
19386,"Os07g0617800"
19387,"Os03g0103200"
19388,"19388"
19389,"Os01g0850900"
19390,"osa-miR395k"
19391,"Os11g0488900"
19392,"Os07g0544800"
19393,"Os07g0157900"
19394,"Os02g0109200"
19395,"Os03g0324800"
19396,"POsControl0009"
19397,"Os03g0182900"
19398,"Os07g0614500"
19399,"Os01g0173400"
19400,"Os03g0851100"
19401,"Os11g0434800"
19402,"Os09g0512800"
19403,"Os09g0417600"
19404,"Os03g0116700"
19405,"Os08g0438100"
19406,"Os10g0545200"
19407,"Os10g0410900"
19408,"Os04g0433900"
19409,"osa-miR171i"
19410,"Os10g0477300"
19411,"Os10g0345600"
19412,"Os05g0456300"
19413,"Os10g0324900"
19414,"Os05g0386700"
19415,"Os11g0100200"
19416,"Os06g0496800"
19417,"Os01g0363500"
19418,"Os07g0515200"
19419,"Os01g0924800"
19420,"Os07g0141600"
19421,"Os11g0591000"
19422,"Os02g0826000"
19423,"Os07g0664200"
19424,"Os04g0390100"
19425,"Os04g0650000"
19426,"Os12g0116700"
19427,"Os06g0338200"
19428,"Os02g0778600"
19429,"osa-miR171f"
19430,"Os03g0224200"
19431,"Os08g0180600"
19432,"Os03g0236100"
19433,"Os10g0559400"
19434,"Os08g0462800"
19435,"Os02g0711200"
19436,"Os01g0732100"
19437,"Os01g0168200"
19438,"Os09g0520500"
19439,"Os04g0459500"
19440,"Os01g0794900"
19441,"Os03g0320000"
19442,"19442"
19443,"Os05g0323200"
19444,"Os02g0822200"
19445,"Os03g0852700"
19446,"Os05g0414700"
19447,"Os05g0169000"
19448,"Os04g0690500"
19449,"Os03g0139200"
19450,"Os03g0376800"
19451,"Os11g0616200"
19452,"Os01g0934300"
19453,"Os04g0564600"
19454,"Os01g0508000"
19455,"Os07g0686500"
19456,"Os10g0423600"
19457,"Os02g0491400"
19458,"Os01g0256800"
19459,"Os03g0647500"
19460,"Os05g0507200"
19461,"19461"
19462,"POsControl0023"
19463,"Os07g0513200"
19464,"Os03g0177900"
19465,"Os09g0422600"
19466,"Os08g0318500"
19467,"Os01g0784200"
19468,"Os11g0696600"
19469,"Os04g0451900"
19470,"Os02g0527200"
19471,"osa-miR439f"
19472,"Os01g0681000"
19473,"Os05g0473900"
19474,"Os12g0141500"
19475,"Os04g0539500"
19476,"Os12g0197200"
19477,"Os02g0773600"
19478,"Os09g0349700"
19479,"Os09g0553300"
19480,"Os05g0376400"
19481,"Os05g0386900"
19482,"Os03g0236400"
19483,"Os01g0800800"
19484,"Os01g0916600"
19485,"Os10g0190000"
19486,"Os05g0129000"
19487,"Os06g0255400"
19488,"Os03g0727600"
19489,"Os05g0132000"
19490,"Os04g0297800"
19491,"Os01g0126400"
19492,"Os10g0510000"
19493,"Os04g0636200"
19494,"Os07g0112400"
19495,"Os05g0214300"
19496,"Os04g0551300"
19497,"Os05g0329100"
19498,"Os01g0787400"
19499,"Os05g0489600"
19500,"Os05g0104800"
19501,"Os05g0551600"
19502,"Os02g0147200"
19503,"Os06g0648500"
19504,"Os12g0406000"
19505,"Os06g0134000"
19506,"Os04g0533300"
19507,"Os06g0202400"
19508,"Os05g0283200"
19509,"Os08g0192900"
19510,"Os05g0458100"
19511,"Os05g0460800"
19512,"Os09g0115600"
19513,"Os03g0815800"
19514,"Os05g0134700"
19515,"Os02g0467000"
19516,"Os01g0831300"
19517,"Os02g0641000"
19518,"Os05g0559800"
19519,"Os06g0530300"
19520,"Os05g0122800"
19521,"Os04g0108800"
19522,"Os09g0525200"
19523,"Os07g0151900"
19524,"Os02g0496500"
19525,"Os10g0395500"
19526,"Os10g0480200"
19527,"Os03g0712800"
19528,"Os11g0129700"
19529,"Os07g0248900"
19530,"Os04g0611400"
19531,"Os09g0505300"
19532,"Os01g0673500"
19533,"Os03g0153500"
19534,"Os10g0572500"
19535,"Os04g0418800"
19536,"Os06g0529900"
19537,"Os07g0645400"
19538,"Os10g0111000"
19539,"Os04g0411800"
19540,"Os01g0823000"
19541,"Os12g0178100"
19542,"Os12g0566400"
19543,"Os03g0431500"
19544,"Os11g0588500"
19545,"Os04g0397100"
19546,"Os08g0560500"
19547,"osa-miR171d"
19548,"Os10g0527100"
19549,"Os11g0205800"
19550,"Os04g0348800"
19551,"Os11g0172100"
19552,"Os09g0436500"
19553,"Os08g0548900"
19554,"Os08g0442300"
19555,"Os04g0397000"
19556,"Os02g0491600"
19557,"Os07g0245200"
19558,"Os04g0687200"
19559,"Os03g0297000"
19560,"Os05g0131900"
19561,"Os05g0529400"
19562,"Os02g0623600"
19563,"Os01g0174400"
19564,"Os11g0247300"
19565,"Os04g0578000"
19566,"Os06g0597900"
19567,"Os02g0522100"
19568,"Os05g0499400"
19569,"Os02g0173200"
19570,"Os02g0554100"
19571,"Os03g0289800"
19572,"Os08g0263600"
19573,"Os10g0476400"
19574,"Os07g0648500"
19575,"Os08g0172200"
19576,"Os06g0113900"
19577,"Os06g0611000"
19578,"Os08g0455600"
19579,"Os03g0146500"
19580,"Os06g0731400"
19581,"Os02g0820700"
19582,"Os01g0926200"
19583,"Os12g0194600"
19584,"Os03g0105300"
19585,"Os04g0679600"
19586,"Os01g0738100"
19587,"Os01g0266000"
19588,"Os02g0686600"
19589,"Os02g0280000"
19590,"osa-miR396b"
19591,"Os11g0158800"
19592,"Os03g0185400"
19593,"Os08g0274300"
19594,"Os01g0148700"
19595,"Os12g0408800"
19596,"Os07g0577600"
19597,"Os10g0579800"
19598,"Os06g0162800"
19599,"Os09g0434200"
19600,"Os11g0266800"
19601,"Os10g0544200"
19602,"Os12g0574800"
19603,"Os08g0406900"
19604,"Os03g0655600"
19605,"Os10g0560600"
19606,"Os02g0626400"
19607,"Os02g0744500"
19608,"Os11g0259100"
19609,"Os07g0424400"
19610,"Os11g0527400"
19611,"Os05g0222200"
19612,"Os02g0503900"
19613,"Os11g0588300"
19614,"Os02g0482400"
19615,"Os02g0538700"
19616,"Os02g0297600"
19617,"Os06g0493000"
19618,"Os02g0744200"
19619,"Os11g0149200"
19620,"Os07g0109400"
19621,"Os01g0687700"
19622,"Os01g0270300"
19623,"osa-miR166g"
19624,"Os03g0658000"
19625,"Os07g0588800"
19626,"Os01g0531400"
19627,"Os04g0393500"
19628,"Os11g0702200"
19629,"Os03g0122600"
19630,"Os01g0910500"
19631,"Os06g0661600"
19632,"Os03g0815900"
19633,"Os09g0360900"
19634,"Os05g0425600"
19635,"Os02g0211200"
19636,"Os01g0214300"
19637,"Os09g0258500"
19638,"Os10g0369900"
19639,"Os04g0523000"
19640,"Os06g0172200"
19641,"Os04g0174100"
19642,"Os01g0501000"
19643,"Os01g0182200"
19645,"Os05g0217800"
19646,"Os01g0197500"
19647,"osa-miR395o"
19648,"Os01g0804200"
19649,"Os01g0742200"
19650,"Os08g0420800"
19651,"Os02g0832800"
19652,"Os02g0156700"
19653,"Os03g0207400"
19654,"Os07g0180300"
19655,"Os06g0547400"
19656,"Os08g0344600"
19657,"Os07g0123300"
19658,"Os12g0626400"
19659,"Os02g0681100"
19660,"Os04g0301500"
19661,"Os08g0100500"
19662,"Os04g0406300"
19663,"Os07g0200500"
19664,"Os11g0115400"
19665,"Os06g0472000"
19666,"Os09g0131200"
19667,"Os03g0725100"
19668,"Os08g0403300"
19669,"Os04g0250700"
19670,"Os06g0670300"
19671,"Os02g0582600"
19672,"Os05g0150800"
19673,"19673"
19674,"Os02g0473000"
19675,"Os07g0646300"
19676,"Os05g0305100"
19677,"Os09g0455300"
19678,"Os12g0174800"
19679,"Os07g0678600"
19680,"Os06g0608100"
19681,"Os09g0568400"
19682,"Os01g0183000"
19683,"Os07g0630900"
19684,"Os02g0465400"
19685,"PZmControl0002"
19686,"Os03g0130300"
19687,"Os01g0678600"
19688,"Os05g0350600"
19689,"Os03g0366200"
19690,"Os11g0163100"
19691,"Os06g0585900"
19692,"Os03g0734400"
19693,"Os06g0663400"
19694,"Os09g0471000"
19695,"Os01g0379400"
19696,"Os06g0108500"
19697,"Os12g0141100"
19698,"Os12g0137700"
19699,"Os05g0322900"
19700,"Os02g0103000"
19701,"Os12g0419700"
19702,"osa-miR399f"
19703,"Os06g0316100"
19704,"Os04g0186400"
19705,"Os02g0606400"
19706,"Os01g0277700"
19707,"Os02g0537800"
19708,"Os12g0553200"
19709,"Os06g0527400"
19710,"Os05g0224800"
19711,"Os03g0857400"
19712,"Os09g0557800"
19713,"PGmControl0003"
19714,"Os06g0132100"
19715,"Os12g0489300"
19716,"Os02g0655800"
19717,"Os07g0543500"
19718,"Os01g0348600"
19719,"Os01g0763700"
19720,"Os04g0538400"
19721,"Os03g0284500"
19722,"Os12g0638200"
19723,"Os08g0291600"
19724,"Os07g0574800"
19725,"Os02g0160600"
19726,"Os03g0695500"
19727,"Os06g0524500"
19728,"Os08g0310500"
19729,"Os10g0160100"
19730,"Os05g0318300"
19731,"Os11g0296800"
19732,"Os12g0129300"
19733,"Os05g0404300"
19734,"Os06g0699400"
19735,"Os08g0349100"
19736,"Os08g0203600"
19737,"Os06g0162700"
19738,"Os02g0246200"
19739,"Os05g0366600"
19740,"Os08g0486000"
19741,"Os08g0291800"
19742,"Os10g0564900"
19743,"Os07g0630800"
19744,"Os12g0298800"
19745,"Os06g0168800"
19746,"Os01g0759400"
19747,"Os01g0512100"
19748,"Os12g0111600"
19749,"Os03g0592500"
19750,"Os08g0534900"
19751,"Os05g0122400"
19752,"Os04g0616700"
19753,"Os09g0115400"
19754,"Os07g0103200"
19755,"Os01g0121300"
19756,"Os02g0822100"
19757,"Os09g0453900"
19758,"Os06g0610600"
19759,"Os02g0659500"
19760,"Os06g0129000"
19761,"Os03g0836000"
19762,"Os05g0398100"
19763,"Os01g0504100"
19764,"Os08g0111800"
19765,"Os11g0233400"
19766,"Os08g0508500"
19767,"Os09g0436600"
19768,"Os04g0480600"
19769,"Os05g0246300"
19770,"Os07g0694200"
19771,"Os02g0476100"
19772,"Os10g0576000"
19773,"Os12g0590000"
19774,"Os06g0704200"
19775,"Os07g0214100"
19776,"Os01g0638000"
19777,"Os04g0549700"
19778,"Os07g0197000"
19779,"Os09g0528300"
19780,"Os11g0113300"
19781,"Os01g0933400"
19782,"Os04g0679500"
19783,"Os03g0686500"
19784,"Os01g0881800"
19785,"Os01g0924100"
19786,"Os08g0266300"
19787,"Os02g0660100"
19788,"Os04g0592500"
19789,"Os06g0122800"
19790,"Os02g0819700"
19791,"Os04g0510500"
19792,"Os01g0102700"
19793,"Os08g0363000"
19794,"Os11g0171400"
19795,"Os02g0758200"
19796,"Os06g0710700"
19797,"Os08g0276100"
19798,"POsControl0031"
19799,"Os11g0683800"
19800,"Os02g0254800"
19801,"Os02g0635200"
19802,"Os06g0607900"
19803,"Os07g0677300"
19804,"19804"
19805,"osa-miR169c"
19806,"Os02g0718100"
19807,"Os05g0162000"
19808,"POsControl0038"
19809,"Os01g0375000"
19810,"Os06g0607800"
19811,"Os05g0582600"
19812,"Os09g0471800"
19813,"Os12g0565200"
19814,"Os04g0636900"
19815,"Os01g0253000"
19816,"Os02g0597000"
19817,"Os04g0556100"
19818,"Os11g0484400"
19819,"Os08g0124500"
19820,"Os03g0182600"
19821,"Os02g0178100"
19822,"Os02g0769600"
19823,"osa-miR160d"
19824,"Os08g0467100"
19825,"Os10g0442000"
19826,"19826"
19827,"Os02g0234500"
19828,"Os04g0511700"
19829,"Os09g0380400"
19830,"Os05g0406600"
19831,"Os03g0569900"
19832,"Os06g0621300"
19833,"Os09g0490100"
19834,"Os01g0242900"
19835,"Os01g0195000"
19836,"Os04g0504800"
19837,"Os09g0441900"
19838,"Os11g0620100"
19839,"Os11g0546200"
19840,"Os11g0470900"
19841,"Os02g0317700"
19842,"Os02g0129900"
19843,"Os05g0456000"
19844,"Os04g0684500"
19845,"Os01g0206800"
19846,"Os04g0689500"
19847,"Os04g0357600"
19848,"osa-miR169m"
19849,"Os11g0610900"
19850,"Os03g0757100"
19851,"Os03g0832200"
19852,"Os06g0175800"
19853,"Os10g0422800"
19854,"Os08g0425700"
19855,"Os05g0217800"
19856,"Os03g0565600"
19857,"Os03g0125800"
19858,"Os03g0835400"
19859,"Os03g0168800"
19860,"Os04g0513400"
19861,"Os10g0496900"
19862,"Os09g0476700"
19863,"Os06g0670500"
19864,"Os01g0200400"
19865,"Os12g0570400"
19866,"Os03g0152400"
19867,"Os02g0779300"
19868,"Os02g0658100"
19869,"Os08g0282800"
19870,"Os06g0154500"
19871,"Os07g0645700"
19872,"Os04g0550800"
19873,"Os12g0218600"
19874,"Os03g0284500"
19875,"Os04g0375900"
19876,"Os02g0593700"
19877,"Os10g0160600"
19878,"Os06g0669700"
19879,"Os10g0138400"
19880,"Os01g0885600"
19881,"Os12g0140600"
19882,"Os03g0810600"
19883,"Os10g0548200"
19884,"Os03g0793600"
19885,"Os03g0203100"
19886,"Os11g0638900"
19887,"Os11g0624400"
19888,"Os02g0697400"
19889,"Os02g0471100"
19890,"Os09g0421700"
19891,"Os05g0542400"
19892,"Os03g0693400"
19893,"Os04g0545700"
19894,"Os02g0117100"
19895,"Os01g0632700"
19896,"Os05g0541900"
19897,"Os01g0658700"
19898,"Os03g0234500"
19899,"Os10g0197700"
19900,"Os01g0689800"
19901,"Os01g0880800"
19902,"Os01g0588200"
19903,"Os03g0861900"
19904,"Os01g0767700"
19905,"Os03g0790600"
19906,"Os05g0349800"
19907,"Os12g0130300"
19908,"Os03g0761100"
19909,"Os08g0148300"
19910,"Os06g0606900"
19911,"Os01g0654100"
19912,"Os06g0109200"
19913,"Os04g0490400"
19914,"Os07g0646000"
19915,"Os04g0324000"
19916,"Os12g0440300"
19917,"Os05g0120300"
19918,"Os01g0371400"
19919,"Os03g0383100"
19920,"Os03g0122200"
19921,"Os02g0510100"
19922,"Os08g0247000"
19923,"Os10g0407100"
19924,"Os12g0487700"
19925,"Os06g0153600"
19926,"Os03g0795900"
19927,"Os04g0635800"
19928,"Os03g0319400"
19929,"Os07g0148800"
19930,"Os09g0440300"
19931,"Os02g0717200"
19932,"Os06g0142500"
19933,"Os02g0463500"
19934,"Os11g0437800"
19935,"Os02g0128400"
19936,"Os03g0664700"
19937,"Os04g0168400"
19938,"Os03g0194400"
19939,"Os12g0518100"
19940,"Os11g0701400"
19941,"Os03g0820600"
19942,"Os02g0770900"
19943,"Os03g0115600"
19944,"Os02g0706600"
19945,"Os04g0459000"
19946,"Os08g0519100"
19947,"Os06g0283400"
19948,"Os11g0157600"
19949,"Os06g0717700"
19950,"Os09g0268600"
19951,"POsControl0007"
19952,"Os10g0503500"
19953,"Os07g0543000"
19954,"Os04g0471100"
19955,"Os01g0210500"
19956,"Os02g0834700"
19957,"Os03g0286300"
19958,"Os11g0645800"
19959,"Os11g0616300"
19960,"Os12g0464400"
19961,"osa-miR169g"
19962,"Os10g0118700"
19963,"Os07g0275100"
19964,"Os02g0276200"
19965,"Os01g0604700"
19966,"Os08g0156900"
19967,"Os01g0372700"
19968,"Os01g0965800"
19969,"Os04g0514500"
19970,"Os02g0562600"
19971,"Os08g0233600"
19972,"Os12g0106000"
19973,"Os11g0154300"
19974,"Os08g0108300"
19975,"Os04g0431100"
19976,"POsControl0019"
19977,"Os11g0281000"
19978,"Os04g0107900"
19979,"Os01g0658400"
19980,"Os05g0496400"
19981,"Os04g0613200"
19982,"Os12g0533700"
19983,"19983"
19984,"19984"
19985,"osa-miR395w"
19986,"Os02g0540700"
19987,"Os05g0413200"
19988,"Os07g0170500"
19989,"Os09g0500900"
19990,"Os07g0491500"
19991,"Os10g0544600"
19992,"Os06g0643900"
19993,"Os06g0130400"
19994,"Os01g0911800"
19995,"Os04g0250000"
19996,"Os05g0329200"
19997,"Os01g0883100"
19998,"Os08g0464000"
19999,"Os11g0114100"
20000,"Os05g0508700"
20001,"Os01g0946600"
20002,"Os11g0162700"
20003,"osa-miR426"
20004,"Os05g0371200"
20005,"Os06g0677800"
20006,"Os03g0796900"
20007,"Os03g0269900"
20008,"Os12g0443500"
20009,"Os06g0728000"
20010,"Os04g0362100"
20011,"Os06g0208100"
20012,"20012"
20013,"Os09g0103600"
20014,"Os05g0535700"
20015,"PAtControl0002"
20016,"Os06g0127000"
20017,"20017"
20018,"Os06g0507200"
20019,"Os08g0442300"
20020,"Os02g0831300"
20021,"Os06g0186600"
20022,"Os01g0837900"
20023,"Os08g0566600"
20024,"Os03g0239000"
20025,"Os05g0517500"
20026,"Os04g0422000"
20027,"Os01g0322700"
20028,"Os03g0307800"
20029,"Os06g0273700"
20030,"Os12g0583900"
20031,"Os09g0127300"
20032,"Os10g0460500"
20033,"Os01g0295500"
20034,"Os02g0789700"
20035,"Os07g0149900"
20036,"Os07g0529600"
20037,"Os12g0516400"
20038,"Os06g0142200"
20039,"Os04g0569000"
20040,"Os11g0523800"
20041,"Os04g0636900"
20042,"Os03g0651900"
20043,"Os01g0534800"
20044,"Os03g0426900"
20045,"Os02g0186700"
20046,"Os02g0569000"
20047,"Os10g0442700"
20048,"Os11g0143300"
20049,"Os11g0701500"
20050,"Os02g0612700"
20051,"Os03g0231700"
20052,"Os11g0704600"
20053,"20053"
20054,"Os02g0179800"
20055,"Os07g0259400"
20056,"Os01g0878100"
20057,"Os05g0135800"
20058,"Os02g0514500"
20059,"Os02g0147300"
20060,"Os11g0181800"
20061,"Os10g0378600"
20062,"Os10g0115600"
20063,"Os03g0749100"
20064,"Os08g0190700"
20065,"Os03g0640800"
20066,"Os01g0207000"
20067,"Os06g0119300"
20068,"Os03g0580300"
20069,"Os03g0385900"
20070,"Os09g0537700"
20071,"Os02g0315600"
20072,"Os07g0118900"
20073,"Os06g0114600"
20074,"Os01g0248500"
20075,"Os07g0590600"
20076,"Os01g0187700"
20077,"20077"
20078,"Os04g0248000"
20079,"20079"
20080,"osa-miR439j"
20081,"Os04g0503700"
20082,"Os11g0587100"
20083,"Os01g0933600"
20084,"Os05g0516400"
20085,"Os10g0561300"
20086,"Os07g0621300"
20087,"Os05g0168300"
20088,"Os08g0524800"
20089,"Os05g0155100"
20090,"Os01g0385400"
20091,"Os06g0358800"
20092,"Os08g0395800"
20093,"Os04g0432000"
20094,"Os11g0184600"
20095,"Os09g0519100"
20096,"Os03g0729400"
20097,"Os03g0638000"
20098,"Os03g0765900"
20099,"Os01g0649100"
20100,"Os06g0639200"
20101,"Os07g0176900"
20102,"Os03g0340600"
20103,"Os08g0128700"
20104,"Os10g0339600"
20105,"Os11g0426400"
20106,"Os01g0926400"
20107,"Os12g0596800"
20108,"Os04g0337500"
20109,"Os04g0258900"
20110,"POsControl0013"
20111,"Os04g0299200"
20112,"Os03g0438000"
20113,"Os01g0301900"
20114,"Os12g0143800"
20115,"Os01g0625200"
20116,"Os04g0672700"
20117,"Os07g0657900"
20118,"Os04g0104900"
20119,"Os03g0720300"
20120,"Os11g0456100"
20121,"Os12g0551200"
20122,"Os06g0114500"
20123,"Os02g0764200"
20124,"Os07g0673100"
20125,"Os09g0269700"
20126,"osa-miR166a"
20127,"Os04g0671900"
20128,"Os01g0723100"
20129,"Os10g0457200"
20130,"Os06g0158200"
20131,"Os03g0395600"
20132,"Os09g0290900"
20133,"Os10g0570200"
20134,"Os06g0154900"
20135,"Os03g0840900"
20136,"POsControl0014"
20137,"Os08g0407000"
20138,"Os09g0274100"
20139,"Os02g0599500"
20140,"Os03g0756400"
20141,"Os12g0548600"
20142,"Os08g0121800"
20143,"Os03g0441600"
20144,"Os02g0816600"
20145,"Os08g0224100"
20146,"Os09g0527100"
20147,"Os11g0629700"
20148,"Os07g0263300"
20149,"Os07g0164700"
20150,"Os02g0756100"
20151,"Os04g0245000"
20152,"Os11g0210300"
20153,"Os01g0164900"
20154,"Os02g0584900"
20155,"Os12g0509200"
20156,"Os06g0318300"
20157,"Os05g0114600"
20158,"Os03g0133400"
20159,"Os02g0661100"
20160,"Os12g0560500"
20161,"Os03g0264400"
20162,"Os05g0316200"
20163,"Os02g0524800"
20164,"Os07g0542900"
20165,"Os07g0129700"
20166,"Os06g0639000"
20167,"osa-miR416"
20168,"Os02g0249800"
20169,"osa-miR441a"
20170,"20170"
20171,"Os05g0123300"
20172,"Os08g0463900"
20173,"Os02g0234400"
20174,"20174"
20175,"Os04g0688100"
20176,"Os03g0336900"
20177,"Os01g0713600"
20178,"Os01g0254000"
20179,"Os02g0760400"
20180,"Os02g0595800"
20181,"Os03g0707300"
20182,"Os12g0606100"
20183,"Os02g0671500"
20184,"Os11g0586900"
20185,"Os07g0102400"
20186,"Os01g0155700"
20187,"Os08g0562200"
20188,"Os07g0564700"
20189,"Os04g0488600"
20190,"Os02g0133300"
20191,"20191"
20192,"Os02g0168400"
20193,"Os03g0789300"
20194,"Os03g0766700"
20195,"Os03g0801300"
20196,"Os01g0182600"
20197,"Os05g0299300"
20198,"Os12g0204500"
20199,"Os08g0207600"
20200,"Os04g0658600"
20201,"Os02g0665300"
20202,"Os06g0181300"
20203,"Os01g0736400"
20204,"Os01g0929500"
20205,"Os11g0114600"
20206,"Os05g0251500"
20207,"Os05g0411300"
20208,"Os01g0100600"
20209,"Os08g0110800"
20210,"Os05g0217700"
20211,"Os06g0224900"
20212,"Os04g0485400"
20213,"Os05g0394200"
20214,"Os09g0419500"
20215,"Os05g0116000"
20216,"Os02g0696500"
20217,"Os08g0234000"
20218,"20218"
20219,"Os03g0700100"
20220,"Os05g0392000"
20221,"Os01g0754200"
20222,"Os10g0524500"
20223,"Os02g0178700"
20224,"Os08g0170200"
20225,"Os08g0519400"
20226,"Os03g0182800"
20227,"Os01g0678500"
20228,"Os10g0109600"
20229,"Os02g0179900"
20230,"Os03g0257900"
20231,"Os03g0781500"
20232,"Os03g0703300"
20233,"Os10g0214300"
20234,"Os10g0566200"
20235,"Os04g0484800"
20236,"Os05g0524500"
20237,"Os10g0150700"
20238,"Os04g0432600"
20239,"Os11g0240700"
20240,"Os11g0523800"
20241,"Os02g0610700"
20242,"Os01g0891500"
20243,"osa-miR530"
20244,"Os01g0827400"
20245,"Os11g0123600"
20246,"Os02g0833300"
20247,"Os04g0691500"
20248,"Os02g0628100"
20249,"Os01g0258600"
20250,"Os03g0644000"
20251,"Os08g0122900"
20252,"Os03g0807900"
20253,"Os07g0277600"
20254,"Os03g0101600"
20255,"Os10g0560200"
20256,"Os11g0444000"
20257,"Os11g0462100"
20258,"Os12g0586500"
20259,"Os12g0514300"
20260,"Os02g0266800"
20261,"Os08g0264700"
20262,"20262"
20263,"Os01g0212400"
20264,"Os02g0519700"
20265,"Os06g0367500"
20266,"20266"
20267,"Os05g0116500"
20268,"Os02g0567900"
20269,"Os05g0155500"
20270,"Os11g0111200"
20271,"Os08g0124700"
20272,"Os04g0432500"
20273,"Os04g0550500"
20274,"Os11g0598500"
20275,"osa-miR166n"
20276,"Os06g0264800"
20277,"Os02g0825500"
20278,"Os05g0519700"
20279,"Os12g0136300"
20280,"Os02g0704500"
20281,"Os08g0448100"
20282,"osa-miR395j"
20283,"Os05g0217800"
20284,"Os01g0652100"
20285,"Os03g0105300"
20286,"Os08g0399600"
20287,"Os12g0175900"
20288,"Os04g0643100"
20289,"Os07g0608200"
20290,"Os08g0374200"
20291,"Os04g0134900"
20292,"Os08g0392200"
20293,"Os01g0652300"
20294,"Os08g0435900"
20295,"Os11g0160000"
20296,"Os09g0428000"
20297,"Os03g0587100"
20298,"Os09g0547500"
20299,"Os02g0679500"
20300,"Os01g0790900"
20301,"Os06g0140400"
20302,"Os06g0343900"
20303,"Os03g0702000"
20304,"Os01g0763700"
20305,"Os07g0110900"
20306,"Os01g0926400"
20307,"Os03g0138000"
20308,"Os10g0490100"
20309,"Os03g0177100"
20310,"20310"
20311,"Os12g0561400"
20312,"Os06g0646900"
20313,"Os01g0351300"
20314,"Os03g0594400"
20315,"Os01g0670800"
20316,"Os01g0329800"
20317,"Os03g0418600"
20318,"Os07g0617100"
20319,"Os01g0236700"
20320,"Os01g0800500"
20321,"Os03g0271100"
20322,"Os11g0616200"
20323,"Os01g0646300"
20324,"Os09g0512100"
20325,"Os02g0768600"
20326,"Os11g0280500"
20327,"Os03g0339900"
20328,"Os06g0534200"
20329,"Os05g0123200"
20330,"Os03g0858700"
20331,"Os07g0625800"
20332,"osa-miR169h"
20333,"Os08g0289000"
20334,"20334"
20335,"Os05g0533800"
20336,"Os07g0503200"
20337,"Os04g0506000"
20338,"POsControl0042"
20339,"Os02g0170300"
20340,"Os10g0104500"
20341,"Os10g0426600"
20342,"Os07g0250300"
20343,"Os08g0532500"
20344,"Os05g0128200"
20345,"Os12g0533800"
20346,"Os01g0673500"
20347,"Os01g0233500"
20348,"20348"
20349,"Os05g0526300"
20350,"Os05g0247100"
20351,"Os09g0506800"
20352,"Os05g0330600"
20353,"Os04g0690900"
20354,"Os05g0473500"
20355,"Os03g0620800"
20356,"osa-miR426"
20357,"Os05g0370600"
20358,"Os03g0580800"
20359,"Os11g0133700"
20360,"Os03g0185600"
20361,"Os01g0165200"
20362,"Os08g0195400"
20363,"Os08g0386700"
20364,"Os06g0178500"
20365,"Os03g0757500"
20366,"Os01g0682500"
20367,"Os10g0325400"
20368,"Os03g0367900"
20369,"Os09g0406200"
20370,"Os04g0167800"
20371,"Os08g0135100"
20372,"Os10g0576600"
20373,"Os07g0669100"
20374,"Os06g0326700"
20375,"Os02g0453500"
20376,"Os01g0276000"
20377,"Os03g0128700"
20378,"Os11g0654400"
20379,"Os05g0304400"
20380,"Os06g0196900"
20381,"Os01g0725900"
20382,"Os03g0176900"
20383,"Os08g0227200"
20384,"Os06g0577800"
20385,"Os01g0939700"
20386,"Os03g0158000"
20387,"Os03g0190100"
20388,"Os12g0614600"
20389,"Os08g0504700"
20390,"Os01g0723600"
20391,"Os03g0325900"
20392,"Os02g0317500"
20393,"Os01g0165800"
20394,"20394"
20395,"osa-miR172b"
20396,"Os07g0614500"
20397,"Os07g0187400"
20398,"Os09g0487600"
20399,"Os05g0135500"
20400,"Os02g0214900"
20401,"Os08g0100200"
20402,"Os10g0524400"
20403,"Os04g0397000"
20404,"Os06g0194000"
20405,"Os05g0514400"
20406,"Os09g0528700"
20407,"Os10g0479100"
20408,"Os02g0181300"
20409,"Os07g0677600"
20410,"Os09g0440200"
20411,"Os03g0198400"
20412,"Os03g0800000"
20413,"Os02g0277700"
20414,"Os04g0668600"
20415,"Os10g0516500"
20416,"Os01g0977600"
20417,"Os07g0633400"
20418,"Os08g0474100"
20419,"Os07g0573200"
20420,"Os01g0594700"
20421,"Os02g0594300"
20422,"Os06g0527100"
20423,"Os05g0580500"
20424,"Os09g0322300"
20425,"Os03g0183500"
20426,"Os05g0521700"
20427,"Os08g0224300"
20428,"Os07g0142700"
20429,"Os10g0579600"
20430,"Os04g0658200"
20431,"Os01g0621900"
20432,"Os01g0743400"
20433,"Os04g0188500"
20434,"Os09g0481100"
20435,"Os04g0515400"
20436,"Os07g0523700"
20437,"Os02g0178500"
20438,"Os02g0549200"
20439,"Os06g0538800"
20440,"Os02g0658800"
20441,"Os02g0581200"
20442,"Os09g0404200"
20443,"Os06g0196900"
20444,"Os02g0516800"
20445,"Os02g0111700"
20446,"Os10g0489200"
20447,"Os03g0312300"
20448,"Os11g0147800"
20449,"20449"
20450,"Os01g0887400"
20451,"Os08g0126700"
20452,"Os06g0321600"
20453,"Os10g0517500"
20454,"Os08g0307700"
20455,"osa-miR167f"
20456,"Os09g0514400"
20457,"Os09g0258600"
20458,"Os11g0128000"
20459,"Os05g0181000"
20460,"Os01g0198900"
20461,"Os07g0208500"
20462,"Os01g0185300"
20463,"Os02g0102700"
20464,"Os12g0114800"
20465,"Os10g0422600"
20466,"Os06g0222400"
20467,"Os01g0641100"
20468,"Os09g0505100"
20469,"Os12g0109300"
20470,"Os11g0150300"
20471,"Os11g0224400"
20472,"Os08g0519400"
20473,"Os12g0639600"
20474,"Os01g0194300"
20475,"Os07g0548300"
20476,"Os07g0168000"
20477,"Os11g0708900"
20478,"Os07g0191500"
20479,"Os10g0509100"
20480,"POsControl0019"
20481,"Os01g0834600"
20482,"Os07g0518300"
20483,"Os04g0484900"
20484,"Os01g0120600"
20485,"Os11g0168200"
20486,"Os05g0299000"
20487,"Os08g0120000"
20488,"Os10g0117800"
20489,"Os03g0780900"
20490,"Os12g0210300"
20491,"Os06g0157700"
20492,"Os03g0800400"
20493,"Os02g0683800"
20494,"Os03g0797600"
20495,"Os04g0121800"
20496,"Os01g0358400"
20497,"Os03g0241900"
20498,"Os02g0120800"
20499,"Os10g0349300"
20500,"Os03g0342900"
20501,"Os07g0429300"
20502,"Os03g0268400"
20503,"Os08g0517100"
20504,"Os06g0111800"
20505,"Os06g0367900"
20506,"Os02g0125300"
20507,"Os08g0485400"
20508,"Os09g0505600"
20509,"Os11g0227300"
20510,"Os04g0692600"
20511,"Os09g0105500"
20512,"Os12g0188700"
20513,"Os01g0216700"
20514,"Os04g0394500"
20515,"Os03g0578200"
20516,"POsControl0006"
20517,"Os12g0634400"
20518,"Os07g0643500"
20519,"Os07g0271000"
20520,"Os02g0760600"
20521,"Os07g0229100"
20522,"Os01g0744000"
20523,"Os01g0853400"
20524,"Os07g0663700"
20525,"Os03g0178200"
20526,"Os02g0655200"
20527,"Os06g0210100"
20528,"Os02g0200300"
20529,"Os04g0266400"
20530,"Os02g0753000"
20531,"Os04g0196500"
20532,"Os12g0117200"
20533,"Os06g0668000"
20534,"Os01g0614700"
20535,"Os01g0187900"
20536,"Os03g0208400"
20537,"Os01g0742500"
20538,"Os04g0623300"
20539,"Os03g0130900"
20540,"Os02g0148100"
20541,"Os08g0106900"
20542,"Os02g0104200"
20543,"Os09g0558600"
20544,"Os05g0564200"
20545,"Os12g0425500"
20546,"Os04g0545100"
20547,"Os03g0338800"
20548,"Os08g0520900"
20549,"Os01g0528300"
20550,"Os07g0555200"
20551,"Os01g0758800"
20552,"Os10g0544600"
20553,"Os03g0266300"
20554,"Os03g0639700"
20555,"Os09g0245500"
20556,"Os04g0408700"
20557,"Os02g0280400"
20558,"Os02g0648300"
20559,"Os05g0291900"
20560,"Os02g0644700"
20561,"Os12g0100100"
20562,"Os02g0671400"
20563,"Os10g0112700"
20564,"Os05g0505900"
20565,"Os05g0560100"
20566,"Os03g0296700"
20567,"Os09g0572000"
20568,"Os07g0264000"
20569,"Os03g0162500"
20570,"Os04g0419600"
20571,"Os03g0108000"
20572,"osa-miR398b"
20573,"Os02g0684900"
20574,"Os11g0666200"
20575,"Os09g0527900"
20576,"Os06g0517400"
20577,"Os07g0246200"
20578,"Os05g0100300"
20579,"Os02g0832800"
20580,"Os03g0726900"
20581,"Os03g0152800"
20582,"Os01g0243200"
20583,"Os10g0193100"
20584,"Os11g0311300"
20585,"Os05g0585400"
20586,"Os02g0823000"
20587,"Os02g0788300"
20588,"Os03g0558400"
20589,"Os07g0452700"
20590,"Os04g0661900"
20591,"Os03g0189100"
20592,"Os01g0147900"
20593,"Os01g0121800"
20594,"Os03g0387100"
20595,"Os09g0327200"
20596,"Os12g0503200"
20597,"Os03g0120300"
20598,"Os06g0107300"
20599,"Os02g0662000"
20600,"Os06g0112200"
20601,"Os01g0686000"
20602,"Os03g0835400"
20603,"Os01g0864000"
20604,"Os01g0941500"
20605,"Os12g0141500"
20606,"Os02g0678500"
20607,"Os01g0248800"
20608,"Os01g0323300"
20609,"Os06g0217400"
20610,"Os12g0615900"
20611,"Os06g0311600"
20612,"Os10g0528400"
20613,"POsControl0031"
20614,"20614"
20615,"osa-miR393b"
20616,"Os06g0555900"
20617,"Os01g0133400"
20618,"Os06g0706000"
20619,"Os06g0119600"
20620,"Os12g0171600"
20621,"osa-miR160f"
20622,"Os01g0641600"
20623,"Os03g0609500"
20624,"Os04g0589900"
20625,"Os05g0497100"
20626,"Os04g0665600"
20627,"Os05g0565400"
20628,"20628"
20629,"Os06g0103500"
20630,"Os01g0651800"
20631,"Os11g0127800"
20632,"Os06g0556600"
20633,"Os09g0568800"
20634,"Os04g0162100"
20635,"20635"
20636,"osa-miR164d"
20637,"Os06g0659600"
20638,"Os01g0751600"
20639,"Os05g0205100"
20640,"Os03g0341100"
20641,"Os09g0314500"
20642,"Os06g0225900"
20643,"Os04g0504800"
20644,"Os04g0310500"
20645,"POsControl0036"
20646,"Os05g0357700"
20647,"Os09g0321900"
20648,"Os06g0622500"
20649,"Os03g0353500"
20650,"Os12g0181600"
20651,"Os07g0298400"
20652,"Os07g0105300"
20653,"Os05g0386800"
20654,"Os04g0637000"
20655,"PZmControl0001"
20656,"Os02g0817400"
20657,"Os11g0455800"
20658,"Os04g0444200"
20659,"Os08g0135200"
20660,"Os11g0585100"
20661,"Os07g0633500"
20662,"Os12g0137700"
20663,"Os02g0649700"
20664,"Os01g0174900"
20665,"Os07g0693600"
20666,"Os01g0167400"
20667,"Os11g0129500"
20668,"Os06g0187500"
20669,"Os01g0950000"
20670,"Os01g0512900"
20671,"Os07g0688300"
20672,"20672"
20674,"Os11g0704500"
20675,"Os11g0677100"
20676,"Os05g0388600"
20677,"Os12g0568200"
20678,"Os03g0169600"
20679,"Os07g0638000"
20680,"Os01g0247700"
20681,"Os04g0517100"
20682,"Os05g0211800"
20683,"Os01g0337100"
20684,"Os01g0229500"
20685,"Os04g0690400"
20686,"Os06g0676300"
20687,"Os03g0121300"
20688,"Os06g0190900"
20689,"Os11g0586100"
20690,"Os09g0410500"
20691,"Os03g0113700"
20692,"Os10g0548600"
20693,"Os04g0107300"
20694,"POsControl0002"
20695,"Os03g0768900"
20696,"Os03g0690500"
20697,"Os07g0204800"
20698,"Os02g0802200"
20699,"Os01g0313600"
20700,"Os01g0923700"
20701,"Os07g0438900"
20702,"Os03g0109600"
20703,"Os03g0735300"
20704,"Os01g0924400"
20705,"Os09g0406300"
20706,"Os02g0292800"
20707,"Os07g0272900"
20708,"Os07g0222800"
20709,"Os06g0691700"
20710,"Os11g0669600"
20711,"Os05g0519300"
20712,"POsControl0040"
20713,"Os07g0438800"
20714,"Os09g0446400"
20715,"Os06g0483200"
20716,"20716"
20717,"Os06g0193400"
20718,"Os03g0861700"
20719,"Os10g0548300"
20720,"Os05g0182700"
20721,"Os05g0125400"
20722,"Os03g0770800"
20723,"Os07g0591800"
20724,"Os12g0609800"
20725,"Os09g0131400"
20726,"Os09g0279500"
20727,"Os04g0602700"
20728,"Os02g0492900"
20729,"Os02g0130900"
20730,"osa-miR167a"
20731,"Os08g0133000"
20732,"Os05g0217800"
20733,"Os08g0139400"
20734,"Os01g0143300"
20735,"Os12g0168700"
20736,"Os05g0247500"
20737,"Os04g0451600"
20738,"Os03g0263000"
20739,"Os08g0484500"
20740,"Os05g0574300"
20741,"Os09g0293400"
20742,"Os09g0375300"
20743,"Os08g0246900"
20744,"Os07g0105900"
20745,"Os11g0109900"
20746,"Os09g0307300"
20747,"Os02g0537200"
20748,"Os01g0715000"
20749,"Os12g0497300"
20750,"Os03g0831900"
20751,"Os10g0400800"
20752,"Os01g0151600"
20753,"Os07g0476200"
20754,"Os09g0538000"
20755,"Os12g0162500"
20756,"Os03g0319300"
20757,"Os12g0491400"
20758,"POsControl0011"
20759,"Os05g0161200"
20760,"Os03g0700100"
20761,"Os08g0517500"
20762,"Os01g0721600"
20763,"Os06g0336200"
20764,"Os09g0391500"
20765,"Os12g0628200"
20766,"Os01g0650100"
20767,"Os03g0192100"
20768,"Os02g0206200"
20769,"Os05g0178300"
20770,"Os12g0275200"
20771,"Os07g0615200"
20772,"Os03g0430000"
20773,"Os01g0798500"
20774,"Os01g0153700"
20775,"Os06g0232700"
20776,"Os05g0122900"
20777,"Os11g0115400"
20778,"Os03g0593700"
20779,"Os01g0111400"
20780,"Os08g0404000"
20781,"Os12g0562100"
20782,"Os10g0204300"
20783,"Os11g0224400"
20784,"Os03g0360300"
20785,"Os11g0707000"
20786,"Os06g0270900"
20787,"Os02g0806700"
20788,"osa-miR399d"
20789,"Os04g0477900"
20790,"Os11g0604500"
20791,"Os12g0577900"
20792,"Os07g0193000"
20793,"Os03g0636800"
20794,"Os09g0511900"
20795,"Os11g0168300"
20796,"Os06g0105400"
20797,"osa-miR395a"
20798,"Os01g0967400"
20799,"Os02g0305700"
20800,"Os07g0123200"
20801,"Os01g0954600"
20802,"Os10g0478200"
20803,"Os09g0542200"
20804,"Os11g0267400"
20805,"Os04g0565500"
20806,"Os08g0499000"
20807,"Os07g0556200"
20808,"Os03g0592500"
20809,"Os03g0339300"
20810,"Os03g0346900"
20811,"Os02g0134000"
20812,"Os02g0135300"
20813,"Os02g0557700"
20814,"Os02g0498600"
20815,"Os04g0436100"
20816,"Os05g0138200"
20817,"Os04g0490700"
20818,"Os06g0653000"
20819,"Os12g0127200"
20820,"Os01g0974900"
20821,"Os12g0174800"
20822,"Os07g0577400"
20823,"Os03g0699000"
20824,"Os03g0743500"
20825,"Os07g0151200"
20826,"Os02g0773200"
20827,"Os03g0818100"
20828,"Os04g0625300"
20829,"Os04g0462500"
20830,"Os05g0248300"
20831,"Os06g0492300"
20832,"osa-miR166n"
20833,"Os03g0108300"
20834,"Os02g0121200"
20835,"Os12g0170500"
20836,"Os08g0133600"
20837,"Os12g0460100"
20838,"Os01g0155000"
20839,"Os06g0168600"
20840,"Os12g0199800"
20841,"Os09g0565700"
20842,"Os07g0665100"
20843,"Os10g0547500"
20844,"Os04g0115400"
20845,"20845"
20846,"Os01g0694800"
20847,"Os10g0548600"
20848,"Os06g0152600"
20849,"Os06g0153100"
20850,"Os02g0749400"
20851,"Os03g0796600"
20852,"Os02g0637800"
20853,"Os03g0333200"
20854,"Os10g0435400"
20855,"Os04g0471400"
20856,"20856"
20857,"Os02g0518800"
20858,"Os02g0211100"
20859,"Os02g0665500"
20860,"Os05g0499500"
20861,"Os03g0165100"
20862,"Os01g0750500"
20863,"Os02g0173700"
20864,"Os03g0342400"
20865,"Os10g0555600"
20866,"osa-miR167a"
20867,"Os02g0748100"
20868,"Os02g0818500"
20869,"Os03g0761900"
20870,"Os07g0457200"
20871,"Os12g0507200"
20872,"Os02g0170000"
20873,"Os04g0607600"
20874,"Os09g0348800"
20875,"Os04g0526000"
20876,"Os08g0301000"
20877,"Os05g0517800"
20878,"POsControl0022"
20879,"Os01g0959800"
20880,"Os08g0562200"
20881,"Os03g0324200"
20882,"Os11g0106900"
20883,"Os04g0478000"
20884,"Os04g0488600"
20885,"Os07g0213800"
20886,"Os04g0634600"
20887,"Os10g0580800"
20888,"Os02g0718000"
20889,"Os01g0653800"
20890,"Os04g0398800"
20891,"Os05g0164200"
20892,"Os01g0833600"
20893,"Os10g0116600"
20894,"Os05g0162200"
20895,"Os04g0206700"
20896,"Os11g0644500"
20897,"Os07g0192600"
20898,"Os04g0522500"
20899,"Os07g0469600"
20900,"Os10g0150700"
20901,"Os03g0300900"
20902,"Os02g0541700"
20903,"Os01g0839900"
20904,"Os07g0474700"
20905,"Os01g0882300"
20906,"Os11g0182100"
20907,"Os04g0613700"
20908,"Os08g0475400"
20909,"Os08g0337300"
20910,"Os08g0299000"
20911,"Os03g0670700"
20912,"Os01g0861000"
20913,"Os01g0232600"
20914,"Os11g0167300"
20915,"Os04g0110400"
20916,"Os11g0157100"
20917,"Os11g0136500"
20918,"Os04g0661900"
20919,"Os10g0401000"
20920,"Os01g0742000"
20921,"Os12g0115100"
20922,"Os01g0938600"
20923,"Os11g0283500"
20924,"osa-miR171g"
20925,"Os02g0754900"
20926,"Os01g0653800"
20927,"Os07g0421300"
20928,"Os11g0147100"
20929,"Os06g0539200"
20930,"Os05g0147800"
20931,"Os07g0650600"
20932,"Os06g0140000"
20933,"Os07g0185000"
20934,"Os02g0120600"
20935,"Os09g0362600"
20936,"Os01g0201200"
20937,"Os03g0227800"
20938,"Os03g0734100"
20939,"Os03g0278500"
20940,"Os03g0840200"
20941,"Os10g0205300"
20942,"Os01g0961200"
20943,"Os06g0644700"
20944,"osa-miR395r"
20945,"20945"
20946,"Os01g0118000"
20947,"Os05g0131900"
20948,"Os03g0414400"
20949,"Os06g0104300"
20950,"Os05g0495700"
20951,"Os06g0320100"
20952,"Os08g0110400"
20953,"Os03g0832800"
20954,"20954"
20955,"Os02g0247100"
20956,"Os01g0908100"
20957,"Os11g0430000"
20958,"Os11g0187600"
20959,"Os11g0415500"
20960,"Os10g0504600"
20961,"Os09g0484900"
20962,"Os05g0337400"
20963,"Os03g0163500"
20964,"Os12g0407800"
20965,"Os03g0565500"
20966,"Os08g0178500"
20967,"Os01g0665500"
20968,"Os08g0531700"
20969,"Os03g0169500"
20970,"Os03g0248000"
20971,"Os06g0334100"
20972,"Os02g0131400"
20973,"Os08g0396700"
20974,"Os08g0162400"
20975,"Os07g0550900"
20976,"Os01g0770500"
20977,"Os06g0652100"
20978,"Os01g0542700"
20979,"Os02g0132500"
20980,"Os02g0173500"
20981,"Os03g0669600"
20982,"Os03g0301900"
20983,"Os09g0244200"
20984,"Os02g0294000"
20985,"Os12g0163300"
20986,"Os07g0617200"
20987,"Os11g0704300"
20988,"Os09g0281300"
20989,"Os09g0298100"
20990,"Os04g0312100"
20991,"Os02g0222900"
20992,"Os05g0531100"
20993,"Os06g0202900"
20994,"Os02g0724500"
20995,"Os03g0197000"
20996,"Os08g0157500"
20997,"Os06g0727400"
20998,"Os02g0207500"
20999,"Os05g0578100"
21000,"Os07g0510900"
21001,"Os01g0764400"
21002,"Os08g0428900"
21003,"Os12g0640600"
21004,"Os03g0156000"
21005,"Os01g0740600"
21006,"Os02g0669100"
21007,"Os12g0124700"
21008,"Os07g0655800"
21009,"Os12g0580300"
21010,"Os08g0311500"
21011,"Os04g0342600"
21012,"Os01g0261200"
21013,"Os03g0122600"
21014,"Os06g0652000"
21015,"Os12g0555300"
21016,"Os05g0413400"
21017,"Os05g0367900"
21018,"Os03g0565100"
21019,"Os01g0164500"
21020,"Os05g0492500"
21021,"Os09g0361400"
21022,"Os08g0203600"
21023,"Os04g0508200"
21024,"Os01g0205700"
21025,"Os03g0355200"
21026,"Os03g0411800"
21027,"Os07g0294800"
21028,"21028"
21029,"Os04g0106400"
21030,"Os10g0580800"
21031,"Os05g0327000"
21032,"21032"
21033,"Os01g0676200"
21034,"Os10g0168100"
21035,"Os09g0526600"
21036,"Os11g0265800"
21037,"Os01g0199100"
21038,"Os02g0137800"
21039,"Os03g0306700"
21040,"Os08g0473900"
21041,"Os07g0656100"
21042,"Os09g0240500"
21043,"Os05g0280500"
21044,"Os02g0615500"
21045,"Os01g0894000"
21046,"Os02g0611200"
21047,"Os03g0813200"
21048,"Os10g0414000"
21049,"Os08g0109100"
21050,"Os05g0100700"
21051,"Os09g0506000"
21052,"Os04g0629000"
21053,"Os12g0567200"
21054,"Os09g0473600"
21055,"Os12g0482600"
21056,"Os03g0682200"
21057,"Os03g0336400"
21058,"Os04g0677500"
21059,"Os05g0260900"
21060,"Os06g0656800"
21061,"Os07g0502200"
21062,"Os04g0497800"
21063,"Os03g0851100"
21064,"Os05g0379400"
21065,"Os09g0480600"
21066,"Os10g0578600"
21067,"Os02g0792900"
21068,"Os02g0714200"
21069,"Os01g0953600"
21070,"Os05g0176500"
21071,"Os02g0115700"
21072,"Os06g0601000"
21073,"Os03g0857600"
21074,"Os02g0533900"
21075,"Os04g0467800"
21076,"Os02g0614500"
21077,"Os09g0122000"
21078,"Os03g0416300"
21079,"Os02g0730300"
21080,"Os10g0497600"
21081,"Os09g0241100"
21082,"Os01g0758300"
21083,"Os04g0556300"
21084,"Os05g0510800"
21085,"Os10g0135400"
21086,"Os10g0564500"
21087,"Os04g0266400"
21088,"Os07g0690400"
21089,"Os08g0386300"
21090,"osa-miR395k"
21091,"Os01g0203100"
21092,"Os10g0546600"
21093,"Os07g0487300"
21094,"Os01g0299700"
21095,"Os03g0655400"
21096,"Os08g0451400"
21097,"Os09g0541900"
21098,"Os04g0677700"
21099,"Os04g0244800"
21100,"Os03g0747900"
21101,"Os05g0345700"
21102,"Os07g0693400"
21103,"Os06g0649700"
21104,"Os03g0776400"
21105,"Os10g0533900"
21106,"Os02g0158500"
21107,"Os01g0664200"
21108,"Os06g0237800"
21109,"Os06g0685200"
21110,"Os10g0187500"
21111,"Os08g0527900"
21112,"Os02g0816100"
21113,"Os07g0593200"
21114,"Os03g0770900"
21115,"Os05g0305600"
21116,"Os01g0773200"
21117,"Os12g0248700"
21118,"Os09g0413600"
21119,"Os09g0450300"
21120,"Os05g0324200"
21121,"Os02g0480900"
21122,"Os10g0345200"
21123,"Os10g0516300"
21124,"Os02g0193200"
21125,"Os05g0143500"
21126,"Os05g0158600"
21127,"Os07g0541400"
21128,"Os12g0127500"
21129,"Os07g0629000"
21130,"Os06g0192900"
21131,"Os06g0245600"
21132,"21132"
21133,"Os04g0543700"
21134,"Os04g0675500"
21135,"Os04g0450100"
21136,"POsControl0011"
21137,"Os11g0438700"
21138,"Os11g0545300"
21139,"Os09g0260200"
21140,"Os01g0343900"
21141,"osa-miR395i"
21142,"Os09g0461700"
21143,"Os03g0823800"
21144,"Os04g0231800"
21145,"Os01g0736100"
21146,"Os03g0112900"
21147,"Os05g0528000"
21148,"Os07g0102500"
21149,"Os01g0894700"
21150,"Os03g0231400"
21151,"Os09g0465800"
21152,"Os01g0379400"
21153,"Os08g0261100"
21154,"Os03g0654700"
21155,"Os02g0666700"
21156,"Os01g0875800"
21157,"Os12g0218800"
21158,"Os02g0758000"
21159,"Os05g0357100"
21160,"Os11g0646300"
21161,"Os07g0119000"
21162,"osa-miR395t"
21163,"Os02g0817700"
21164,"Os04g0379700"
21165,"Os05g0110700"
21166,"Os02g0437300"
21167,"Os10g0110800"
21168,"Os04g0476100"
21169,"Os01g0859200"
21170,"Os11g0687000"
21171,"Os06g0720000"
21172,"Os01g0102900"
21173,"Os06g0149100"
21174,"Os02g0146700"
21175,"Os12g0626000"
21176,"Os03g0231300"
21177,"Os05g0561500"
21178,"Os05g0440800"
21179,"Os07g0467900"
21180,"Os12g0403800"
21181,"Os07g0507600"
21182,"Os10g0516100"
21183,"Os08g0280200"
21184,"Os11g0252400"
21185,"Os11g0293900"
21186,"Os03g0202200"
21187,"Os02g0298900"
21188,"Os01g0842400"
21189,"Os04g0398300"
21190,"Os08g0157600"
21191,"Os01g0930600"
21192,"Os11g0170100"
21193,"Os06g0612900"
21194,"Os03g0430300"
21195,"Os01g0511200"
21196,"Os08g0530300"
21197,"Os12g0550500"
21198,"Os08g0100300"
21199,"Os11g0149300"
21200,"Os05g0571000"
21201,"Os02g0549800"
21202,"Os11g0130300"
21203,"Os07g0150700"
21204,"Os11g0618500"
21205,"Os02g0174200"
21206,"Os05g0539900"
21207,"Os11g0637800"
21208,"Os01g0152700"
21209,"Os07g0543100"
21210,"Os02g0803700"
21211,"Os01g0924000"
21212,"Os02g0513100"
21213,"Os11g0162900"
21214,"Os08g0474400"
21215,"Os07g0673900"
21216,"Os10g0415100"
21217,"Os04g0645500"
21218,"Os10g0522300"
21219,"Os03g0196800"
21220,"Os06g0129300"
21221,"Os06g0583900"
21222,"Os11g0135000"
21223,"Os02g0266200"
21224,"Os06g0705100"
21225,"Os05g0584400"
21226,"POsControl0041"
21227,"Os09g0400500"
21228,"Os02g0704900"
21229,"Os09g0528800"
21230,"Os04g0180900"
21231,"POsControl0018"
21232,"Os11g0139500"
21233,"Os09g0248200"
21234,"Os03g0390600"
21235,"Os12g0135800"
21236,"Os03g0321100"
21237,"Os02g0692000"
21238,"Os12g0500400"
21239,"Os01g0775600"
21240,"Os07g0495900"
21241,"Os02g0590700"
21242,"Os05g0127300"
21243,"Os04g0469800"
21244,"Os04g0640600"
21245,"Os07g0656600"
21246,"osa-miR160b"
21247,"Os01g0677400"
21248,"Os02g0275900"
21249,"Os06g0229000"
21250,"osa-miR414"
21251,"Os02g0776900"
21252,"Os11g0242800"
21253,"Os08g0519800"
21254,"Os01g0646700"
21255,"Os09g0569600"
21256,"Os02g0807200"
21257,"Os06g0194900"
21258,"Os10g0503100"
21259,"Os09g0412700"
21260,"Os05g0579900"
21261,"Os04g0630100"
21262,"Os01g0960000"
21263,"Os01g0782500"
21264,"Os07g0213300"
21265,"Os09g0543400"
21266,"Os03g0274800"
21267,"Os01g0898300"
21268,"Os05g0406700"
21269,"Os11g0546000"
21270,"Os01g0902100"
21271,"Os08g0435800"
21272,"Os09g0436500"
21273,"Os07g0637700"
21274,"Os07g0175300"
21275,"Os03g0376800"
21276,"Os01g0349400"
21277,"Os01g0936700"
21278,"Os09g0543100"
21279,"Os05g0560000"
21280,"Os02g0650300"
21281,"Os10g0427900"
21282,"osa-miR440"
21283,"Os12g0138900"
21284,"Os01g0966000"
21285,"Os04g0474900"
21286,"Os04g0271000"
21287,"Os07g0656900"
21288,"osa-miR156i"
21289,"Os08g0535200"
21290,"Os03g0448500"
21291,"Os02g0721000"
21292,"Os01g0583200"
21293,"Os06g0546400"
21294,"Os04g0616700"
21295,"Os10g0345900"
21296,"Os02g0822600"
21297,"Os01g0101200"
21298,"Os12g0132000"
21299,"Os06g0173000"
21300,"Os02g0515600"
21301,"Os02g0601800"
21302,"Os04g0363700"
21303,"Os07g0114300"
21304,"Os04g0507900"
21305,"Os12g0511500"
21306,"Os12g0114500"
21307,"Os10g0443200"
21309,"Os11g0249000"
21310,"Os05g0459600"
21311,"Os01g0284900"
21312,"Os03g0829000"
21313,"Os10g0493700"
21314,"Os11g0570400"
21315,"Os04g0559700"
21316,"Os03g0718100"
21317,"Os01g0636400"
21318,"Os04g0511400"
21319,"Os12g0479000"
21320,"Os01g0107300"
21321,"Os09g0509100"
21322,"Os11g0168200"
21323,"Os03g0576100"
21324,"Os06g0560400"
21325,"Os05g0531000"
21326,"Os08g0482300"
21327,"Os04g0618700"
21328,"Os08g0522100"
21329,"Os03g0680700"
21330,"POsControl0027"
21331,"Os04g0137500"
21332,"Os03g0715600"
21333,"Os07g0161600"
21334,"Os01g0510800"
21335,"Os02g0105900"
21336,"Os02g0117200"
21337,"Os02g0798900"
21338,"Os05g0513400"
21339,"Os01g0177900"
21340,"Os07g0659900"
21341,"osa-miR396a"
21342,"Os01g0102900"
21343,"Os04g0490800"
21344,"Os01g0810100"
21345,"Os05g0190500"
21346,"Os06g0639000"
21347,"21347"
21348,"Os04g0428300"
21349,"Os09g0108100"
21350,"Os03g0758500"
21351,"Os02g0644900"
21352,"Os05g0378900"
21353,"Os03g0248000"
21354,"Os05g0377000"
21355,"Os03g0200900"
21356,"Os06g0256200"
21357,"Os11g0441500"
21358,"Os03g0657000"
21359,"Os01g0293000"
21360,"Os04g0374800"
21361,"Os02g0621800"
21362,"Os04g0628300"
21363,"Os05g0573700"
21364,"Os03g0300900"
21365,"Os10g0360900"
21366,"Os08g0454600"
21367,"osa-miR167h"
21368,"Os06g0654900"
21369,"Os05g0574800"
21370,"Os03g0181600"
21371,"Os08g0136700"
21372,"Os01g0301700"
21373,"Os10g0104700"
21374,"Os03g0822800"
21375,"Os07g0584900"
21376,"Os01g0760600"
21377,"Os03g0157600"
21378,"Os08g0174900"
21379,"Os02g0123800"
21380,"Os11g0640400"
21381,"Os10g0143400"
21382,"Os01g0678900"
21383,"Os02g0114100"
21384,"osa-miR399h"
21385,"Os03g0704700"
21386,"Os10g0443800"
21387,"Os06g0666600"
21388,"Os07g0569700"
21389,"Os06g0208200"
21390,"Os11g0156000"
21391,"Os03g0353300"
21392,"Os11g0206700"
21393,"Os03g0395700"
21394,"Os01g0108200"
21395,"Os08g0383700"
21396,"POsControl0011"
21397,"Os02g0687500"
21398,"Os10g0452400"
21399,"Os10g0345200"
21400,"Os11g0707100"
21401,"Os08g0536400"
21402,"Os02g0700300"
21403,"Os03g0726100"
21404,"Os09g0333600"
21405,"Os06g0285900"
21406,"Os03g0804300"
21407,"Os03g0221500"
21408,"Os12g0424600"
21409,"Os04g0497300"
21410,"Os10g0481300"
21411,"Os04g0670200"
21412,"Os12g0564400"
21413,"Os03g0326000"
21414,"Os01g0652000"
21415,"Os03g0243300"
21416,"Os10g0481500"
21417,"Os03g0130700"
21418,"Os01g0902000"
21419,"POsControl0046"
21420,"Os08g0170500"
21421,"Os10g0500600"
21422,"Os04g0672100"
21423,"Os04g0110500"
21424,"Os07g0575100"
21425,"Os08g0129800"
21426,"Os06g0545200"
21427,"Os06g0625400"
21428,"Os09g0376000"
21429,"Os07g0452500"
21430,"Os01g0675100"
21431,"Os05g0193800"
21432,"Os07g0448200"
21433,"Os02g0665300"
21434,"Os02g0819700"
21435,"Os10g0485800"
21436,"Os11g0206000"
21437,"Os03g0778400"
21438,"Os01g0359400"
21439,"Os11g0264600"
21440,"Os10g0322200"
21441,"Os11g0484500"
21442,"Os10g0142700"
21443,"Os06g0702700"
21444,"Os02g0755600"
21445,"Os03g0143300"
21446,"Os12g0122100"
21447,"Os11g0247400"
21448,"Os09g0478300"
21449,"Os08g0510800"
21450,"Os08g0102700"
21451,"Os02g0703300"
21452,"PZmControl0001"
21453,"Os01g0712600"
21454,"Os11g0552500"
21455,"Os02g0575700"
21456,"Os03g0170100"
21457,"Os09g0272400"
21458,"Os01g0703600"
21459,"21459"
21460,"Os08g0224700"
21461,"Os06g0593100"
21462,"Os02g0686800"
21463,"Os12g0182300"
21464,"Os04g0639300"
21465,"Os04g0629200"
21466,"Os10g0519500"
21467,"Os02g0117700"
21468,"Os01g0642900"
21469,"Os05g0508900"
21470,"Os03g0654500"
21471,"Os02g0149500"
21472,"Os11g0251400"
21473,"Os08g0446200"
21474,"Os10g0396400"
21475,"Os07g0647600"
21476,"Os03g0701000"
21477,"Os04g0630300"
21478,"Os06g0604600"
21479,"Os05g0125500"
21480,"Os01g0361700"
21481,"Os02g0578800"
21482,"Os07g0474500"
21483,"Os05g0226300"
21484,"Os09g0440200"
21485,"Os10g0467000"
21486,"Os09g0419100"
21487,"Os09g0520300"
21488,"Os12g0220800"
21489,"Os07g0682400"
21490,"Os02g0572600"
21491,"Os02g0736800"
21492,"Os08g0171800"
21493,"Os05g0295900"
21494,"Os01g0723000"
21495,"Os07g0507200"
21496,"osa-miR166i"
21497,"Os08g0105000"
21498,"Os09g0530300"
21499,"Os01g0952800"
21500,"Os12g0467500"
21501,"Os02g0196800"
21502,"Os12g0275400"
21503,"Os04g0349300"
21504,"Os06g0106800"
21505,"Os02g0208400"
21506,"Os09g0129400"
21507,"Os08g0550400"
21508,"21508"
21509,"Os02g0496100"
21510,"Os08g0352400"
21511,"Os11g0654800"
21512,"Os02g0528900"
21513,"Os08g0240800"
21514,"Os10g0428900"
21515,"Os10g0155100"
21516,"Os07g0450000"
21517,"Os02g0727300"
21518,"Os09g0247700"
21519,"Os12g0260200"
21520,"Os06g0133800"
21521,"Os02g0634900"
21522,"Os05g0539500"
21523,"Os04g0487000"
21524,"Os03g0426300"
21525,"Os08g0462300"
21526,"Os10g0360800"
21527,"Os03g0201200"
21528,"Os10g0567300"
21529,"Os02g0594100"
21530,"Os07g0532800"
21531,"Os08g0359600"
21532,"Os01g0309100"
21533,"Os01g0268800"
21534,"Os08g0141400"
21535,"Os08g0295300"
21536,"Os07g0158000"
21537,"Os07g0167600"
21538,"Os07g0575500"
21539,"Os03g0229500"
21541,"Os01g0958000"
21542,"Os01g0820000"
21543,"Os07g0666600"
21544,"Os10g0497900"
21545,"21545"
21546,"Os08g0475200"
21547,"Os06g0146600"
21548,"Os09g0536800"
21549,"Os01g0513700"
21550,"Os03g0851300"
21551,"Os06g0145100"
21552,"21552"
21553,"Os02g0629200"
21554,"Os05g0477600"
21555,"Os08g0549200"
21556,"Os03g0399800"
21557,"Os06g0691600"
21558,"Os08g0173300"
21559,"Os07g0585600"
21560,"Os01g0960900"
21561,"Os04g0326300"
21562,"Os03g0205800"
21563,"Os05g0188600"
21564,"Os06g0334100"
21565,"Os03g0168600"
21566,"21566"
21567,"Os09g0495500"
21568,"Os01g0128400"
21569,"Os04g0631300"
21570,"Os08g0110100"
21571,"Os02g0732700"
21572,"Os11g0303500"
21573,"Os07g0208500"
21574,"Os04g0597300"
21575,"Os03g0428000"
21576,"Os02g0232800"
21577,"Os06g0587300"
21578,"Os03g0569800"
21579,"Os04g0556900"
21580,"Os12g0268100"
21581,"Os02g0327100"
21582,"Os04g0538700"
21583,"Os07g0506600"
21584,"PGmControl0001"
21585,"Os05g0111900"
21586,"21586"
21587,"Os06g0618900"
21588,"Os06g0713900"
21589,"Os03g0799000"
21590,"Os05g0509700"
21591,"Os08g0351200"
21592,"Os02g0194000"
21593,"Os01g0306100"
21594,"Os06g0215900"
21595,"Os06g0107600"
21596,"Os04g0481100"
21597,"Os06g0126000"
21598,"Os01g0731100"
21599,"Os11g0199600"
21600,"Os12g0564500"
21601,"Os12g0124000"
21602,"Os09g0404600"
21603,"Os03g0707900"
21604,"osa-miR435"
21605,"Os01g0585300"
21606,"Os04g0603200"
21607,"Os12g0210200"
21608,"Os08g0503800"
21609,"Os06g0113600"
21610,"Os05g0539400"
21611,"Os02g0720900"
21612,"Os07g0530300"
21613,"Os02g0626200"
21614,"Os11g0700900"
21615,"Os05g0182500"
21616,"osa-miR398a"
21617,"Os01g0727400"
21619,"Os02g0804600"
21620,"Os11g0704600"
21621,"Os01g0830100"
21622,"Os06g0349800"
21623,"Os11g0530700"
21624,"Os01g0162500"
21625,"Os08g0338700"
21626,"Os05g0521300"
21627,"Os10g0442600"
21628,"Os02g0644200"
21629,"Os12g0155100"
21630,"Os02g0453100"
21631,"Os03g0102500"
21632,"Os09g0241100"
21633,"Os04g0436800"
21634,"Os08g0379000"
21635,"Os07g0104100"
21636,"Os03g0208900"
21637,"Os01g0816500"
21638,"Os07g0620600"
21639,"Os08g0122000"
21640,"Os06g0711900"
21641,"Os03g0700700"
21642,"Os06g0488600"
21643,"Os10g0330400"
21644,"Os08g0122800"
21645,"Os03g0146800"
21646,"Os01g0862300"
21647,"Os03g0180500"
21648,"Os01g0794800"
21649,"Os09g0344400"
21650,"Os03g0218200"
21651,"Os09g0535000"
21652,"Os10g0102800"
21653,"Os02g0290500"
21654,"Os02g0556700"
21655,"Os09g0470500"
21656,"Os03g0357500"
21657,"Os08g0548400"
21658,"Os08g0191700"
21659,"Os08g0473600"
21660,"Os05g0490500"
21661,"Os06g0228200"
21662,"Os04g0122000"
21663,"Os05g0415700"
21664,"Os02g0129700"
21665,"Os03g0366900"
21666,"Os05g0191500"
21667,"Os05g0494700"
21668,"Os02g0816800"
21669,"Os07g0191600"
21670,"Os01g0626400"
21671,"Os02g0469200"
21672,"Os04g0557800"
21673,"Os02g0316200"
21674,"Os05g0349000"
21675,"Os02g0482200"
21676,"Os05g0182500"
21677,"Os01g0781000"
21678,"Os06g0183100"
21679,"Os04g0571300"
21680,"Os01g0328400"
21681,"Os11g0556100"
21682,"Os06g0697000"
21683,"Os02g0697400"
21684,"Os02g0609400"
21685,"Os05g0544900"
21686,"Os05g0314100"
21687,"Os04g0442300"
21688,"Os10g0449400"
21689,"Os11g0483600"
21690,"Os04g0548000"
21691,"Os05g0542500"
21692,"Os05g0474600"
21693,"Os10g0554900"
21694,"Os12g0123200"
21695,"Os10g0522500"
21696,"Os03g0797100"
21697,"Os01g0764800"
21698,"Os03g0750900"
21699,"Os01g0975000"
21700,"Os02g0813200"
21701,"Os01g0677900"
21702,"Os06g0275800"
21703,"Os08g0104800"
21704,"Os08g0401800"
21705,"Os10g0465900"
21706,"osa-miR399g"
21707,"Os12g0563200"
21708,"Os02g0160900"
21709,"Os02g0293800"
21710,"Os06g0254300"
21711,"Os03g0268300"
21712,"Os01g0706400"
21713,"Os06g0667400"
21714,"Os08g0191100"
21715,"Os03g0741200"
21716,"Os08g0160000"
21717,"Os01g0674400"
21718,"Os05g0120900"
21719,"Os08g0349300"
21720,"21720"
21721,"Os01g0777600"
21722,"Os07g0571600"
21723,"Os01g0114100"
21724,"Os02g0702400"
21725,"Os12g0223300"
21726,"Os11g0210100"
21727,"Os10g0524600"
21728,"21728"
21729,"Os01g0871400"
21730,"Os04g0519700"
21731,"Os08g0469000"
21732,"Os01g0310600"
21733,"Os06g0126000"
21734,"Os07g0671800"
21735,"Os09g0263700"
21736,"Os01g0167900"
21737,"Os03g0278300"
21738,"Os08g0550500"
21739,"Os06g0288200"
21740,"Os07g0173000"
21741,"Os02g0237100"
21742,"Os04g0277400"
21743,"21743"
21744,"Os10g0206500"
21745,"Os11g0620800"
21746,"Os05g0556000"
21747,"Os03g0111000"
21748,"Os06g0648200"
21749,"Os01g0916200"
21750,"Os02g0147700"
21751,"Os02g0612800"
21752,"Os03g0692700"
21753,"Os12g0235700"
21754,"Os07g0215100"
21755,"Os03g0361100"
21756,"Os04g0204300"
21757,"Os02g0165000"
21758,"Os01g0328100"
21759,"Os04g0619700"
21760,"Os06g0345200"
21761,"Os03g0312500"
21762,"Os04g0678700"
21763,"Os12g0114100"
21764,"Os07g0217600"
21765,"Os08g0402500"
21766,"Os04g0305500"
21767,"Os03g0807700"
21768,"Os10g0134700"
21769,"Os05g0240200"
21770,"Os03g0438400"
21771,"Os04g0689900"
21772,"Os08g0526500"
21773,"Os01g0824900"
21774,"21774"
21775,"Os10g0534500"
21776,"Os02g0595400"
21777,"Os11g0438400"
21778,"Os12g0541400"
21779,"Os08g0226300"
21780,"Os10g0429700"
21781,"Os05g0194000"
21782,"Os10g0523100"
21783,"Os05g0381400"
21784,"Os02g0608500"
21785,"Os01g0501800"
21786,"Os01g0732400"
21787,"Os11g0133600"
21788,"Os08g0292900"
21789,"Os11g0181700"
21790,"Os07g0139500"
21791,"Os01g0750900"
21792,"Os11g0150100"
21793,"Os02g0585700"
21794,"Os01g0166500"
21795,"Os06g0475500"
21796,"Os03g0665200"
21797,"Os07g0286100"
21798,"Os10g0578900"
21799,"Os08g0205000"
21800,"Os04g0479500"
21801,"Os05g0469600"
21802,"osa-miR166a"
21803,"Os06g0192600"
21804,"Os06g0174000"
21805,"Os07g0521600"
21806,"Os04g0107900"
21807,"Os05g0272900"
21808,"Os05g0215000"
21809,"Os10g0567100"
21810,"Os04g0447800"
21811,"Os02g0806900"
21812,"Os02g0740700"
21813,"Os03g0436400"
21814,"Os06g0639000"
21815,"Os10g0430200"
21816,"Os11g0592800"
21817,"Os11g0696400"
21818,"Os03g0138700"
21819,"Os07g0181200"
21820,"Os01g0219600"
21821,"Os04g0605800"
21822,"Os01g0125900"
21823,"Os08g0330400"
21824,"Os11g0499600"
21825,"Os06g0714500"
21826,"Os10g0476200"
21827,"Os09g0392400"
21828,"Os12g0531300"
21829,"Os10g0417800"
21830,"Os08g0395300"
21831,"Os04g0409200"
21832,"Os08g0170100"
21833,"Os02g0801300"
21834,"Os10g0356500"
21835,"Os03g0251500"
21836,"Os11g0432900"
21837,"Os06g0332400"
21838,"Os03g0690000"
21839,"Os10g0192000"
21840,"Os02g0639700"
21841,"Os07g0602700"
21842,"Os04g0397800"
21843,"Os01g0565600"
21844,"Os07g0616600"
21845,"Os12g0235800"
21846,"Os04g0603900"
21847,"osa-miR169h"
21848,"Os10g0497700"
21849,"Os07g0665300"
21850,"Os01g0366300"
21851,"Os02g0812600"
21852,"Os07g0515900"
21853,"Os08g0506100"
21854,"Os08g0556900"
21855,"Os01g0127200"
21856,"Os06g0609300"
21857,"Os03g0673000"
21858,"Os12g0612700"
21859,"Os01g0932000"
21860,"Os04g0692500"
21861,"Os03g0836000"
21862,"Os02g0765600"
21863,"Os01g0580300"
21864,"Os06g0612800"
21865,"Os07g0572600"
21866,"Os03g0302800"
21867,"Os06g0141200"
21868,"Os11g0536800"
21869,"Os03g0626600"
21870,"Os06g0667200"
21871,"Os11g0708400"
21872,"Os08g0229300"
21873,"Os07g0516000"
21874,"Os04g0251100"
21875,"21875"
21876,"Os11g0518900"
21877,"Os10g0330300"
21878,"Os07g0623400"
21879,"Os02g0733900"
21880,"Os12g0239300"
21881,"Os02g0741300"
21882,"Os08g0452200"
21883,"Os02g0162700"
21884,"Os11g0236100"
21885,"Os12g0440400"
21886,"Os08g0260000"
21887,"Os08g0328300"
21888,"Os01g0811100"
21889,"Os08g0107500"
21890,"Os07g0596200"
21891,"Os05g0122900"
21892,"Os03g0143400"
21893,"Os07g0537300"
21894,"Os09g0559100"
21895,"Os03g0163100"
21896,"Os11g0186200"
21897,"Os11g0695800"
21898,"Os10g0504900"
21899,"Os05g0132100"
21900,"Os02g0105600"
21901,"Os06g0663800"
21902,"Os03g0102200"
21903,"Os02g0575800"
21904,"21904"
21905,"Os04g0282000"
21906,"Os05g0467600"
21907,"Os12g0602200"
21908,"Os07g0637400"
21909,"Os11g0171500"
21910,"Os03g0335300"
21911,"Os06g0207000"
21912,"Os04g0150200"
21913,"Os06g0729000"
21914,"Os05g0122900"
21915,"Os10g0321800"
21916,"Os02g0595100"
21917,"Os01g0120800"
21918,"Os03g0800600"
21919,"Os04g0551700"
21920,"Os07g0166700"
21921,"Os10g0330400"
21922,"Os01g0565900"
21923,"Os02g0651200"
21924,"Os02g0120100"
21925,"Os08g0555200"
21926,"Os12g0606600"
21927,"PGmControl0003"
21928,"osa-miR439g"
21929,"Os11g0517200"
21930,"osa-miR395i"
21931,"Os06g0549700"
21932,"Os01g0918300"
21933,"Os07g0562700"
21934,"Os06g0126000"
21935,"Os02g0819300"
21936,"Os04g0110200"
21937,"Os04g0686000"
21938,"Os03g0609800"
21939,"Os02g0723200"
21940,"Os04g0193300"
21941,"Os03g0708600"
21942,"Os01g0847200"
21943,"Os02g0208500"
21944,"Os10g0555600"
21945,"Os03g0388600"
21946,"Os09g0538900"
21947,"Os03g0437600"
21948,"Os02g0740600"
21949,"Os12g0527900"
21950,"Os06g0354600"
21951,"Os05g0137300"
21952,"Os02g0216400"
21953,"POsControl0021"
21954,"Os06g0649000"
21955,"Os05g0557400"
21956,"Os02g0734400"
21957,"Os01g0868000"
21958,"Os02g0202600"
21959,"Os11g0600700"
21960,"Os05g0429700"
21961,"Os09g0308900"
21962,"Os03g0330300"
21963,"Os06g0275000"
21964,"Os07g0561900"
21965,"Os12g0595800"
21966,"Os04g0212200"
21967,"Os01g0104900"
21968,"Os11g0699100"
21969,"Os03g0860100"
21970,"Os03g0740700"
21971,"Os03g0418500"
21972,"Os10g0558700"
21973,"Os03g0253700"
21974,"Os06g0179800"
21975,"Os03g0844600"
21976,"Os06g0608700"
21977,"Os01g0962500"
21978,"Os07g0497100"
21979,"Os09g0266100"
21980,"Os09g0513700"
21981,"Os02g0617600"
21982,"Os06g0731700"
21983,"Os10g0393100"
21984,"Os03g0796000"
21985,"Os02g0700100"
21986,"Os03g0830900"
21987,"Os01g0735400"
21988,"Os05g0319800"
21989,"Os03g0289300"
21990,"Os01g0255000"
21991,"Os11g0701100"
21992,"Os12g0576300"
21993,"Os10g0365200"
21994,"Os09g0244900"
21995,"Os05g0178900"
21996,"Os02g0617900"
21997,"Os02g0201000"
21998,"Os03g0805200"
21999,"Os02g0259600"
22000,"Os01g0590000"
22001,"Os02g0291600"
22002,"Os04g0197500"
22003,"Os06g0229300"
22004,"Os11g0490200"
22005,"Os12g0617900"
22006,"Os07g0136800"
22007,"Os12g0153500"
22008,"Os01g0888600"
22009,"Os11g0161700"
22010,"Os01g0214400"
22011,"Os11g0525800"
22012,"Os04g0435500"
22013,"Os04g0460600"
22014,"Os04g0614800"
22015,"Os03g0797500"
22016,"Os03g0824400"
22017,"Os01g0252300"
22018,"Os05g0143200"
22019,"Os02g0528500"
22020,"Os05g0481900"
22021,"Os10g0167500"
22022,"Os06g0655100"
22023,"Os05g0111300"
22024,"osa-miR156e"
22025,"Os03g0240500"
22026,"Os01g0585200"
22027,"Os05g0399800"
22028,"Os01g0623500"
22029,"Os04g0492800"
22030,"Os01g0908500"
22031,"Os12g0450500"
22032,"Os07g0676200"
22033,"Os01g0833500"
22034,"Os01g0264400"
22035,"POsControl0037"
22036,"Os04g0581000"
22037,"Os11g0120100"
22038,"Os05g0353600"
22039,"osa-miR394"
22040,"Os02g0486500"
22041,"Os07g0529100"
22042,"Os11g0245100"
22043,"Os03g0609000"
22044,"Os02g0666800"
22045,"Os05g0459400"
22046,"Os01g0135900"
22047,"Os04g0521200"
22048,"Os11g0141000"
22049,"Os04g0604300"
22050,"Os08g0265000"
22051,"Os07g0655900"
22052,"Os03g0297400"
22053,"22053"
22054,"Os12g0486800"
22055,"Os03g0321400"
22056,"Os02g0105500"
22057,"Os03g0748100"
22058,"Os05g0137200"
22059,"Os03g0215000"
22060,"Os07g0679700"
22061,"Os02g0594700"
22062,"Os08g0176500"
22063,"Os11g0518900"
22064,"Os01g0930000"
22065,"Os02g0720200"
22066,"Os03g0797400"
22067,"Os09g0297000"
22068,"Os06g0160600"
22069,"Os07g0493100"
22070,"Os04g0497600"
22071,"Os12g0119800"
22072,"Os05g0149500"
22073,"Os11g0439600"
22074,"Os06g0730300"
22075,"Os08g0334300"
22076,"Os10g0159700"
22077,"Os06g0134500"
22078,"Os06g0159500"
22079,"Os10g0559500"
22080,"Os01g0306900"
22081,"Os03g0251100"
22082,"Os01g0834400"
22083,"Os03g0168400"
22084,"Os09g0296900"
22085,"Os11g0216000"
22086,"Os06g0180000"
22087,"Os04g0439900"
22088,"Os12g0182500"
22089,"Os07g0184000"
22090,"Os01g0934700"
22091,"Os04g0508100"
22092,"Os01g0144600"
22093,"Os01g0112500"
22094,"Os10g0101100"
22095,"Os01g0771100"
22096,"Os11g0546300"
22097,"Os01g0734800"
22098,"Os04g0407800"
22099,"Os07g0133000"
22100,"Os02g0756200"
22101,"Os12g0504600"
22102,"Os10g0532800"
22103,"Os03g0701800"
22104,"Os10g0485000"
22105,"Os01g0100200"
22106,"22106"
22107,"Os03g0146400"
22108,"Os01g0251100"
22109,"Os03g0808300"
22110,"Os01g0143400"
22111,"osa-miR164d"
22112,"Os08g0557600"
22113,"Os02g0762100"
22114,"Os02g0771800"
22115,"osa-miR413"
22116,"Os07g0408700"
22117,"Os02g0768800"
22118,"Os01g0975300"
22119,"Os07g0658700"
22120,"Os06g0102900"
22121,"Os03g0163300"
22122,"Os09g0406100"
22123,"Os12g0501700"
22124,"Os02g0614100"
22125,"Os02g0438500"
22126,"Os01g0304400"
22127,"POsControl0030"
22128,"Os02g0298900"
22129,"Os02g0639500"
22130,"Os03g0284200"
22131,"Os03g0851900"
22132,"Os08g0243500"
22133,"Os05g0415600"
22134,"Os02g0261100"
22135,"Os01g0789100"
22136,"Os10g0455900"
22137,"Os03g0767000"
22138,"Os12g0233300"
22139,"Os02g0528500"
22140,"Os04g0626000"
22141,"Os04g0401700"
22142,"Os07g0539400"
22143,"Os02g0728600"
22144,"Os05g0243200"
22145,"Os08g0266200"
22146,"Os01g0283100"
22147,"Os03g0107400"
22148,"Os09g0267600"
22149,"Os01g0870500"
22150,"Os01g0100800"
22151,"Os03g0365000"
22152,"Os03g0790000"
22153,"Os06g0212900"
22154,"Os10g0456400"
22155,"POsControl0036"
22156,"Os03g0850600"
22157,"Os01g0600300"
22158,"Os09g0424300"
22159,"Os05g0559400"
22160,"Os03g0193700"
22161,"Os06g0103900"
22162,"Os08g0554100"
22163,"Os07g0540100"
22164,"Os05g0510200"
22165,"Os07g0204500"
22166,"Os06g0292500"
22167,"Os05g0134700"
22168,"Os02g0165900"
22169,"Os08g0441500"
22170,"Os01g0388200"
22171,"Os03g0136300"
22172,"Os08g0129700"
22173,"Os08g0187500"
22174,"Os04g0353200"
22175,"Os05g0491700"
22176,"Os02g0151100"
22177,"osa-miR417"
22178,"PAtControl0002"
22179,"Os03g0212200"
22180,"Os09g0361300"
22181,"Os07g0685000"
22182,"Os03g0646800"
22183,"Os06g0319800"
22184,"Os08g0106300"
22185,"Os05g0425700"
22186,"Os07g0666900"
22187,"Os01g0794400"
22188,"Os03g0283100"
22189,"Os03g0788600"
22190,"Os01g0910900"
22191,"Os01g0679600"
22192,"Os07g0645400"
22193,"Os03g0356300"
22194,"Os10g0391500"
22195,"Os07g0424400"
22196,"Os01g0946600"
22197,"Os07g0662500"
22198,"22198"
22199,"Os11g0424700"
22200,"Os09g0506900"
22201,"Os03g0208500"
22202,"Os03g0357200"
22203,"Os12g0109500"
22204,"Os03g0764000"
22205,"Os09g0567700"
22206,"Os06g0558700"
22207,"Os04g0321700"
22208,"Os06g0105500"
22209,"Os03g0260600"
22210,"Os04g0360500"
22211,"Os04g0572700"
22212,"Os02g0629400"
22213,"Os10g0341700"
22214,"Os01g0785300"
22215,"Os05g0153200"
22216,"Os03g0182600"
22217,"Os04g0175300"
22218,"Os10g0316400"
22219,"Os05g0567100"
22220,"Os11g0524800"
22221,"Os03g0286800"
22222,"Os07g0577400"
22223,"Os01g0638600"
22224,"Os06g0301100"
22225,"Os03g0802300"
22226,"Os04g0106500"
22228,"Os09g0279500"
22229,"Os05g0136200"
22230,"Os12g0578600"
22231,"Os10g0528100"
22232,"Os05g0375400"
22233,"Os07g0570600"
22234,"Os05g0509500"
22235,"Os03g0715500"
22236,"22236"
22237,"Os04g0348600"
22238,"Os05g0584200"
22239,"Os02g0776800"
22240,"Os06g0635700"
22241,"Os06g0111100"
22242,"Os09g0444200"
22243,"Os03g0818400"
22244,"Os12g0568100"
22245,"Os08g0226200"
22246,"Os09g0110400"
22247,"Os02g0609500"
22248,"Os01g0290000"
22249,"Os07g0186900"
22250,"Os05g0111300"
22251,"Os02g0216300"
22252,"Os11g0229100"
22253,"Os01g0276000"
22254,"Os01g0226500"
22255,"Os01g0533900"
22256,"Os05g0242400"
22257,"Os11g0162700"
22258,"Os05g0180300"
22259,"Os02g0553200"
22260,"Os02g0241600"
22261,"Os05g0217800"
22262,"Os08g0528500"
22263,"osa-miR395i"
22264,"Os07g0668000"
22265,"Os07g0481000"
22266,"Os12g0565800"
22267,"Os02g0829800"
22268,"Os03g0225700"
22269,"Os03g0556600"
22270,"Os11g0481200"
22271,"Os08g0540000"
22272,"Os04g0370600"
22273,"Os03g0337200"
22274,"Os04g0308000"
22275,"Os02g0582900"
22276,"Os03g0406100"
22277,"Os06g0570300"
22278,"Os05g0395600"
22279,"Os01g0948400"
22280,"Os03g0784000"
22281,"Os02g0812400"
22282,"Os08g0416000"
22283,"osa-miR441b"
22284,"Os03g0792900"
22285,"Os02g0718900"
22286,"Os03g0300700"
22287,"Os03g0640400"
22288,"Os01g0154000"
22289,"Os10g0567400"
22290,"Os05g0417100"
22291,"Os01g0265200"
22292,"Os08g0452500"
22293,"Os12g0512200"
22294,"Os01g0525000"
22295,"Os07g0503900"
22296,"Os11g0622800"
22297,"Os07g0408100"
22298,"Os09g0567500"
22299,"Os01g0186000"
22300,"Os02g0244700"
22301,"Os07g0623200"
22302,"Os02g0632500"
22303,"Os04g0648400"
22304,"Os02g0236500"
22305,"Os02g0326500"
22306,"Os02g0771500"
22307,"22307"
22308,"Os11g0202200"
22309,"Os07g0657500"
22310,"Os07g0464200"
22311,"Os07g0569800"
22312,"Os01g0171000"
22313,"Os01g0678100"
22314,"Os05g0214900"
22315,"Os01g0200600"
22316,"Os10g0150600"
22317,"Os02g0655100"
22318,"Os07g0498800"
22319,"Os08g0125100"
22320,"22320"
22321,"Os12g0134000"
22322,"Os04g0381100"
22323,"Os07g0173300"
22324,"Os06g0196900"
22325,"Os11g0230700"
22326,"Os08g0323600"
22327,"Os03g0114200"
22328,"Os02g0556400"
22329,"Os03g0794900"
22330,"Os10g0493600"
22331,"Os02g0717300"
22332,"Os04g0316200"
22333,"Os02g0771100"
22334,"Os04g0617900"
22335,"Os10g0478200"
22336,"Os03g0851400"
22337,"Os10g0186200"
22338,"Os04g0667100"
22339,"Os04g0480500"
22340,"Os04g0506300"
22341,"Os07g0170100"
22342,"Os07g0229900"
22343,"Os07g0131000"
22344,"Os01g0870500"
22345,"Os06g0661300"
22346,"Os02g0103300"
22347,"Os03g0123100"
22348,"Os06g0184100"
22349,"Os09g0258800"
22350,"Os03g0580200"
22351,"Os05g0303000"
22352,"Os05g0112000"
22353,"Os01g0214600"
22354,"Os12g0222900"
22355,"Os06g0677400"
22356,"Os08g0271300"
22357,"Os02g0798200"
22358,"Os03g0345200"
22359,"Os09g0364100"
22360,"Os06g0318300"
22361,"Os03g0603300"
22362,"Os02g0475400"
22363,"Os07g0134800"
22364,"Os03g0105800"
22365,"Os05g0324400"
22366,"Os10g0415400"
22367,"Os06g0530600"
22368,"Os02g0697500"
22369,"Os03g0575500"
22370,"Os02g0658300"
22371,"Os04g0559700"
22372,"Os01g0732200"
22373,"Os03g0295600"
22374,"Os07g0608300"
22375,"Os09g0321900"
22376,"Os06g0204400"
22377,"Os06g0175900"
22378,"osa-miR164a"
22379,"Os09g0573200"
22380,"Os09g0513000"
22381,"Os02g0815000"
22382,"Os01g0168400"
22383,"Os02g0119100"
22384,"Os04g0577500"
22385,"Os01g0754000"
22386,"Os09g0542600"
22387,"Os01g0367100"
22388,"Os01g0941800"
22389,"Os12g0158700"
22390,"Os01g0521400"
22391,"Os09g0501600"
22392,"Os10g0396100"
22393,"Os12g0562300"
22394,"Os09g0512000"
22395,"Os02g0708000"
22396,"Os03g0182600"
22397,"Os08g0393700"
22398,"Os12g0548200"
22399,"Os01g0756600"
22400,"Os01g0223400"
22401,"Os05g0108300"
22402,"Os11g0654100"
22403,"Os03g0718100"
22404,"Os07g0635900"
22405,"Os03g0721200"
22406,"Os09g0292400"
22407,"Os09g0403000"
22408,"Os06g0681000"
22409,"Os01g0653100"
22410,"Os08g0144100"
22411,"Os08g0224900"
22412,"Os01g0702700"
22413,"Os01g0784500"
22414,"Os03g0701700"
22415,"Os09g0520400"
22416,"Os12g0230100"
22417,"Os03g0857900"
22418,"Os03g0140100"
22419,"Os01g0816100"
22420,"Os10g0323200"
22421,"Os08g0386800"
22422,"Os05g0571100"
22423,"Os08g0302100"
22424,"Os06g0186600"
22425,"Os01g0106800"
22426,"Os02g0211500"
22427,"Os05g0436100"
22428,"22428"
22429,"Os05g0545000"
22430,"Os05g0251900"
22431,"Os05g0164100"
22432,"Os05g0179000"
22433,"Os03g0278300"
22434,"Os01g0934300"
22435,"Os04g0480400"
22436,"Os12g0581300"
22437,"Os07g0186000"
22438,"Os07g0114400"
22439,"Os09g0397400"
22440,"Os07g0456400"
22441,"Os02g0191600"
22442,"osa-miR167j"
22443,"Os03g0124800"
22444,"Os12g0291100"
22445,"Os06g0166000"
22446,"Os02g0567800"
22447,"Os07g0581300"
22448,"Os01g0517500"
22449,"Os01g0846000"
22450,"Os01g0917200"
22451,"Os04g0660400"
22452,"Os07g0693800"
22453,"Os08g0518400"
22454,"Os07g0576600"
22455,"Os09g0401000"
22456,"Os03g0370400"
22457,"Os07g0143900"
22458,"Os12g0601800"
22459,"Os06g0211200"
22460,"Os11g0140400"
22461,"Os07g0130500"
22462,"Os07g0540200"
22463,"Os06g0712400"
22464,"Os05g0495300"
22465,"Os04g0622600"
22466,"Os01g0780400"
22467,"Os02g0314400"
22468,"Os01g0238200"
22469,"Os01g0964800"
22470,"Os03g0296300"
22471,"Os06g0137700"
22472,"Os06g0487900"
22473,"Os10g0492500"
22474,"Os03g0852900"
22475,"Os05g0156600"
22476,"Os10g0429400"
22477,"Os10g0369900"
22478,"Os06g0191300"
22479,"Os03g0215200"
22480,"Os08g0460000"
22481,"Os02g0205300"
22482,"Os01g0743300"
22483,"Os06g0592500"
22484,"Os01g0686700"
22485,"Os08g0412200"
22486,"Os02g0199900"
22487,"22487"
22488,"Os05g0517400"
22489,"Os09g0506800"
22490,"Os01g0602500"
22491,"Os05g0568800"
22492,"Os07g0622500"
22493,"Os09g0357300"
22494,"Os03g0804200"
22495,"Os08g0266600"
22496,"Os06g0283200"
22497,"Os10g0578800"
22498,"Os08g0552900"
22499,"Os10g0478500"
22500,"Os03g0844100"
22501,"Os02g0231700"
22502,"Os02g0173800"
22503,"Os04g0310100"
22504,"Os03g0284900"
22505,"Os07g0168800"
22506,"Os05g0535900"
22507,"Os02g0219900"
22508,"Os12g0566700"
22509,"Os06g0356700"
22510,"Os12g0287300"
22511,"Os07g0160100"
22512,"Os07g0194400"
22513,"Os06g0142000"
22514,"Os02g0452800"
22515,"Os01g0654500"
22516,"Os12g0492600"
22517,"Os08g0230600"
22518,"Os01g0709500"
22519,"Os06g0326500"
22520,"Os05g0135700"
22521,"Os07g0110100"
22522,"Os03g0192800"
22523,"Os09g0443000"
22524,"Os12g0294100"
22525,"Os04g0429400"
22526,"Os03g0701100"
22527,"Os12g0145400"
22528,"Os08g0189600"
22529,"Os03g0326200"
22530,"Os01g0920000"
22531,"Os05g0563100"
22532,"Os08g0442200"
22533,"Os01g0284500"
22534,"Os03g0666700"
22535,"Os02g0469600"
22536,"Os06g0257600"
22537,"Os07g0638400"
22538,"Os07g0111900"
22539,"Os03g0337100"
22540,"Os03g0180300"
22541,"Os03g0366100"
22542,"Os06g0591200"
22543,"Os07g0241500"
22544,"Os08g0256200"
22545,"osa-miR169c"
22546,"Os07g0616600"
22547,"Os01g0571000"
22548,"Os11g0620300"
22549,"Os06g0559500"
22550,"Os05g0392300"
22551,"Os07g0295200"
22552,"Os12g0124100"
22553,"Os02g0491900"
22554,"Os09g0460300"
22555,"Os03g0603800"
22556,"Os12g0236100"
22557,"Os03g0140900"
22558,"Os08g0345800"
22559,"Os02g0505700"
22560,"Os03g0259900"
22561,"Os01g0835500"
22562,"Os08g0267300"
22563,"Os03g0793800"
22564,"Os08g0492600"
22565,"Os12g0191500"
22566,"Os01g0810900"
22567,"Os06g0120200"
22568,"Os12g0178700"
22569,"osa-miR168b"
22570,"Os06g0111400"
22571,"Os05g0571700"
22572,"Os11g0275200"
22573,"Os05g0488000"
22574,"Os03g0788300"
22575,"Os06g0105700"
22576,"Os09g0266100"
22577,"Os12g0613300"
22578,"Os09g0416600"
22579,"Os06g0672700"
22580,"Os10g0431900"
22581,"Os02g0718200"
22582,"Os08g0531000"
22583,"22583"
22584,"Os10g0529600"
22585,"Os06g0206700"
22586,"Os10g0480500"
22587,"Os02g0182100"
22588,"Os01g0885000"
22589,"Os02g0542200"
22590,"Os07g0236900"
22591,"Os09g0261400"
22592,"Os02g0581000"
22593,"Os03g0758800"
22594,"Os01g0869600"
22595,"Os05g0233400"
22596,"Os11g0153400"
22597,"Os01g0276700"
22598,"Os04g0151800"
22599,"Os01g0110800"
22600,"Os08g0112700"
22601,"Os08g0334900"
22602,"Os08g0323000"
22603,"22603"
22604,"Os11g0598300"
22605,"Os01g0769000"
22606,"Os11g0134700"
22607,"22607"
22608,"Os04g0228300"
22609,"Os01g0695100"
22610,"Os08g0141700"
22611,"Os02g0708500"
22612,"Os05g0361500"
22613,"Os02g0595700"
22614,"Os01g0843300"
22615,"Os11g0687200"
22616,"Os05g0438300"
22617,"Os06g0564500"
22618,"Os04g0403500"
22619,"Os05g0106000"
22620,"Os06g0115600"
22621,"Os03g0103700"
22622,"Os10g0521600"
22623,"Os08g0536300"
22624,"Os01g0108700"
22625,"22625"
22626,"Os08g0544800"
22627,"Os02g0502500"
22628,"Os04g0629400"
22629,"Os04g0621300"
22630,"Os07g0622000"
22631,"Os01g0180900"
22632,"Os03g0270800"
22633,"Os02g0803400"
22634,"Os08g0355400"
22635,"Os10g0375000"
22636,"Os01g0228800"
22637,"Os05g0463800"
22638,"Os11g0247000"
22639,"Os01g0178700"
22640,"Os08g0398800"
22641,"Os04g0115600"
22642,"Os05g0297000"
22643,"Os02g0694400"
22644,"Os11g0686900"
22645,"Os02g0819500"
22646,"Os08g0564000"
22647,"Os01g0341800"
22648,"Os01g0613800"
22649,"Os07g0496200"
22650,"Os12g0262000"
22651,"Os04g0398000"
22652,"Os09g0347700"
22653,"Os05g0217800"
22654,"Os06g0163000"
22655,"Os04g0523100"
22656,"Os03g0177400"
22657,"Os02g0173600"
22658,"Os02g0312700"
22659,"osa-miR399j"
22660,"Os03g0588600"
22661,"Os05g0142600"
22662,"Os05g0137700"
22663,"Os09g0243200"
22664,"Os10g0558700"
22665,"Os01g0748500"
22666,"Os04g0656100"
22667,"Os07g0529800"
22668,"Os11g0629500"
22669,"Os07g0586000"
22670,"Os07g0577400"
22671,"POsControl0028"
22672,"Os03g0859100"
22673,"Os09g0428300"
22674,"Os01g0142000"
22675,"Os04g0492900"
22676,"Os04g0618200"
22677,"Os11g0507500"
22678,"Os02g0221900"
22679,"Os07g0143200"
22680,"Os11g0617500"
22681,"Os03g0798200"
22682,"Os03g0723600"
22683,"Os02g0716800"
22684,"Os11g0169900"
22685,"Os01g0205200"
22686,"Os03g0111400"
22687,"Os04g0524500"
22688,"Os07g0457400"
22689,"Os07g0585200"
22690,"Os02g0791800"
22691,"Os02g0450400"
22692,"Os10g0501300"
22693,"Os03g0668900"
22694,"Os03g0241300"
22695,"Os08g0227100"
22696,"Os06g0725700"
22697,"Os07g0214800"
22698,"Os03g0152800"
22699,"Os10g0337700"
22700,"Os03g0816400"
22701,"Os03g0405100"
22702,"Os08g0180500"
22703,"Os06g0613800"
22704,"Os06g0703000"
22705,"Os11g0220800"
22706,"Os03g0378000"
22707,"Os01g0848400"
22708,"Os02g0564300"
22709,"Os04g0445200"
22710,"PAtControl0001"
22711,"Os11g0459200"
22712,"Os12g0146500"
22713,"osa-miR319a"
22714,"Os03g0789200"
22715,"POsControl0013"
22716,"POsControl0020"
22717,"PTaControl0001"
22718,"Os10g0503700"
22719,"Os01g0955100"
22720,"Os01g0647000"
22721,"Os07g0113500"
22722,"Os12g0108800"
22723,"Os11g0618700"
22724,"Os07g0688500"
22725,"Os05g0543800"
22726,"Os05g0166200"
22727,"Os11g0568300"
22728,"Os03g0657000"
22729,"Os04g0676800"
22730,"Os02g0441000"
22731,"Os02g0798100"
22732,"Os12g0156200"
22733,"Os04g0524900"
22734,"Os10g0117800"
22735,"Os05g0417400"
22736,"Os05g0150600"
22737,"Os03g0240800"
22738,"Os04g0654700"
22739,"Os07g0489900"
22740,"Os08g0542700"
22741,"Os03g0561000"
22742,"Os04g0437500"
22743,"Os05g0458200"
22744,"Os12g0230500"
22745,"Os11g0578100"
22746,"Os02g0602100"
22747,"Os07g0537000"
22748,"Os08g0489300"
22749,"Os09g0371200"
22750,"Os04g0655100"
22751,"Os01g0766000"
22752,"Os03g0211800"
22753,"Os06g0162500"
22754,"Os08g0292600"
22755,"Os08g0376600"
22756,"Os04g0613600"
22757,"Os09g0492700"
22758,"Os03g0390600"
22759,"Os01g0932700"
22760,"Os06g0351500"
22761,"Os08g0177300"
22762,"Os10g0509200"
22763,"Os02g0596500"
22764,"Os02g0638000"
22765,"Os03g0675700"
22766,"Os01g0363300"
22767,"Os02g0110700"
22768,"Os01g0391100"
22769,"Os12g0568800"
22770,"Os10g0461100"
22771,"Os06g0634600"
22772,"Os10g0196900"
22773,"Os08g0123600"
22774,"Os07g0433200"
22775,"Os01g0168100"
22776,"Os01g0590900"
22777,"Os05g0424000"
22778,"Os01g0978500"
22779,"Os02g0620500"
22780,"22780"
22781,"Os10g0553900"
22782,"Os02g0618400"
22783,"Os01g0552100"
22784,"Os07g0580900"
22785,"Os04g0105700"
22786,"Os12g0578700"
22787,"Os08g0433100"
22788,"Os08g0402800"
22789,"Os02g0198000"
22790,"Os04g0162100"
22791,"Os10g0184300"
22792,"Os03g0381100"
22793,"Os04g0509600"
22794,"Os04g0295100"
22795,"Os04g0430200"
22796,"Os01g0644500"
22797,"Os09g0365300"
22798,"Os07g0582400"
22799,"Os01g0716200"
22800,"Os06g0228500"
22801,"Os01g0200300"
22802,"Os06g0651100"
22803,"POsControl0012"
22804,"Os05g0518300"
22805,"Os09g0404400"
22806,"Os04g0540300"
22807,"Os06g0232800"
22808,"Os11g0638200"
22809,"Os09g0515100"
22810,"Os03g0194900"
22811,"Os05g0460700"
22812,"Os09g0103300"
22813,"Os05g0355900"
22814,"Os01g0971400"
22815,"Os01g0886900"
22816,"Os03g0402800"
22817,"Os03g0761500"
22818,"POsControl0045"
22819,"Os03g0351300"
22820,"Os06g0702400"
22821,"Os08g0427700"
22822,"Os08g0177000"
22823,"Os04g0325300"
22824,"Os06g0492700"
22825,"Os02g0764100"
22826,"Os05g0349700"
22827,"Os03g0751200"
22828,"Os12g0530300"
22829,"Os03g0657100"
22830,"Os07g0659400"
22831,"Os07g0682000"
22832,"Os04g0643500"
22833,"Os09g0387800"
22834,"Os01g0757800"
22835,"Os01g0643600"
22836,"Os07g0616600"
22837,"Os09g0273900"
22838,"Os02g0593400"
22839,"Os04g0674300"
22840,"Os09g0479200"
22841,"Os05g0136900"
22842,"Os11g0195100"
22843,"Os10g0328600"
22844,"Os06g0711800"
22845,"Os06g0693500"
22846,"Os06g0342500"
22847,"Os03g0343300"
22848,"Os11g0147800"
22849,"Os11g0459300"
22850,"Os04g0463000"
22851,"Os02g0827200"
22852,"Os03g0807200"
22853,"Os03g0128400"
22854,"Os04g0667400"
22855,"Os02g0831200"
22856,"Os08g0475300"
22857,"Os04g0354400"
22858,"Os07g0206500"
22859,"Os06g0710200"
22860,"Os01g0157600"
22861,"Os11g0114700"
22862,"Os11g0159000"
22863,"Os03g0616700"
22864,"Os06g0610800"
22865,"Os03g0851800"
22866,"Os06g0597500"
22867,"Os02g0556300"
22868,"osa-miR169c"
22869,"Os04g0376700"
22870,"Os06g0729000"
22871,"Os07g0577600"
22872,"Os06g0229300"
22873,"Os04g0535000"
22874,"Os04g0573000"
22875,"Os09g0568000"
22876,"Os07g0161900"
22877,"Os07g0613300"
22878,"Os04g0350100"
22879,"Os03g0628800"
22880,"Os02g0503300"
22881,"Os02g0638000"
22882,"Os09g0484200"
22883,"POsControl0023"
22884,"Os07g0522500"
22885,"Os01g0303000"
22886,"Os08g0510800"
22887,"Os06g0181500"
22888,"Os05g0170800"
22889,"Os09g0392100"
22890,"22890"
22891,"Os03g0368600"
22892,"Os12g0583500"
22893,"Os05g0455900"
22894,"Os03g0576700"
22895,"Os05g0163400"
22896,"Os11g0433900"
22897,"22897"
22898,"Os01g0283100"
22899,"Os02g0220400"
22900,"Os02g0754100"
22901,"Os01g0952500"
22902,"Os05g0376300"
22903,"Os09g0517800"
22904,"Os02g0166300"
22905,"Os12g0290200"
22906,"Os03g0619100"
22907,"Os03g0326300"
22908,"22908"
22909,"22909"
22910,"Os06g0714300"
22911,"Os07g0123900"
22912,"Os11g0120000"
22913,"Os09g0463600"
22914,"Os11g0439300"
22915,"Os05g0539700"
22916,"Os01g0610700"
22917,"Os05g0592400"
22918,"Os07g0616000"
22919,"Os09g0511500"
22920,"Os05g0373300"
22921,"Os01g0910400"
22922,"22922"
22923,"Os08g0412600"
22924,"Os06g0703800"
22925,"Os08g0136700"
22926,"Os10g0348900"
22927,"Os12g0285100"
22928,"Os04g0502200"
22929,"Os02g0197600"
22930,"Os09g0372100"
22931,"Os11g0659600"
22932,"Os08g0202300"
22933,"Os05g0125600"
22934,"Os03g0400600"
22935,"Os07g0281300"
22936,"Os06g0674000"
22937,"Os03g0827600"
22938,"Os05g0490700"
22939,"Os04g0672600"
22940,"Os02g0782600"
22941,"Os09g0400100"
22942,"Os01g0186600"
22943,"Os08g0378000"
22944,"Os03g0644000"
22945,"Os05g0333600"
22946,"Os08g0112700"
22947,"Os06g0262200"
22948,"Os08g0112900"
22949,"Os08g0304900"
22950,"POsControl0014"
22951,"Os08g0547200"
22952,"Os03g0118500"
22953,"Os04g0229800"
22954,"Os05g0186100"
22955,"Os02g0113200"
22956,"Os02g0582800"
22957,"osa-miR417"
22958,"Os03g0161900"
22959,"Os01g0694300"
22960,"Os10g0565000"
22961,"Os08g0518200"
22962,"Os01g0277700"
22963,"Os04g0659000"
22964,"Os02g0197600"
22965,"Os12g0135000"
22966,"Os09g0251800"
22967,"Os06g0300300"
22968,"Os02g0827200"
22969,"Os09g0114500"
22970,"Os05g0500000"
22971,"osa-miR159d"
22972,"Os01g0208700"
22973,"Os04g0626500"
22974,"Os01g0974100"
22975,"Os11g0479300"
22976,"Os10g0484900"
22977,"Os10g0127900"
22978,"Os03g0679700"
22979,"Os05g0138300"
22980,"Os02g0164900"
22981,"Os03g0139300"
22982,"Os12g0174300"
22983,"Os05g0490600"
22984,"Os01g0606000"
22985,"Os10g0507800"
22986,"Os06g0143100"
22987,"Os01g0260700"
22988,"Os01g0170700"
22989,"Os07g0543000"
22990,"Os01g0243700"
22991,"Os01g0511600"
22992,"Os08g0513600"
22993,"Os05g0449100"
22994,"Os03g0186500"
22995,"Os04g0683900"
22996,"Os05g0145300"
22997,"Os09g0108400"
22998,"Os02g0483800"
22999,"Os02g0689700"
23000,"Os02g0675000"
23001,"Os03g0251000"
23002,"Os07g0608900"
23003,"Os02g0596900"
23004,"Os05g0552100"
23005,"Os10g0464900"
23006,"Os08g0236900"
23007,"Os07g0520600"
23008,"Os03g0701100"
23009,"Os04g0572000"
23010,"osa-miR166m"
23011,"Os05g0243300"
23012,"Os03g0791200"
23013,"Os10g0509900"
23014,"Os02g0818500"
23015,"Os12g0159100"
23016,"Os06g0137600"
23017,"Os04g0329800"
23018,"Os02g0741200"
23019,"Os05g0194900"
23020,"Os01g0300200"
23021,"Os10g0576900"
23022,"Os05g0574700"
23023,"Os10g0403000"
23024,"Os12g0605100"
23025,"Os01g0191200"
23026,"Os04g0373300"
23027,"Os02g0765900"
23028,"Os10g0416800"
23029,"Os02g0207100"
23030,"POsControl0009"
23031,"Os03g0859300"
23032,"Os06g0474500"
23033,"Os11g0152400"
23034,"Os03g0772400"
23035,"Os02g0832000"
23036,"Os07g0544600"
23037,"Os04g0630200"
23038,"Os12g0190200"
23039,"Os01g0802100"
23040,"Os06g0711200"
23041,"Os05g0581700"
23042,"osa-miR396d"
23043,"Os08g0178200"
23044,"Os08g0359200"
23045,"Os10g0421500"
23046,"Os10g0341700"
23047,"Os04g0683600"
23048,"Os07g0485400"
23049,"Os11g0106800"
23050,"Os03g0342900"
23051,"Os06g0554600"
23052,"Os06g0141000"
23053,"Os01g0813400"
23054,"Os03g0837700"
23055,"Os01g0733600"
23056,"Os08g0203900"
23057,"Os04g0482900"
23058,"Os02g0744700"
23059,"Os07g0537900"
23060,"Os07g0513000"
23061,"Os01g0571200"
23062,"Os07g0134300"
23063,"Os05g0182800"
23064,"Os05g0488900"
23065,"Os01g0501800"
23066,"Os03g0641300"
23067,"Os03g0150500"
23068,"Os03g0691500"
23069,"Os11g0150800"
23070,"Os03g0188900"
23071,"Os01g0660200"
23072,"Os10g0524000"
23073,"Os12g0620400"
23074,"Os10g0498600"
23075,"Os01g0923700"
23076,"Os01g0290000"
23077,"Os04g0179200"
23078,"POsControl0044"
23079,"Os04g0600200"
23080,"Os03g0174200"
23081,"Os08g0532800"
23082,"Os02g0220600"
23083,"Os03g0345200"
23084,"Os03g0286500"
23085,"Os01g0242700"
23086,"23086"
23087,"Os09g0418500"
23088,"Os05g0373400"
23089,"Os10g0109600"
23090,"Os07g0185200"
23091,"Os09g0516900"
23092,"Os02g0800300"
23093,"Os08g0528700"
23094,"Os03g0213800"
23095,"Os10g0478000"
23096,"Os05g0329000"
23097,"Os01g0158000"
23098,"Os03g0415500"
23099,"POsControl0032"
23100,"Os02g0167300"
23101,"Os11g0521900"
23102,"Os10g0398600"
23103,"Os04g0343900"
23104,"Os05g0322900"
23105,"Os04g0348100"
23106,"Os01g0828300"
23107,"Os01g0137500"
23108,"Os07g0218700"
23109,"Os10g0510000"
23110,"Os03g0850700"
23111,"Os05g0179800"
23112,"Os07g0139500"
23113,"Os02g0109200"
23114,"Os02g0221900"
23115,"Os05g0108500"
23116,"Os03g0361500"
23117,"Os12g0497700"
23118,"Os03g0320400"
23119,"Os04g0628000"
23120,"Os03g0125000"
23121,"Os10g0369600"
23122,"Os03g0811400"
23123,"Os09g0532800"
23124,"Os10g0525600"
23125,"Os10g0127000"
23126,"Os01g0313300"
23127,"Os05g0264200"
23128,"Os08g0363200"
23129,"Os07g0537500"
23130,"Os06g0133000"
23131,"osa-miR445d"
23132,"Os01g0863100"
23133,"Os01g0664200"
23134,"Os11g0140900"
23135,"Os03g0731500"
23136,"Os01g0499300"
23137,"Os04g0563000"
23138,"Os04g0505000"
23139,"Os09g0413600"
23140,"Os10g0201000"
23141,"Os10g0502000"
23142,"Os10g0501500"
23143,"Os03g0790600"
23144,"Os02g0718900"
23145,"Os02g0725600"
23146,"23146"
23147,"Os12g0218000"
23148,"Os08g0532300"
23149,"Os10g0556500"
23150,"Os02g0511000"
23151,"Os07g0577600"
23152,"Os02g0199700"
23153,"Os03g0324700"
23154,"Os07g0208900"
23155,"Os07g0119300"
23156,"Os01g0829800"
23157,"Os01g0685000"
23158,"Os04g0599000"
23159,"Os06g0726200"
23160,"Os09g0567400"
23161,"Os11g0157200"
23162,"Os05g0203900"
23163,"Os12g0171700"
23164,"Os05g0456300"
23165,"Os01g0927500"
23166,"Os03g0284900"
23167,"Os01g0700000"
23168,"Os05g0150900"
23169,"Os07g0244300"
23170,"Os02g0613200"
23171,"Os01g0227300"
23172,"Os01g0831000"
23173,"Os02g0465900"
23174,"Os05g0573300"
23175,"Os05g0533600"
23176,"Os06g0650100"
23177,"Os09g0249700"
23178,"Os03g0278000"
23179,"Os01g0667200"
23180,"Os01g0625200"
23181,"Os06g0639800"
23182,"Os01g0938400"
23183,"Os04g0380000"
23184,"Os01g0104500"
23185,"Os01g0180600"
23186,"Os09g0327100"
23187,"Os06g0646000"
23188,"23188"
23189,"Os12g0190100"
23190,"Os12g0102200"
23191,"Os08g0467400"
23192,"Os05g0518800"
23193,"Os09g0438000"
23194,"Os08g0156600"
23195,"Os06g0728000"
23196,"Os03g0292800"
23197,"Os02g0467200"
23198,"Os10g0524400"
23199,"Os01g0314300"
23200,"Os01g0194600"
23201,"Os12g0610200"
23202,"Os02g0171700"
23203,"Os01g0336300"
23204,"Os04g0206700"
23205,"Os06g0654500"
23206,"Os03g0279500"
23207,"Os10g0462500"
23208,"Os10g0499800"
23209,"Os10g0565800"
23210,"Os08g0557700"
23211,"Os12g0180400"
23212,"Os09g0542800"
23213,"Os09g0321300"
23214,"Os08g0520500"
23215,"Os06g0557200"
23216,"Os01g0182300"
23217,"Os04g0385700"
23218,"Os12g0527700"
23219,"Os06g0694100"
23220,"Os11g0517400"
23221,"Os01g0142100"
23222,"Os04g0218600"
23223,"Os09g0461600"
23224,"Os02g0655300"
23225,"Os10g0577600"
23226,"Os04g0306300"
23227,"Os03g0820200"
23228,"Os07g0640700"
23229,"Os08g0205200"
23230,"Os03g0700700"
23231,"Os02g0161400"
23232,"Os04g0495300"
23233,"Os10g0151900"
23234,"Os09g0532700"
23235,"Os04g0168300"
23236,"Os05g0110300"
23237,"Os10g0503600"
23238,"Os09g0538800"
23239,"Os11g0433800"
23240,"Os07g0158900"
23241,"Os08g0190100"
23242,"Os11g0257800"
23243,"Os05g0170300"
23244,"Os01g0760600"
23245,"Os01g0132400"
23246,"Os08g0131100"
23247,"Os01g0561600"
23248,"Os04g0418500"
23249,"Os02g0550700"
23250,"Os01g0680700"
23251,"Os02g0709900"
23252,"Os07g0414200"
23253,"Os03g0291200"
23254,"Os06g0308300"
23255,"Os11g0573100"
23256,"Os05g0459300"
23257,"Os07g0424400"
23258,"Os05g0314100"
23259,"Os07g0655500"
23260,"Os03g0302900"
23261,"Os11g0708400"
23262,"Os05g0574000"
23263,"Os03g0285300"
23264,"Os06g0142900"
23265,"Os04g0227200"
23266,"Os04g0423400"
23267,"Os11g0590600"
23268,"Os02g0679700"
23269,"Os05g0111300"
23270,"Os09g0454900"
23271,"Os03g0336200"
23272,"Os05g0514200"
23273,"Os03g0774300"
23274,"Os03g0219400"
23275,"Os01g0123000"
23276,"Os02g0800700"
23277,"Os03g0306100"
23278,"Os03g0270000"
23279,"23279"
23280,"Os12g0207300"
23281,"Os03g0760000"
23282,"Os03g0836200"
23283,"Os03g0390900"
23284,"Os09g0356800"
23285,"Os04g0575900"
23286,"Os02g0675100"
23287,"Os11g0218200"
23288,"Os05g0465800"
23289,"Os07g0562400"
23290,"Os03g0192600"
23291,"Os07g0695100"
23292,"Os01g0114600"
23293,"Os01g0155400"
23294,"Os08g0345800"
23295,"Os06g0166000"
23296,"Os01g0246700"
23297,"Os01g0235100"
23298,"Os02g0197700"
23299,"Os03g0441900"
23300,"Os08g0395500"
23301,"Os08g0532200"
23302,"Os11g0157200"
23303,"Os01g0387700"
23304,"Os10g0542100"
23305,"Os08g0101000"
23306,"Os04g0367400"
23307,"osa-miR169e"
23308,"Os02g0180100"
23309,"Os11g0532600"
23310,"Os08g0481400"
23311,"Os01g0948900"
23312,"Os01g0749900"
23313,"Os06g0132500"
23314,"Os02g0174100"
23315,"Os04g0597600"
23316,"Os02g0495400"
23317,"Os07g0617000"
23318,"Os04g0395600"
23319,"Os01g0793100"
23320,"Os11g0595000"
23321,"Os05g0592800"
23322,"Os05g0550600"
23323,"Os06g0613600"
23324,"Os11g0225100"
23325,"Os10g0105900"
23326,"Os03g0408100"
23327,"Os10g0142100"
23328,"Os04g0612700"
23329,"osa-miR439d"
23330,"Os06g0523600"
23331,"Os05g0214100"
23332,"Os01g0734100"
23333,"Os01g0125500"
23334,"Os10g0117600"
23335,"Os03g0267300"
23336,"Os02g0773800"
23337,"Os06g0264200"
23338,"Os10g0556700"
23339,"Os02g0218500"
23340,"Os08g0135400"
23341,"Os03g0165300"
23342,"Os06g0704900"
23343,"Os01g0932500"
23344,"Os01g0719800"
23345,"Os12g0159600"
23346,"Os01g0760900"
23347,"Os11g0251700"
23348,"Os09g0432300"
23349,"Os03g0663700"
23350,"Os01g0832100"
23351,"Os11g0286800"
23352,"Os05g0413200"
23353,"Os01g0238600"
23354,"Os08g0513700"
23355,"Os08g0554000"
23356,"Os04g0577500"
23357,"Os02g0493100"
23358,"Os09g0361400"
23359,"Os06g0705300"
23360,"Os02g0708300"
23361,"Os10g0537500"
23362,"Os03g0271800"
23363,"Os11g0703900"
23364,"Os01g0853800"
23365,"Os03g0816100"
23366,"Os09g0270700"
23367,"Os08g0104100"
23368,"Os01g0350500"
23369,"Os05g0440400"
23370,"Os06g0145600"
23371,"Os05g0591600"
23372,"Os08g0476000"
23373,"Os11g0492700"
23374,"Os11g0635500"
23375,"Os06g0115200"
23376,"Os08g0536300"
23377,"Os01g0280200"
23378,"Os04g0550500"
23379,"Os12g0265100"
23380,"Os03g0192600"
23381,"Os03g0176700"
23382,"Os08g0346900"
23383,"Os05g0215000"
23384,"Os05g0271300"
23385,"Os03g0851300"
23386,"Os05g0423500"
23387,"Os04g0641000"
23388,"Os07g0169600"
23389,"Os09g0497900"
23390,"Os03g0168100"
23391,"Os06g0707300"
23392,"Os03g0407900"
23393,"Os05g0490100"
23394,"Os07g0640900"
23395,"Os04g0311400"
23396,"Os01g0558900"
23397,"osa-miR415"
23398,"Os07g0633600"
23399,"Os04g0603200"
23400,"Os02g0330700"
23401,"Os01g0975000"
23402,"Os04g0393900"
23403,"Os07g0494700"
23404,"Os06g0687600"
23405,"Os01g0719000"
23406,"Os05g0361000"
23407,"Os06g0184800"
23408,"Os10g0162100"
23409,"Os08g0503600"
23410,"Os04g0441900"
23411,"Os01g0765000"
23412,"Os10g0487300"
23413,"Os07g0571100"
23414,"Os10g0142600"
23415,"Os06g0102700"
23416,"Os02g0331200"
23417,"Os04g0650400"
23418,"Os10g0499700"
23419,"Os04g0182600"
23420,"Os03g0731900"
23421,"Os10g0190000"
23422,"Os03g0315400"
23423,"Os10g0476600"
23424,"Os06g0193300"
23425,"Os03g0837100"
23426,"Os10g0568200"
23427,"Os03g0602600"
23428,"Os03g0278000"
23429,"Os06g0200700"
23430,"Os07g0575900"
23431,"Os01g0966000"
23432,"Os11g0543900"
23433,"osa-miR156d"
23434,"Os03g0445000"
23435,"Os12g0291400"
23436,"Os03g0700800"
23437,"Os02g0803700"
23438,"Os03g0262100"
23439,"Os06g0224100"
23440,"Os01g0919600"
23441,"Os08g0497300"
23442,"POsControl0008"
23443,"Os02g0821000"
23444,"23444"
23445,"Os09g0332600"
23446,"Os05g0279400"
23447,"Os12g0166000"
23448,"Os04g0667100"
23449,"Os04g0559000"
23450,"Os01g0695100"
23451,"Os05g0240400"
23452,"Os07g0608500"
23453,"Os01g0198100"
23454,"Os12g0611300"
23455,"Os10g0208500"
23456,"Os03g0363500"
23457,"Os03g0229600"
23458,"Os02g0722700"
23459,"Os02g0729900"
23460,"Os02g0307800"
23461,"Os05g0460000"
23462,"Os11g0608300"
23463,"Os11g0590700"
23464,"Os05g0399100"
23465,"Os06g0328400"
23466,"osa-miR396d"
23467,"Os11g0309000"
23468,"Os05g0586700"
23469,"Os07g0681300"
23470,"Os07g0621500"
23471,"Os07g0599300"
23472,"Os12g0248600"
23473,"Os06g0724100"
23474,"Os02g0719600"
23475,"Os01g0713900"
23476,"Os04g0111900"
23477,"Os10g0416200"
23478,"Os03g0351200"
23479,"Os03g0674600"
23480,"Os04g0435500"
23481,"Os03g0237600"
23482,"Os01g0672400"
23483,"Os02g0161900"
23484,"Os01g0881600"
23485,"Os01g0831900"
23486,"Os12g0422200"
23487,"Os06g0314000"
23488,"Os02g0735800"
23489,"Os04g0632700"
23490,"Os02g0459400"
23491,"Os07g0120700"
23492,"Os07g0122400"
23493,"Os04g0307200"
23494,"Os09g0532900"
23495,"Os08g0501900"
23496,"Os08g0390200"
23497,"Os10g0445500"
23498,"Os06g0133000"
23499,"POsControl0034"
23500,"Os02g0620400"
23501,"Os12g0443700"
23502,"Os11g0533600"
23503,"Os04g0574800"
23504,"Os06g0562700"
23505,"Os02g0783000"
23506,"Os04g0127300"
23507,"Os04g0682400"
23508,"Os02g0792000"
23509,"Os07g0681000"
23510,"Os04g0533000"
23511,"Os08g0266700"
23512,"Os02g0324700"
23513,"Os05g0508700"
23514,"Os01g0660700"
23515,"Os01g0179400"
23516,"Os01g0278900"
23517,"Os04g0653600"
23518,"Os03g0590100"
23519,"Os01g0127600"
23520,"Os02g0817800"
23521,"Os01g0141000"
23522,"Os01g0220400"
23523,"Os09g0500600"
23524,"Os03g0669300"
23525,"23525"
23526,"Os02g0523500"
23527,"Os11g0133900"
23528,"Os01g0860500"
23529,"Os01g0213500"
23530,"Os07g0490000"
23531,"Os02g0469200"
23532,"Os01g0128300"
23533,"Os09g0309100"
23534,"Os07g0409200"
23535,"Os02g0532300"
23536,"Os02g0596100"
23537,"Os12g0189900"
23538,"Os02g0530600"
23539,"osa-miR156k"
23540,"Os12g0533700"
23541,"Os06g0308000"
23542,"Os10g0111700"
23543,"osa-miR395o"
23544,"Os11g0260100"
23545,"Os01g0574400"
23546,"Os02g0818800"
23547,"Os02g0103700"
23548,"Os06g0609600"
23549,"POsControl0027"
23550,"Os07g0599400"
23551,"Os12g0621600"
23552,"Os01g0943900"
23553,"POsControl0017"
23554,"Os03g0595800"
23555,"Os11g0672600"
23556,"Os01g0688700"
23557,"Os05g0169300"
23558,"Os03g0737000"
23559,"Os08g0480100"
23560,"Os04g0110300"
23561,"Os12g0242600"
23562,"Os03g0762300"
23563,"Os01g0357400"
23564,"Os01g0867700"
23565,"Os05g0489100"
23566,"Os03g0203700"
23567,"Os01g0916600"
23568,"Os02g0722600"
23569,"Os02g0672200"
23570,"Os02g0548900"
23571,"Os03g0234200"
23572,"Os01g0920400"
23573,"Os11g0633600"
23574,"Os01g0872700"
23575,"Os06g0133200"
23577,"Os01g0142300"
23578,"Os08g0144400"
23579,"Os01g0104600"
23580,"Os01g0961000"
23581,"Os04g0691400"
23582,"Os12g0141600"
23583,"Os05g0440000"
23584,"23584"
23585,"Os11g0130400"
23586,"Os03g0851300"
23587,"Os04g0175000"
23588,"Os10g0463900"
23589,"Os03g0441700"
23590,"Os02g0789600"
23591,"23591"
23592,"Os11g0291500"
23593,"Os10g0540800"
23594,"Os05g0515200"
23595,"Os01g0934300"
23596,"POsControl0040"
23597,"Os06g0726200"
23598,"Os05g0149900"
23599,"Os06g0188100"
23600,"Os07g0628300"
23601,"Os01g0791600"
23602,"Os03g0855600"
23603,"Os01g0934200"
23604,"Os11g0664800"
23605,"Os03g0328100"
23606,"Os03g0169100"
23607,"Os05g0151200"
23608,"Os04g0261200"
23609,"Os01g0259400"
23610,"Os12g0597700"
23611,"Os09g0491900"
23612,"Os08g0563300"
23613,"Os11g0551700"
23614,"osa-miR160c"
23615,"Os10g0502500"
23616,"Os02g0127100"
23617,"Os07g0131200"
23618,"Os03g0746400"
23619,"Os10g0506000"
23620,"Os03g0752800"
23621,"Os05g0176100"
23622,"Os12g0102100"
23623,"POsControl0013"
23624,"Os05g0376300"
23625,"Os05g0577000"
23626,"Os01g0770600"
23627,"Os06g0597200"
23628,"Os02g0195800"
23629,"Os03g0811100"
23630,"Os04g0432900"
23631,"Os04g0547600"
23632,"Os09g0401000"
23633,"Os05g0404000"
23634,"Os04g0119000"
23635,"Os02g0249100"
23636,"Os07g0231800"
23637,"Os03g0766500"
23638,"Os04g0604900"
23639,"23639"
23640,"Os01g0772600"
23641,"Os04g0398600"
23642,"Os03g0308200"
23643,"Os06g0595900"
23644,"Os03g0171700"
23645,"Os05g0121100"
23646,"Os08g0416000"
23647,"Os11g0672300"
23648,"Os07g0151900"
23649,"Os02g0632700"
23650,"Os03g0235700"
23652,"Os03g0118100"
23653,"Os04g0406600"
23654,"23654"
23655,"Os06g0199000"
23656,"Os08g0180300"
23657,"Os11g0167800"
23658,"Os03g0345500"
23659,"Os01g0871200"
23660,"Os05g0585700"
23661,"Os03g0111300"
23662,"Os11g0301000"
23663,"Os03g0646200"
23664,"Os11g0702400"
23665,"Os04g0684100"
23666,"Os03g0849900"
23667,"Os01g0651200"
23668,"Os02g0715000"
23669,"Os01g0257300"
23670,"Os03g0108300"
23671,"Os01g0353900"
23672,"Os11g0598500"
23673,"Os05g0591400"
23674,"Os01g0205600"
23675,"Os12g0605900"
23676,"Os09g0463600"
23677,"Os04g0661900"
23678,"Os06g0217500"
23679,"Os01g0719000"
23680,"Os10g0415800"
23681,"Os03g0232800"
23682,"osa-miR395w"
23683,"Os02g0306900"
23684,"Os03g0288700"
23685,"Os08g0398800"
23686,"Os03g0722000"
23687,"Os05g0437500"
23688,"Os01g0851700"
23689,"Os02g0288600"
23690,"Os11g0174000"
23691,"Os07g0162400"
23692,"23692"
23693,"osa-miR166m"
23694,"Os07g0596600"
23695,"Os03g0178300"
23696,"Os06g0569500"
23697,"Os03g0160000"
23698,"23698"
23699,"Os12g0171200"
23700,"Os02g0461900"
23701,"Os03g0196800"
23702,"Os09g0459600"
23703,"Os11g0565400"
23704,"Os01g0505700"
23705,"Os01g0896200"
23706,"Os01g0951400"
23707,"Os09g0483800"
23708,"Os03g0805600"
23709,"Os02g0534400"
23710,"Os03g0401300"
23711,"Os04g0208500"
23712,"Os04g0266400"
23713,"Os02g0579000"
23714,"Os05g0441500"
23715,"Os05g0586600"
23716,"Os03g0655100"
23717,"Os02g0176300"
23718,"Os05g0592800"
23719,"Os08g0186300"
23720,"Os02g0103700"
23721,"Os05g0271900"
23722,"Os03g0111500"
23723,"Os11g0541600"
23724,"Os04g0520900"
23725,"Os03g0109700"
23726,"Os05g0467700"
23727,"Os11g0277800"
23728,"Os03g0828100"
23729,"Os12g0130900"
23730,"Os01g0279300"
23731,"Os12g0257400"
23732,"Os09g0566100"
23733,"Os02g0803400"
23734,"Os01g0156000"
23735,"Os07g0491500"
23736,"Os02g0469300"
23737,"Os05g0406900"
23738,"Os10g0379100"
23739,"Os01g0113800"
23740,"Os03g0740600"
23741,"Os11g0597400"
23742,"Os05g0542800"
23743,"Os01g0737300"
23744,"Os05g0480600"
23745,"Os03g0851800"
23746,"Os03g0154700"
23747,"Os03g0352300"
23748,"Os02g0143300"
23749,"Os10g0159000"
23750,"Os09g0444800"
23751,"Os02g0596200"
23752,"Os08g0509400"
23753,"Os07g0681100"
23754,"Os07g0167300"
23755,"Os01g0705300"
23756,"Os07g0578600"
23757,"Os09g0103100"
23758,"Os11g0522900"
23759,"Os02g0160300"
23760,"Os02g0465900"
23761,"Os07g0187300"
23762,"Os03g0146400"
23763,"Os12g0425600"
23764,"Os05g0125300"
23765,"POsControl0046"
23766,"Os05g0252800"
23767,"Os08g0169800"
23768,"Os08g0223000"
23769,"Os12g0202900"
23770,"Os05g0326700"
23771,"23771"
23772,"Os08g0430700"
23773,"Os02g0167700"
23774,"Os04g0623300"
23775,"Os03g0672900"
23776,"Os01g0925600"
23777,"Os03g0224200"
23778,"Os04g0439100"
23779,"Os03g0246500"
23780,"Os04g0690200"
23781,"Os07g0301200"
23782,"Os01g0901600"
23783,"Os02g0332200"
23784,"Os10g0545600"
23785,"Os02g0697600"
23786,"Os05g0453700"
23787,"Os06g0546200"
23788,"Os02g0438700"
23789,"Os12g0612900"
23790,"Os05g0163400"
23791,"Os04g0402100"
23792,"Os01g0867800"
23793,"Os04g0661600"
23794,"Os12g0628400"
23795,"Os02g0228600"
23796,"Os04g0585700"
23797,"osa-miR166g"
23798,"Os04g0249700"
23799,"Os03g0708200"
23800,"Os04g0656100"
23801,"Os03g0724800"
23802,"osa-miR390"
23803,"Os07g0469500"
23804,"Os12g0278900"
23806,"Os08g0135300"
23807,"Os06g0704600"
23808,"Os06g0702200"
23809,"23809"
23810,"Os02g0662700"
23811,"Os06g0518300"
23812,"Os01g0929100"
23813,"Os06g0494700"
23814,"Os09g0325100"
23815,"Os07g0588300"
23816,"Os12g0255600"
23817,"Os11g0186900"
23818,"Os07g0551700"
23819,"Os01g0610400"
23820,"Os07g0691800"
23821,"Os03g0296800"
23822,"Os11g0525600"
23823,"Os02g0653300"
23824,"Os12g0556200"
23825,"Os01g0563000"
23826,"Os07g0164300"
23827,"23827"
23828,"Os09g0442600"
23829,"Os05g0376300"
23830,"Os08g0369600"
23831,"Os01g0581900"
23832,"Os12g0443600"
23833,"Os01g0195500"
23834,"Os10g0101200"
23835,"Os12g0160700"
23836,"23836"
23837,"Os11g0647000"
23838,"23838"
23839,"Os03g0107500"
23840,"Os10g0510000"
23841,"Os05g0485500"
23842,"Os05g0464300"
23843,"Os04g0565700"
23844,"Os07g0638300"
23845,"Os05g0427200"
23846,"23846"
23847,"Os04g0680800"
23848,"Os02g0741700"
23849,"Os12g0284000"
23850,"Os05g0302700"
23851,"Os01g0662600"
23852,"Os03g0719300"
23853,"Os02g0833100"
23854,"Os11g0102900"
23855,"Os02g0833200"
23856,"Os02g0484600"
23857,"Os09g0326800"
23858,"Os02g0709700"
23859,"Os02g0467600"
23860,"Os11g0582300"
23861,"Os08g0207500"
23862,"Os02g0654600"
23863,"Os07g0562900"
23864,"Os08g0123300"
23865,"Os06g0701900"
23866,"osa-miR156c"
23867,"Os11g0629200"
23868,"Os03g0160400"
23869,"Os07g0658300"
23870,"Os09g0397800"
23871,"Os03g0804300"
23872,"Os03g0618300"
23873,"Os07g0510100"
23874,"Os09g0356200"
23875,"Os07g0110400"
23876,"Os07g0205900"
23877,"Os04g0517100"
23878,"Os01g0790200"
23879,"Os01g0564000"
23880,"Os05g0478000"
23881,"23881"
23882,"Os01g0190400"
23883,"Os12g0479400"
23884,"Os03g0754800"
23885,"Os04g0655200"
23886,"Os12g0415400"
23887,"Os03g0385100"
23888,"Os04g0119000"
23889,"Os06g0227200"
23890,"Os06g0131100"
23891,"Os01g0643800"
23892,"Os06g0257500"
23893,"Os04g0137100"
23894,"Os10g0576600"
23895,"Os11g0139800"
23896,"Os02g0745200"
23897,"Os08g0155400"
23898,"Os12g0236400"
23899,"Os09g0420900"
23900,"Os01g0536400"
23901,"Os02g0179600"
23902,"Os04g0551600"
23903,"Os03g0135600"
23904,"Os05g0595200"
23905,"Os06g0538900"
23906,"Os07g0129700"
23907,"Os01g0130200"
23908,"Os12g0181500"
23909,"Os09g0339100"
23910,"Os02g0126400"
23911,"POsControl0013"
23912,"Os07g0640000"
23913,"Os02g0153500"
23914,"Os08g0547300"
23915,"Os01g0623900"
23916,"osa-miR395p"
23917,"Os01g0192300"
23918,"Os01g0203400"
23919,"Os01g0367300"
23920,"Os10g0181200"
23921,"Os09g0566500"
23922,"Os07g0680300"
23923,"Os12g0292400"
23924,"Os03g0101200"
23925,"Os09g0132200"
23926,"Os12g0573600"
23927,"Os08g0564300"
23928,"Os07g0252400"
23929,"Os10g0445400"
23930,"Os03g0643600"
23931,"Os05g0553400"
23932,"Os12g0584100"
23933,"Os04g0609600"
23934,"Os02g0830900"
23935,"Os12g0633900"
23936,"Os10g0480200"
23937,"Os04g0172600"
23938,"Os08g0404500"
23939,"Os01g0892600"
23940,"Os01g0174700"
23941,"Os03g0220300"
23942,"Os06g0148200"
23943,"Os05g0155100"
23944,"osa-miR395m"
23945,"Os06g0478600"
23946,"Os10g0497300"
23947,"Os03g0803300"
23948,"Os04g0608900"
23949,"Os06g0152200"
23950,"Os03g0108700"
23951,"Os07g0102200"
23952,"Os04g0147200"
23953,"Os01g0128700"
23954,"Os10g0497000"
23955,"23955"
23956,"Os01g0503400"
23957,"Os04g0107200"
23958,"Os01g0810200"
23959,"Os04g0311500"
23960,"Os02g0671400"
23961,"Os06g0326500"
23962,"Os11g0106400"
23963,"Os03g0237600"
23964,"Os07g0124500"
23965,"osa-miR160d"
23966,"Os04g0303900"
23967,"Os09g0508200"
23968,"Os02g0436400"
23969,"Os11g0512900"
23970,"Os12g0517400"
23971,"Os02g0734300"
23972,"Os07g0200000"
23973,"Os07g0436600"
23974,"Os06g0662000"
23975,"Os03g0702000"
23976,"Os07g0620300"
23977,"Os03g0264700"
23978,"Os03g0193000"
23979,"Os06g0153600"
23980,"Os02g0511800"
23981,"Os12g0427600"
23982,"Os06g0177100"
23983,"Os03g0307000"
23984,"Os04g0101400"
23985,"Os02g0622200"
23986,"Os04g0636600"
23987,"Os08g0242400"
23988,"Os05g0215000"
23989,"Os03g0847800"
23990,"Os08g0307400"
23991,"Os03g0279600"
23992,"Os11g0676800"
23993,"Os01g0729900"
23994,"Os01g0785700"
23995,"Os03g0788100"
23996,"Os08g0233300"
23997,"Os03g0278000"
23998,"Os05g0461000"
23999,"Os03g0815200"
24000,"Os08g0195800"
24001,"Os01g0172300"
24002,"Os12g0159400"
24003,"Os03g0136600"
24004,"Os06g0337100"
24005,"Os03g0817200"
24006,"Os03g0117000"
24007,"Os01g0613500"
24008,"Os02g0712700"
24009,"Os12g0532500"
24010,"Os09g0533900"
24011,"Os05g0588900"
24012,"osa-miR390"
24013,"POsControl0027"
24014,"Os07g0121400"
24015,"Os07g0659800"
24016,"Os02g0830700"
24017,"Os02g0666300"
24018,"Os05g0168400"
24019,"Os09g0553800"
24020,"Os02g0823800"
24021,"Os11g0198100"
24022,"Os02g0548700"
24023,"osa-miR171i"
24024,"Os09g0436000"
24025,"Os01g0801500"
24026,"Os04g0691000"
24027,"Os10g0565500"
24028,"Os02g0730700"
24029,"Os01g0686500"
24030,"Os08g0430600"
24031,"Os05g0453100"
24032,"osa-miR166m"
24033,"osa-miR397b"
24034,"Os02g0604300"
24035,"Os03g0640400"
24036,"Os02g0739000"
24037,"osa-miR418"
24038,"Os09g0556200"
24039,"Os01g0151700"
24040,"Os02g0784700"
24041,"Os01g0178600"
24042,"Os09g0364700"
24043,"Os02g0150900"
24044,"Os03g0305100"
24045,"Os01g0826900"
24046,"Os06g0320500"
24047,"Os07g0597000"
24048,"Os09g0413500"
24049,"Os06g0143900"
24050,"Os08g0564300"
24051,"Os05g0283600"
24052,"Os07g0419300"
24053,"Os04g0544100"
24054,"Os04g0398500"
24055,"Os01g0754100"
24056,"Os05g0596000"
24057,"Os05g0121400"
24058,"Os08g0398400"
24059,"Os06g0270200"
24060,"Os04g0151800"
24061,"Os08g0322400"
24062,"Os02g0219200"
24063,"Os02g0830100"
24064,"Os05g0325200"
24065,"Os11g0197400"
24066,"Os06g0724700"
24067,"Os11g0107500"
24068,"Os04g0129300"
24069,"Os12g0481000"
24070,"Os03g0734300"
24071,"Os10g0508100"
24072,"Os03g0299800"
24073,"osa-miR395n"
24074,"Os02g0789400"
24075,"Os01g0797900"
24076,"Os02g0110600"
24077,"Os02g0605000"
24078,"Os08g0530000"
24079,"Os09g0277800"
24080,"Os03g0658800"
24081,"osa-miR395w"
24082,"Os08g0300700"
24083,"Os11g0664100"
24084,"Os02g0804300"
24085,"Os02g0777700"
24086,"Os12g0215900"
24087,"Os03g0439500"
24088,"osa-miR395c"
24089,"Os02g0191800"
24090,"Os04g0496800"
24091,"Os01g0174300"
24092,"Os12g0159700"
24093,"Os04g0380300"
24094,"PAtControl0003"
24095,"Os01g0555300"
24096,"Os01g0611100"
24097,"Os10g0132700"
24098,"Os04g0438200"
24099,"Os12g0236600"
24100,"Os11g0703900"
24101,"Os01g0969300"
24102,"Os06g0505900"
24103,"Os04g0494400"
24104,"Os05g0545300"
24105,"Os01g0176100"
24106,"Os08g0250700"
24107,"Os12g0186700"
24108,"Os05g0528200"
24109,"Os11g0551900"
24110,"Os07g0682700"
24111,"Os03g0150800"
24112,"Os09g0447100"
24113,"Os03g0349100"
24114,"Os02g0208600"
24115,"POsControl0032"
24116,"Os01g0665500"
24117,"Os03g0710000"
24118,"Os07g0497400"
24119,"Os02g0602900"
24120,"Os02g0730000"
24121,"Os11g0598300"
24122,"Os11g0140600"
24123,"24123"
24124,"Os04g0107900"
24125,"Os11g0149700"
24126,"Os10g0393500"
24127,"Os09g0514400"
24128,"Os03g0234000"
24129,"Os01g0650200"
24130,"Os07g0569600"
24131,"Os04g0479200"
24132,"Os03g0607400"
24133,"Os09g0486700"
24134,"Os12g0563000"
24135,"Os07g0669700"
24136,"Os05g0595400"
24137,"Os11g0595100"
24138,"Os07g0633100"
24139,"Os01g0106400"
24140,"Os03g0411800"
24141,"Os05g0437900"
24142,"Os06g0336500"
24143,"Os10g0573900"
24144,"Os03g0296500"
24145,"Os04g0435200"
24146,"Os05g0467000"
24147,"Os01g0577300"
24148,"Os07g0657200"
24149,"Os12g0250900"
24150,"24150"
24151,"Os03g0835200"
24152,"Os01g0851100"
24153,"Os08g0200500"
24154,"Os05g0549600"
24155,"Os03g0141900"
24156,"Os06g0112300"
24157,"Os06g0625300"
24158,"Os03g0640400"
24159,"Os07g0190400"
24160,"Os12g0628300"
24161,"Os02g0771200"
24162,"Os01g0967800"
24163,"Os04g0459500"
24164,"Os01g0256500"
24165,"Os03g0764800"
24166,"Os03g0347300"
24167,"Os06g0129200"
24168,"Os06g0681700"
24169,"Os02g0743200"
24170,"Os12g0416300"
24171,"Os11g0158400"
24172,"POsControl0007"
24173,"24173"
24174,"Os11g0173300"
24175,"Os06g0331300"
24176,"Os04g0612900"
24177,"Os06g0137600"
24178,"Os03g0165300"
24179,"Os09g0507200"
24180,"Os02g0616100"
24181,"Os12g0514400"
24182,"Os12g0244700"
24183,"Os11g0127800"
24184,"Os06g0176000"
24185,"Os03g0255100"
24186,"Os03g0798600"
24187,"Os02g0727100"
24188,"Os03g0287700"
24189,"Os04g0345100"
24190,"Os03g0735500"
24191,"Os07g0291100"
24192,"Os03g0777700"
24193,"Os04g0374000"
24194,"Os05g0255600"
24195,"Os09g0246200"
24196,"Os12g0140000"
24197,"Os03g0717300"
24198,"osa-miR164b"
24199,"Os03g0171300"
24200,"Os04g0591000"
24201,"Os01g0614400"
24202,"Os02g0192700"
24203,"Os03g0800900"
24204,"Os03g0250400"
24205,"Os10g0418300"
24206,"Os08g0560300"
24207,"Os01g0576000"
24208,"Os03g0823000"
24209,"Os12g0588900"
24210,"Os08g0155100"
24211,"Os01g0680900"
24212,"Os01g0898300"
24213,"Os03g0208600"
24214,"Os08g0557700"
24215,"PAtControl0003"
24216,"Os09g0279100"
24217,"Os09g0517700"
24218,"Os02g0116600"
24219,"Os02g0462800"
24220,"Os02g0774500"
24221,"Os02g0182600"
24222,"Os02g0628600"
24223,"Os03g0351500"
24224,"Os03g0680800"
24225,"Os02g0157300"
24226,"Os03g0826500"
24227,"Os06g0477900"
24228,"Os03g0320500"
24229,"Os06g0570600"
24230,"Os02g0774300"
24231,"Os10g0578200"
24232,"Os01g0507000"
24233,"Os01g0914400"
24234,"Os08g0135800"
24235,"Os12g0133300"
24236,"Os06g0115500"
24237,"Os12g0131500"
24238,"Os12g0568000"
24239,"POsControl0022"
24240,"Os12g0549700"
24241,"Os09g0528000"
24242,"Os08g0205300"
24243,"Os12g0534000"
24244,"Os03g0701200"
24245,"Os12g0569100"
24246,"Os03g0275700"
24247,"Os04g0491900"
24248,"Os11g0602200"
24249,"Os01g0140400"
24250,"Os04g0600100"
24251,"Os03g0243100"
24252,"Os03g0438100"
24253,"Os10g0193500"
24254,"POsControl0015"
24255,"Os06g0320300"
24256,"Os04g0390500"
24257,"Os02g0820900"
24258,"Os07g0164000"
24259,"osa-miR166f"
24260,"Os03g0746500"
24261,"Os08g0206500"
24262,"Os06g0163500"
24263,"Os04g0516600"
24264,"Os03g0177300"
24265,"Os01g0690800"
24266,"Os07g0535700"
24267,"Os07g0637200"
24268,"Os02g0263300"
24269,"Os02g0646500"
24270,"Os11g0688200"
24271,"Os01g0646000"
24272,"Os02g0795900"
24273,"Os10g0466500"
24274,"Os01g0763100"
24275,"Os10g0198600"
24276,"osa-miR395n"
24277,"Os01g0217800"
24278,"Os04g0179100"
24279,"Os11g0514000"
24280,"Os05g0188500"
24281,"Os12g0600200"
24282,"Os02g0731700"
24283,"Os08g0430800"
24284,"Os08g0425500"
24285,"Os05g0443300"
24286,"Os08g0119300"
24287,"Os03g0265500"
24288,"Os02g0793300"
24289,"Os11g0606100"
24290,"Os11g0229500"
24291,"Os12g0132500"
24292,"Os12g0113500"
24293,"Os09g0449600"
24294,"Os03g0387000"
24295,"Os03g0399900"
24296,"Os05g0122800"
24297,"Os08g0374600"
24298,"Os03g0177000"
24299,"24299"
24300,"Os01g0867200"
24301,"Os01g0367400"
24302,"Os07g0620800"
24303,"Os11g0685600"
24304,"Os03g0266200"
24305,"Os10g0159800"
24306,"Os02g0787600"
24307,"Os05g0188700"
24308,"Os10g0137100"
24309,"Os03g0187300"
24310,"Os12g0534200"
24311,"Os05g0113500"
24312,"Os10g0557600"
24313,"Os10g0423500"
24314,"24314"
24315,"Os10g0204000"
24316,"Os11g0108100"
24317,"Os04g0611300"
24318,"Os03g0321800"
24319,"Os12g0569700"
24320,"Os02g0639900"
24321,"Os12g0180100"
24322,"Os02g0831100"
24323,"osa-miR399g"
24324,"Os03g0308800"
24325,"Os04g0559400"
24326,"Os02g0732800"
24327,"Os04g0219600"
24328,"Os05g0150600"
24329,"Os07g0539100"
24330,"Os03g0387500"
24331,"Os01g0348900"
24332,"Os03g0183000"
24333,"Os04g0546500"
24334,"Os09g0531600"
24335,"Os10g0375600"
24336,"Os01g0558600"
24337,"Os02g0613200"
24338,"Os03g0608700"
24339,"osa-miR443"
24340,"Os03g0338000"
24341,"osa-miR439e"
24342,"Os11g0101300"
24343,"Os07g0109300"
24344,"Os04g0283800"
24345,"Os11g0161800"
24346,"Os09g0278200"
24347,"Os03g0128200"
24348,"Os04g0608500"
24349,"Os03g0682600"
24350,"Os08g0440800"
24351,"Os03g0749900"
24352,"Os06g0591200"
24353,"Os05g0575800"
24354,"Os03g0287000"
24355,"Os06g0342200"
24356,"Os09g0368500"
24357,"Os02g0139600"
24358,"Os03g0635800"
24359,"Os05g0332300"
24360,"Os09g0436200"
24361,"Os08g0445700"
24362,"24362"
24363,"Os01g0653800"
24364,"Os05g0514300"
24365,"Os02g0807600"
24366,"Os02g0576600"
24367,"Os05g0324300"
24368,"Os03g0115400"
24369,"Os10g0494500"
24370,"Os04g0599900"
24371,"Os01g0697100"
24372,"Os08g0121900"
24373,"Os11g0118600"
24374,"Os07g0669200"
24375,"Os04g0252200"
24376,"Os12g0485000"
24377,"Os12g0552400"
24378,"Os04g0103200"
24379,"Os05g0414600"
24380,"Os09g0513100"
24381,"Os03g0264400"
24382,"24382"
24383,"Os02g0207900"
24384,"Os04g0529800"
24385,"Os07g0117800"
24386,"Os01g0895300"
24387,"Os04g0252400"
24388,"Os01g0149500"
24389,"Os07g0515100"
24390,"Os03g0666200"
24391,"Os12g0586400"
24392,"Os06g0659800"
24393,"Os11g0104400"
24394,"Os05g0239200"
24395,"Os01g0595100"
24396,"Os05g0114800"
24397,"Os04g0430000"
24398,"Os06g0598200"
24399,"Os02g0474500"
24400,"Os10g0360100"
24401,"Os01g0359400"
24402,"Os04g0405100"
24403,"Os11g0251200"
24404,"Os07g0188000"
24405,"Os02g0606100"
24406,"Os05g0427300"
24407,"Os05g0126800"
24408,"Os01g0830100"
24409,"Os01g0968600"
24410,"Os01g0201600"
24411,"Os05g0510300"
24412,"osa-miR156g"
24413,"Os04g0430400"
24414,"Os11g0707000"
24415,"Os07g0170900"
24416,"Os06g0653300"
24417,"Os06g0264300"
24418,"osa-miR172a"
24419,"Os04g0600200"
24420,"Os08g0510900"
24421,"Os09g0457100"
24422,"Os06g0684000"
24424,"Os03g0116300"
24425,"Os10g0406300"
24426,"Os06g0700300"
24427,"Os07g0147600"
24428,"Os07g0615400"
24429,"Os04g0531400"
24430,"Os07g0100500"
24431,"Os09g0440300"
24432,"Os03g0235100"
24433,"Os12g0572000"
24434,"Os09g0434000"
24435,"Os01g0871800"
24436,"Os01g0360200"
24437,"Os01g0227100"
24438,"Os06g0232400"
24439,"Os07g0517100"
24440,"Os01g0894300"
24441,"Os10g0150600"
24442,"Os03g0703100"
24443,"Os05g0419200"
24444,"Os08g0382400"
24445,"Os12g0443000"
24446,"Os09g0396900"
24447,"Os01g0254300"
24448,"Os02g0749100"
24449,"Os12g0556600"
24450,"Os01g0630900"
24451,"Os11g0310800"
24452,"Os06g0559400"
24453,"Os01g0392600"
24454,"Os07g0153400"
24455,"Os11g0114600"
24456,"Os01g0818200"
24457,"Os01g0710800"
24458,"Os12g0625000"
24459,"Os06g0349700"
24460,"Os02g0770000"
24461,"Os08g0321500"
24462,"Os04g0105700"
24463,"24463"
24464,"Os12g0579000"
24465,"Os08g0505200"
24466,"Os10g0469900"
24467,"Os09g0380300"
24468,"Os03g0773000"
24469,"Os06g0270900"
24470,"Os02g0296400"
24471,"Os08g0440000"
24472,"Os05g0566500"
24473,"Os02g0265400"
24474,"Os09g0484800"
24475,"osa-miR441c"
24476,"Os01g0708000"
24477,"Os01g0786000"
24478,"Os01g0106400"
24479,"Os05g0177000"
24480,"Os12g0269200"
24481,"Os07g0102100"
24482,"Os05g0283600"
24483,"Os08g0528100"
24484,"Os03g0113200"
24485,"Os07g0516600"
24486,"Os08g0374100"
24487,"Os01g0510800"
24488,"Os01g0545900"
24489,"Os07g0203300"
24490,"Os01g0111300"
24491,"Os12g0152600"
24492,"Os12g0541500"
24493,"Os05g0200400"
24494,"Os03g0275100"
24495,"Os02g0729300"
24496,"Os02g0628200"
24497,"Os07g0489300"
24498,"Os10g0417600"
24499,"Os07g0100600"
24500,"Os02g0480900"
24501,"Os07g0537200"
24502,"Os01g0137200"
24503,"Os01g0717000"
24504,"Os03g0145800"
24505,"Os05g0176100"
24506,"Os02g0611800"
24507,"Os02g0810200"
24508,"Os08g0396700"
24509,"PAtControl0003"
24510,"Os06g0212100"
24511,"Os01g0670400"
24512,"Os03g0838100"
24513,"Os02g0773700"
24514,"Os05g0474400"
24515,"Os01g0775200"
24516,"Os08g0377100"
24517,"Os01g0912600"
24518,"Os04g0679400"
24519,"osa-miR167d"
24520,"Os09g0553100"
24521,"Os12g0138600"
24522,"Os06g0704100"
24523,"POsControl0019"
24524,"Os08g0331900"
24525,"POsControl0008"
24526,"Os07g0185700"
24527,"Os05g0256100"
24528,"Os02g0246600"
24529,"Os04g0255700"
24530,"Os07g0670600"
24531,"Os02g0606000"
24532,"Os08g0404300"
24533,"POsControl0048"
24534,"Os01g0329400"
24535,"Os12g0416300"
24536,"Os10g0569000"
24537,"POsControl0007"
24538,"Os03g0215400"
24539,"Os03g0707900"
24540,"Os03g0265800"
24541,"Os07g0650600"
24542,"Os04g0690400"
24543,"Os01g0899100"
24544,"Os08g0508800"
24545,"Os04g0517100"
24546,"Os06g0300600"
24547,"Os05g0591900"
24548,"Os02g0699900"
24549,"Os07g0665900"
24550,"Os04g0320700"
24551,"Os02g0438200"
24552,"Os12g0567000"
24553,"Os10g0150300"
24554,"Os06g0644400"
24555,"Os04g0119500"
24556,"Os06g0130000"
24557,"Os01g0672400"
24558,"Os04g0480700"
24559,"Os02g0598200"
24560,"Os12g0498300"
24561,"Os04g0306800"
24562,"Os04g0166600"
24563,"Os06g0704400"
24564,"Os06g0564000"
24565,"Os03g0689300"
24566,"Os02g0651500"
24567,"Os08g0441400"
24568,"Os06g0148900"
24569,"Os09g0101200"
24570,"Os05g0230900"
24571,"Os02g0591600"
24572,"Os02g0326100"
24573,"Os06g0621900"
24574,"Os03g0239200"
24575,"Os05g0155200"
24576,"Os08g0113100"
24577,"Os08g0548200"
24578,"Os09g0364000"
24579,"Os06g0138900"
24580,"Os07g0592600"
24581,"Os01g0346600"
24582,"Os05g0150900"
24583,"Os05g0135900"
24584,"Os05g0212900"
24585,"Os11g0544100"
24586,"Os08g0556500"
24587,"Os05g0176100"
24588,"Os02g0592300"
24589,"Os04g0450100"
24590,"Os04g0502900"
24591,"Os05g0494700"
24592,"Os06g0193400"
24593,"Os04g0402300"
24594,"Os10g0359500"
24595,"Os01g0668100"
24596,"Os10g0530200"
24597,"Os04g0440000"
24598,"Os03g0154100"
24599,"Os07g0629500"
24600,"Os07g0553900"
24601,"Os07g0572900"
24602,"Os06g0499500"
24603,"Os08g0456200"
24604,"Os09g0351700"
24605,"Os01g0139200"
24606,"Os01g0921300"
24607,"Os05g0438600"
24608,"Os07g0283200"
24609,"Os02g0107800"
24610,"Os04g0407500"
24611,"Os10g0190100"
24612,"POsControl0008"
24613,"Os06g0553100"
24614,"Os08g0439200"
24615,"Os10g0434300"
24616,"Os01g0229900"
24617,"Os11g0708600"
24618,"Os06g0127500"
24619,"Os02g0160500"
24620,"Os08g0301500"
24621,"Os07g0459200"
24622,"Os08g0477600"
24623,"Os01g0747700"
24624,"Os11g0572500"
24625,"Os02g0637200"
24626,"Os02g0150300"
24627,"Os06g0132100"
24628,"Os11g0104200"
24629,"Os11g0674500"
24630,"Os08g0160300"
24631,"Os07g0491900"
24632,"Os11g0220800"
24633,"Os04g0105700"
24635,"Os09g0380600"
24636,"Os03g0577000"
24637,"Os08g0219100"
24638,"Os10g0425400"
24639,"Os01g0820300"
24640,"Os03g0750000"
24641,"Os02g0560200"
24642,"Os02g0167300"
24643,"Os01g0279400"
24644,"Os01g0715400"
24645,"Os09g0361700"
24646,"Os11g0473000"
24647,"Os01g0708500"
24648,"Os09g0453800"
24649,"Os03g0234200"
24650,"Os01g0115600"
24651,"Os11g0561100"
24652,"Os01g0266800"
24653,"Os08g0157400"
24654,"Os04g0270200"
24655,"Os08g0187700"
24656,"Os07g0694500"
24657,"Os12g0632800"
24658,"Os09g0442300"
24659,"Os06g0287700"
24660,"Os10g0380100"
24661,"Os03g0606200"
24662,"Os06g0163400"
24663,"Os06g0660600"
24664,"Os03g0744800"
24665,"Os09g0461500"
24666,"Os03g0819900"
24667,"Os04g0179700"
24668,"Os03g0600600"
24669,"Os06g0170500"
24670,"Os07g0615000"
24671,"osa-miR399f"
24672,"Os08g0412700"
24673,"Os02g0774700"
24674,"Os06g0206900"
24675,"Os04g0508300"
24676,"Os03g0333000"
24677,"24677"
24678,"Os02g0636300"
24679,"osa-miR399k"
24680,"Os08g0558400"
24681,"Os01g0714800"
24682,"Os12g0586100"
24683,"Os03g0754200"
24684,"Os02g0117600"
24685,"Os03g0437600"
24686,"Os02g0763300"
24687,"PZmControl0001"
24688,"Os11g0533000"
24689,"Os01g0672800"
24690,"Os06g0234200"
24691,"Os10g0533800"
24692,"Os02g0139100"
24693,"Os03g0128000"
24694,"Os09g0489500"
24695,"Os07g0654500"
24696,"Os01g0271200"
24697,"Os01g0116900"
24698,"Os03g0188000"
24699,"Os04g0311100"
24700,"Os05g0334400"
24701,"Os02g0460200"
24702,"Os11g0661000"
24703,"Os11g0233800"
24704,"Os05g0595500"
24705,"Os01g0541600"
24706,"Os06g0234700"
24707,"Os01g0655400"
24708,"Os08g0414200"
24709,"Os06g0731400"
24710,"POsControl0034"
24711,"Os06g0498400"
24712,"Os01g0369500"
24713,"Os09g0369500"
24714,"Os12g0438900"
24715,"Os11g0605900"
24716,"Os03g0567600"
24717,"Os03g0861400"
24718,"Os02g0618200"
24719,"Os03g0602300"
24720,"Os03g0135700"
24721,"Os06g0108900"
24722,"Os02g0575000"
24723,"Os08g0174000"
24724,"Os02g0820000"
24725,"Os06g0153200"
24726,"Os08g0103300"
24727,"Os11g0296500"
24728,"Os02g0433100"
24729,"Os12g0641100"
24730,"Os01g0737800"
24731,"Os03g0126100"
24732,"Os04g0539800"
24733,"Os12g0618800"
24734,"Os02g0644000"
24735,"Os03g0221800"
24736,"Os12g0582700"
24737,"Os03g0347200"
24738,"PAtControl0001"
24739,"Os01g0151200"
24740,"Os04g0491700"
24741,"Os11g0227000"
24742,"Os03g0851600"
24743,"Os08g0242800"
24744,"Os08g0521000"
24745,"24745"
24746,"Os05g0394900"
24747,"Os02g0127700"
24748,"Os03g0344300"
24749,"Os07g0239400"
24750,"Os04g0118700"
24751,"Os04g0180900"
24752,"Os01g0505600"
24753,"Os08g0561700"
24754,"Os07g0578300"
24755,"Os10g0209300"
24756,"osa-miR160b"
24757,"Os05g0103200"
24758,"Os05g0382900"
24759,"Os05g0142000"
24760,"Os04g0518100"
24761,"Os03g0695700"
24762,"Os05g0344200"
24763,"Os02g0687600"
24764,"Os08g0408500"
24765,"Os01g0725000"
24766,"Os03g0219700"
24767,"Os04g0676700"
24768,"Os10g0171400"
24769,"Os08g0496000"
24770,"Os01g0858000"
24771,"Os12g0518000"
24772,"Os11g0626700"
24773,"Os03g0309800"
24774,"Os08g0542600"
24775,"Os03g0571900"
24776,"Os10g0561400"
24777,"Os08g0346400"
24778,"Os03g0797000"
24779,"Os05g0223000"
24780,"Os09g0482400"
24781,"Os02g0489800"
24782,"Os01g0557500"
24783,"Os03g0333100"
24784,"Os05g0171900"
24785,"Os08g0562100"
24786,"Os03g0297400"
24787,"Os06g0209300"
24788,"Os04g0398900"
24789,"Os11g0267400"
24790,"Os02g0108100"
24791,"Os01g0369700"
24792,"Os01g0857900"
24793,"Os08g0507400"
24794,"Os06g0303600"
24795,"Os05g0552500"
24796,"Os12g0285100"
24797,"Os11g0242800"
24798,"Os05g0556300"
24799,"Os05g0410900"
24800,"Os04g0566800"
24801,"Os09g0570100"
24802,"Os04g0134800"
24803,"Os04g0288100"
24804,"Os03g0722400"
24805,"Os06g0111400"
24806,"Os03g0180700"
24807,"Os04g0118800"
24808,"Os07g0691200"
24809,"Os02g0290000"
24810,"Os04g0684200"
24811,"Os03g0211100"
24812,"Os02g0780500"
24813,"Os08g0249900"
24814,"Os07g0218200"
24815,"Os02g0266100"
24816,"Os01g0695800"
24817,"Os02g0188500"
24818,"Os02g0601400"
24819,"Os07g0632600"
24820,"Os01g0605100"
24821,"Os05g0531200"
24822,"Os02g0217400"
24823,"Os10g0545800"
24824,"Os05g0123100"
24825,"Os09g0309700"
24826,"Os03g0861800"
24827,"Os06g0701300"
24828,"Os12g0147800"
24829,"Os03g0720800"
24830,"Os01g0196500"
24831,"Os02g0256100"
24832,"Os05g0361900"
24833,"Os08g0119500"
24834,"Os03g0688200"
24835,"Os01g0826400"
24836,"Os02g0623500"
24837,"Os03g0281100"
24838,"Os07g0170300"
24839,"Os10g0444600"
24840,"Os05g0555800"
24841,"24841"
24842,"Os04g0578300"
24843,"Os01g0855800"
24844,"Os02g0186500"
24845,"Os01g0231900"
24846,"24846"
24847,"Os03g0851100"
24848,"Os02g0563800"
24849,"Os11g0645400"
24850,"Os01g0650000"
24851,"Os03g0801700"
24852,"Os08g0468100"
24853,"Os02g0630600"
24854,"Os01g0280600"
24855,"Os08g0106000"
24856,"Os04g0622800"
24857,"Os03g0401100"
24858,"osa-miR396a"
24859,"Os03g0266300"
24860,"Os06g0223700"
24861,"Os11g0147500"
24862,"Os10g0476700"
24863,"Os06g0261300"
24864,"Os02g0272600"
24865,"Os12g0590400"
24866,"Os01g0601200"
24867,"Os04g0540500"
24868,"Os03g0219200"
24869,"Os01g0521400"
24870,"Os02g0168500"
24871,"Os07g0662800"
24872,"osa-miR167f"
24873,"Os05g0237700"
24874,"24874"
24875,"Os02g0217600"
24876,"Os07g0585000"
24877,"Os07g0162300"
24878,"Os06g0617800"
24879,"Os06g0720000"
24880,"Os03g0284100"
24881,"Os11g0647800"
24882,"osa-miR528"
24883,"Os11g0149400"
24884,"Os08g0323600"
24885,"Os06g0146500"
24886,"Os08g0396200"
24887,"Os07g0100900"
24888,"Os01g0677000"
24889,"Os09g0458100"
24890,"Os06g0714800"
24891,"Os01g0627600"
24892,"Os03g0721400"
24893,"Os07g0191700"
24894,"Os02g0612300"
24895,"Os04g0202700"
24896,"Os04g0141500"
24897,"Os12g0497400"
24898,"Os06g0727300"
24899,"Os05g0149400"
24900,"Os10g0333700"
24901,"Os02g0756600"
24902,"Os08g0434000"
24903,"24903"
24904,"Os10g0478100"
24905,"Os12g0554400"
24906,"Os08g0504500"
24907,"Os09g0381400"
24908,"Os11g0615900"
24909,"POsControl0033"
24910,"Os02g0196700"
24911,"Os06g0547900"
24912,"Os01g0805300"
24913,"Os02g0661800"
24914,"Os09g0294300"
24915,"Os10g0508300"
24916,"Os04g0589200"
24917,"Os06g0168700"
24918,"Os05g0180600"
24919,"Os06g0352200"
24920,"Os11g0172700"
24921,"Os12g0116000"
24922,"Os09g0526800"
24923,"Os12g0103500"
24924,"Os12g0516900"
24925,"Os11g0170400"
24926,"Os02g0674800"
24927,"Os05g0337100"
24928,"Os08g0535800"
24929,"Os07g0676600"
24930,"Os06g0658800"
24931,"Os05g0560200"
24932,"Os01g0217000"
24933,"Os12g0221600"
24934,"Os03g0162900"
24935,"Os08g0130500"
24936,"Os06g0667500"
24937,"Os01g0730400"
24938,"Os04g0106000"
24939,"Os03g0264300"
24940,"Os01g0795800"
24941,"Os04g0645700"
24942,"Os05g0452900"
24943,"Os02g0813000"
24944,"Os02g0226200"
24945,"Os08g0127900"
24946,"Os08g0557500"
24947,"Os02g0487000"
24948,"Os09g0572900"
24949,"osa-miR439a"
24950,"Os01g0353500"
24951,"Os02g0574800"
24952,"Os01g0874800"
24953,"Os06g0522600"
24954,"Os01g0890800"
24955,"Os04g0119200"
24956,"Os03g0664400"
24957,"Os02g0537400"
24958,"Os11g0589800"
24959,"Os09g0334600"
24960,"Os03g0128500"
24961,"Os07g0592300"
24962,"Os01g0673600"
24963,"Os07g0619800"
24964,"Os04g0284100"
24965,"Os01g0694200"
24966,"Os03g0118100"
24967,"Os04g0533300"
24968,"Os03g0353400"
24969,"Os11g0687800"
24970,"24970"
24971,"Os01g0184900"
24972,"Os01g0872800"
24973,"Os10g0100500"
24974,"Os05g0540900"
24975,"osa-miR166n"
24976,"Os12g0234000"
24977,"Os07g0693500"
24978,"Os08g0421500"
24979,"Os11g0544000"
24980,"Os04g0501800"
24981,"Os12g0153900"
24982,"Os03g0120100"
24983,"Os02g0777100"
24984,"Os08g0494300"
24985,"Os10g0460900"
24986,"24986"
24987,"Os01g0310400"
24988,"Os03g0441000"
24989,"Os10g0180000"
24990,"Os05g0158400"
24991,"Os02g0496100"
24992,"Os01g0208600"
24993,"Os01g0159600"
24994,"24994"
24995,"Os06g0635200"
24996,"Os02g0566500"
24997,"Os01g0973000"
24998,"Os01g0148200"
24999,"Os05g0155100"
25000,"Os01g0831700"
25001,"Os01g0633200"
25002,"Os08g0374100"
25003,"Os11g0643600"
25004,"Os03g0821300"
25005,"osa-miR408"
25006,"Os09g0455300"
25007,"Os03g0366700"
25008,"Os02g0127600"
25009,"Os01g0343200"
25010,"Os06g0140100"
25011,"Os04g0631400"
25012,"Os10g0561100"
25013,"Os07g0657900"
25014,"Os06g0646600"
25015,"Os04g0533000"
25016,"Os03g0241100"
25017,"Os12g0581700"
25018,"Os02g0515200"
25019,"Os11g0706100"
25020,"Os08g0198600"
25021,"osa-miR439b"
25022,"Os06g0367900"
25023,"Os02g0571900"
25024,"Os01g0738800"
25025,"25025"
25026,"Os09g0426100"
25027,"Os08g0342400"
25028,"Os12g0139500"
25029,"Os03g0718100"
25030,"25030"
25031,"Os02g0726400"
25032,"Os04g0122000"
25033,"Os04g0284500"
25034,"Os10g0580900"
25035,"Os04g0661700"
25036,"Os01g0546100"
25037,"Os04g0662800"
25038,"Os04g0133000"
25039,"Os10g0512800"
25040,"Os12g0420400"
25041,"Os05g0115800"
25042,"Os08g0344300"
25043,"Os11g0245100"
25044,"Os07g0524200"
25045,"Os03g0387800"
25046,"Os02g0236800"
25047,"Os02g0673600"
25048,"Os06g0165200"
25049,"Os02g0693400"
25050,"Os05g0593100"
25051,"Os03g0428700"
25052,"Os04g0531100"
25053,"Os11g0257200"
25054,"Os11g0693900"
25055,"Os11g0229500"
25056,"Os03g0826700"
25057,"Os05g0404400"
25058,"Os06g0725000"
25059,"Os08g0457600"
25060,"Os06g0113600"
25061,"25061"
25062,"Os10g0556100"
25063,"Os03g0758300"
25064,"Os12g0235300"
25065,"Os03g0169700"
25066,"Os05g0497700"
25067,"Os07g0469200"
25068,"Os02g0599200"
25069,"Os12g0161700"
25070,"Os02g0593900"
25071,"Os03g0338200"
25072,"Os01g0709500"
25073,"Os06g0321900"
25074,"Os03g0727900"
25075,"Os02g0540000"
25076,"Os05g0545600"
25077,"Os05g0594800"
25078,"Os11g0131100"
25079,"Os02g0753500"
25080,"Os02g0245100"
25081,"Os02g0125300"
25082,"Os02g0698000"
25083,"Os01g0509400"
25084,"Os03g0109000"
25085,"Os04g0684900"
25086,"Os03g0167500"
25087,"Os09g0532900"
25088,"Os09g0529400"
25089,"Os04g0534200"
25090,"Os01g0866600"
25091,"Os01g0588200"
25092,"Os07g0603100"
25093,"Os03g0257000"
25094,"Os12g0249900"
25095,"Os08g0542900"
25096,"Os01g0175500"
25097,"Os01g0287700"
25098,"Os04g0295000"
25099,"Os01g0718300"
25100,"Os03g0738700"
25101,"Os02g0729500"
25102,"Os09g0454100"
25103,"Os08g0400800"
25104,"Os02g0762700"
25105,"Os06g0685000"
25106,"Os10g0165000"
25107,"Os02g0265700"
25108,"Os09g0555600"
25109,"Os06g0125300"
25110,"Os04g0450300"
25111,"Os11g0657000"
25112,"25112"
25113,"Os03g0206800"
25114,"Os05g0427200"
25115,"Os07g0654300"
25116,"Os05g0123000"
25117,"Os01g0235400"
25118,"Os01g0762900"
25119,"Os06g0500700"
25120,"Os08g0218700"
25121,"Os01g0811400"
25122,"Os01g0730900"
25123,"Os05g0130600"
25124,"Os05g0553700"
25125,"Os03g0431600"
25126,"Os02g0626100"
25127,"Os04g0393300"
25128,"Os04g0617100"
25129,"Os05g0558800"
25130,"Os07g0687200"
25131,"Os11g0592100"
25132,"25132"
25133,"Os10g0482600"
25134,"Os02g0648000"
25135,"POsControl0010"
25136,"Os08g0102100"
25137,"Os03g0219800"
25138,"Os01g0737800"
25139,"Os10g0563300"
25140,"Os02g0167600"
25141,"Os02g0728500"
25142,"Os06g0128300"
25143,"Os03g0157500"
25144,"PAtControl0003"
25145,"Os10g0109300"
25146,"Os09g0444500"
25147,"Os07g0108900"
25148,"Os03g0383700"
25149,"Os08g0293900"
25150,"Os02g0135000"
25151,"Os10g0188000"
25152,"Os06g0722200"
25153,"Os01g0116500"
25154,"Os11g0147700"
25155,"Os08g0405700"
25156,"Os02g0740400"
25157,"Os03g0323900"
25158,"Os07g0162600"
25159,"Os11g0602600"
25160,"Os09g0524300"
25161,"Os02g0729400"
25162,"Os03g0793700"
25163,"POsControl0030"
25164,"Os06g0225000"
25165,"Os03g0115000"
25166,"PTaControl0001"
25167,"Os01g0658400"
25168,"Os11g0482000"
25169,"Os09g0251100"
25170,"Os05g0489200"
25171,"25171"
25172,"Os01g0245800"
25173,"Os10g0346400"
25174,"Os03g0135300"
25175,"Os03g0410300"
25176,"Os10g0437200"
25177,"Os01g0166200"
25178,"Os05g0449500"
25179,"Os12g0125300"
25180,"Os05g0235500"
25181,"Os02g0721600"
25182,"Os02g0771600"
25183,"Os07g0559000"
25184,"Os03g0228400"
25185,"Os12g0638900"
25186,"Os04g0683100"
25187,"Os08g0457600"
25188,"Os02g0800400"
25189,"Os12g0431700"
25190,"Os01g0699500"
25191,"Os07g0628700"
25192,"Os03g0115700"
25193,"Os10g0447400"
25194,"Os05g0144900"
25195,"Os07g0444000"
25196,"Os12g0489400"
25197,"Os07g0690500"
25198,"Os05g0244400"
25199,"Os03g0584800"
25200,"Os06g0155300"
25201,"Os04g0669700"
25202,"Os11g0543600"
25203,"Os03g0439500"
25204,"Os06g0125300"
25205,"Os08g0392300"
25206,"Os06g0634100"
25207,"Os11g0578500"
25208,"Os09g0406700"
25209,"Os06g0564800"
25210,"Os02g0699000"
25211,"Os03g0833300"
25212,"Os09g0261900"
25213,"Os03g0726200"
25214,"Os02g0452800"
25215,"Os05g0372400"
25216,"Os02g0158100"
25217,"Os12g0259800"
25218,"Os10g0555600"
25219,"Os03g0801600"
25220,"Os03g0773700"
25221,"Os02g0735200"
25222,"Os06g0137300"
25223,"Os08g0386900"
25224,"Os11g0438000"
25225,"Os03g0165400"
25226,"Os03g0210600"
25227,"Os01g0367100"
25228,"Os09g0368200"
25229,"Os02g0235200"
25230,"Os01g0523500"
25231,"POsControl0029"
25232,"Os05g0391200"
25233,"Os02g0243300"
25234,"Os11g0289700"
25235,"Os04g0330300"
25236,"Os06g0722600"
25237,"25237"
25238,"Os03g0758100"
25239,"Os03g0599500"
25240,"Os07g0604300"
25241,"Os05g0443500"
25242,"Os06g0279600"
25243,"Os03g0657400"
25244,"Os03g0859800"
25245,"Os08g0441600"
25246,"Os07g0294700"
25247,"25247"
25248,"Os09g0452200"
25249,"Os10g0529700"
25250,"Os03g0246800"
25251,"Os09g0298500"
25252,"Os08g0483600"
25253,"Os01g0898600"
25254,"Os12g0498800"
25255,"Os06g0212500"
25256,"Os03g0283000"
25257,"Os02g0664200"
25258,"Os01g0253200"
25259,"Os12g0266000"
25260,"Os09g0240500"
25261,"Os06g0351700"
25262,"Os10g0563100"
25263,"Os04g0313300"
25264,"Os05g0554300"
25265,"Os09g0490400"
25266,"Os10g0345100"
25267,"Os09g0266000"
25268,"Os04g0260100"
25269,"Os03g0109300"
25270,"Os09g0439700"
25271,"Os12g0208700"
25272,"Os01g0159300"
25273,"Os03g0101300"
25274,"Os09g0120800"
25275,"Os04g0470300"
25276,"Os03g0663400"
25277,"Os01g0105400"
25278,"Os02g0759500"
25279,"Os08g0248800"
25280,"Os07g0663900"
25281,"Os12g0121000"
25282,"Os05g0427300"
25283,"Os11g0621500"
25284,"Os01g0257100"
25285,"Os01g0732300"
25286,"Os02g0833500"
25287,"Os09g0355400"
25288,"Os05g0481400"
25289,"Os06g0711600"
25290,"Os06g0572400"
25291,"Os03g0344900"
25292,"osa-miR156i"
25293,"Os04g0561700"
25294,"Os03g0207200"
25295,"Os07g0137900"
25296,"Os04g0231200"
25297,"Os12g0136500"
25298,"Os05g0565000"
25299,"Os04g0535200"
25300,"Os11g0264200"
25301,"Os04g0271000"
25302,"Os01g0256600"
25303,"Os05g0172000"
25304,"Os04g0310800"
25305,"Os11g0121500"
25306,"Os07g0605400"
25307,"Os08g0438600"
25308,"Os06g0638100"
25309,"Os07g0214300"
25310,"Os08g0396700"
25311,"Os01g0199700"
25312,"Os07g0222300"
25313,"Os01g0559000"
25314,"Os04g0103800"
25315,"Os06g0659500"
25316,"Os08g0431100"
25317,"Os03g0245700"
25318,"Os06g0702100"
25319,"Os11g0502700"
25320,"Os06g0646400"
25321,"Os02g0458100"
25322,"Os11g0185800"
25323,"Os05g0565200"
25324,"Os01g0772600"
25325,"Os03g0732200"
25326,"Os04g0390500"
25327,"Os05g0590000"
25328,"Os05g0468700"
25329,"Os08g0428400"
25330,"Os01g0695900"
25331,"25331"
25332,"Os03g0825400"
25333,"Os12g0622500"
25334,"Os05g0462600"
25335,"Os04g0521800"
25336,"Os06g0666100"
25337,"Os05g0137200"
25338,"Os10g0377400"
25339,"Os09g0425500"
25340,"25340"
25341,"Os04g0401000"
25342,"Os10g0542200"
25343,"Os11g0534300"
25344,"Os11g0625700"
25345,"Os02g0735200"
25346,"Os02g0145200"
25347,"Os03g0411100"
25348,"Os04g0387900"
25349,"Os11g0311600"
25350,"Os09g0505200"
25351,"Os01g0768100"
25352,"Os08g0235800"
25353,"Os08g0446800"
25354,"Os05g0163600"
25355,"Os04g0523200"
25356,"Os05g0511500"
25357,"POsControl0007"
25358,"Os08g0491400"
25359,"Os09g0546300"
25360,"Os07g0481000"
25361,"Os12g0429900"
25362,"Os02g0197600"
25363,"Os10g0532600"
25364,"Os08g0566000"
25365,"Os11g0546000"
25366,"Os01g0126200"
25367,"Os04g0537900"
25368,"Os08g0532800"
25369,"Os02g0270200"
25370,"Os03g0362200"
25371,"Os09g0443500"
25372,"Os02g0121300"
25373,"Os11g0513700"
25374,"Os03g0702800"
25375,"Os10g0530600"
25376,"Os04g0531600"
25377,"Os05g0324700"
25378,"Os04g0423200"
25379,"Os02g0328200"
25380,"Os05g0149000"
25381,"Os03g0231700"
25382,"Os04g0247500"
25383,"POsControl0007"
25384,"Os03g0812000"
25385,"Os09g0421500"
25386,"Os09g0531900"
25387,"Os04g0477300"
25388,"Os09g0397100"
25389,"Os10g0158000"
25390,"Os03g0232600"
25391,"Os07g0250100"
25392,"Os01g0123900"
25393,"Os07g0260000"
25394,"Os07g0669000"
25395,"Os07g0490300"
25396,"Os01g0321300"
25397,"Os07g0687200"
25398,"Os11g0653300"
25399,"Os02g0829500"
25400,"Os07g0546000"
25401,"Os01g0120800"
25402,"Os01g0902700"
25403,"Os05g0217800"
25404,"Os05g0503000"
25405,"Os09g0442300"
25406,"Os05g0550800"
25407,"Os05g0550000"
25408,"Os07g0641700"
25409,"Os06g0624700"
25410,"Os08g0519700"
25411,"Os03g0249900"
25412,"Os01g0359400"
25413,"Os03g0267300"
25414,"osa-miR395s"
25415,"Os07g0622000"
25416,"Os02g0312600"
25417,"Os01g0588200"
25418,"Os01g0938900"
25419,"Os03g0269800"
25420,"Os12g0158800"
25421,"Os01g0841400"
25422,"Os06g0602200"
25423,"Os05g0477300"
25424,"Os11g0243400"
25425,"Os01g0902800"
25426,"Os03g0799900"
25427,"Os06g0192600"
25428,"Os01g0245700"
25429,"Os06g0560000"
25430,"Os11g0282300"
25431,"Os01g0594300"
25432,"Os01g0195700"
25433,"Os09g0359900"
25434,"Os01g0373500"
25435,"Os04g0286600"
25436,"Os04g0465500"
25437,"Os06g0151100"
25438,"Os12g0438600"
25439,"Os08g0323700"
25440,"Os03g0786800"
25441,"Os02g0698100"
25442,"Os06g0658300"
25443,"Os06g0250300"
25444,"Os02g0650500"
25445,"Os07g0180000"
25446,"Os06g0140800"
25447,"Os01g0894700"
25448,"POsControl0037"
25449,"Os05g0128100"
25450,"Os05g0507300"
25451,"Os02g0727500"
25452,"Os08g0461400"
25453,"Os02g0291000"
25454,"Os05g0270200"
25455,"Os01g0892400"
25456,"Os01g0815700"
25457,"Os03g0200500"
25458,"Os05g0165900"
25459,"Os06g0502900"
25460,"Os07g0502900"
25461,"Os06g0113900"
25462,"Os01g0224100"
25463,"Os04g0679400"
25464,"Os02g0654500"
25465,"Os08g0431700"
25466,"Os01g0713200"
25467,"Os12g0207300"
25468,"Os02g0174100"
25469,"Os12g0118700"
25470,"Os03g0201300"
25471,"Os07g0458900"
25472,"Os12g0186600"
25473,"Os02g0317400"
25474,"Os01g0558900"
25475,"Os04g0484300"
25476,"Os08g0118500"
25477,"Os12g0115100"
25478,"Os02g0280700"
25479,"Os02g0795300"
25480,"Os01g0108400"
25481,"Os08g0153900"
25482,"Os11g0591600"
25483,"Os12g0506700"
25484,"Os05g0153000"
25485,"Os08g0296900"
25486,"Os02g0529500"
25487,"Os11g0486000"
25488,"Os11g0528600"
25489,"Os10g0579600"
25490,"Os01g0323400"
25491,"Os06g0131300"
25492,"Os09g0492700"
25493,"Os02g0206100"
25494,"Os08g0430100"
25495,"Os12g0407500"
25496,"Os09g0411600"
25497,"Os03g0367900"
25498,"Os09g0518900"
25499,"Os01g0923400"
25500,"Os01g0963000"
25501,"Os04g0395100"
25502,"Os09g0298400"
25503,"Os04g0678700"
25504,"Os05g0535100"
25505,"Os03g0291800"
25506,"Os07g0541600"
25507,"Os05g0493100"
25508,"Os03g0166800"
25509,"Os07g0168900"
25510,"Os01g0106400"
25511,"Os08g0163500"
25512,"Os11g0705900"
25513,"Os06g0176200"
25514,"Os08g0527800"
25515,"Os07g0634200"
25516,"Os03g0129900"
25517,"Os01g0147400"
25518,"osa-miR160c"
25519,"Os08g0356500"
25520,"Os06g0155900"
25521,"Os08g0484200"
25522,"Os07g0577400"
25523,"Os11g0138700"
25524,"Os03g0806900"
25525,"Os11g0228800"
25526,"Os01g0283400"
25527,"Os07g0448800"
25528,"Os12g0433700"
25529,"Os03g0175200"
25530,"Os04g0397100"
25531,"25531"
25532,"Os08g0226800"
25533,"Os03g0851500"
25534,"Os03g0822200"
25535,"Os01g0135800"
25536,"Os01g0878300"
25537,"Os09g0509400"
25538,"Os04g0243500"
25539,"Os02g0496900"
25540,"Os01g0832200"
25541,"Os03g0108700"
25542,"25542"
25543,"osa-miR167d"
25544,"Os12g0204700"
25545,"Os03g0797300"
25546,"Os07g0177100"
25547,"Os05g0210400"
25548,"Os10g0167300"
25549,"Os04g0107600"
25550,"osa-miR172a"
25551,"Os11g0106200"
25552,"Os05g0358500"
25553,"Os04g0636800"
25554,"osa-miR528"
25555,"Os06g0264800"
25556,"Os04g0191000"
25557,"Os08g0461000"
25558,"Os01g0202900"
25559,"Os03g0419100"
25560,"Os02g0799400"
25561,"Os10g0113000"
25562,"25562"
25563,"Os05g0402200"
25564,"Os01g0943700"
25565,"Os10g0489000"
25566,"Os02g0158300"
25567,"Os06g0671600"
25568,"Os08g0468400"
25569,"Os12g0438600"
25570,"Os05g0446500"
25571,"Os11g0656100"
25572,"25572"
25573,"Os02g0114400"
25574,"Os06g0610400"
25575,"Os02g0481400"
25576,"Os07g0252200"
25577,"Os09g0570900"
25578,"Os02g0707000"
25579,"Os02g0317800"
25580,"Os04g0458200"
25581,"Os09g0508500"
25582,"Os10g0402200"
25583,"Os09g0482100"
25584,"Os09g0295100"
25585,"Os02g0583700"
25586,"Os03g0289100"
25587,"Os01g0961600"
25588,"Os01g0176400"
25589,"Os04g0566300"
25590,"Os02g0125900"
25591,"Os05g0209400"
25592,"Os04g0507000"
25593,"Os01g0894100"
25594,"Os06g0216700"
25595,"Os03g0192300"
25596,"Os04g0203400"
25597,"Os01g0882000"
25598,"Os08g0112500"
25599,"Os02g0716100"
25600,"Os04g0669200"
25601,"Os12g0608500"
25602,"Os06g0716800"
25603,"POsControl0046"
25604,"Os02g0154200"
25605,"Os07g0669800"
25606,"Os08g0414600"
25607,"Os06g0493700"
25608,"Os01g0123500"
25609,"Os04g0586200"
25610,"Os03g0107600"
25611,"Os07g0213400"
25612,"Os05g0564300"
25613,"Os05g0491100"
25614,"Os05g0494900"
25615,"Os06g0106000"
25616,"Os07g0416100"
25617,"Os06g0656500"
25618,"Os08g0290400"
25619,"Os05g0586100"
25620,"Os09g0345700"
25621,"Os01g0800000"
25622,"Os02g0108400"
25623,"Os03g0312600"
25624,"Os09g0520800"
25625,"Os02g0209400"
25626,"Os10g0147900"
25627,"Os05g0387200"
25628,"Os11g0491600"
25629,"Os02g0750800"
25630,"Os05g0293600"
25631,"Os02g0625500"
25632,"Os10g0154700"
25633,"Os03g0746000"
25634,"Os11g0437600"
25635,"Os07g0585800"
25636,"Os04g0398600"
25637,"Os01g0822900"
25638,"Os05g0559400"
25639,"Os04g0686200"
25640,"Os11g0582400"
25641,"Os02g0625500"
25642,"Os11g0111000"
25643,"Os03g0160100"
25644,"Os01g0949700"
25645,"Os05g0129000"
25646,"Os01g0819300"
25647,"Os02g0110600"
25648,"Os04g0667700"
25649,"Os01g0202500"
25650,"osa-miR159a"
25651,"Os04g0304400"
25653,"Os03g0390400"
25654,"Os02g0152200"
25655,"Os03g0411500"
25656,"Os09g0372400"
25657,"Os05g0445800"
25658,"Os06g0715500"
25659,"Os03g0775700"
25660,"Os10g0370100"
25661,"Os01g0603300"
25662,"Os10g0341700"
25663,"Os06g0500100"
25664,"Os07g0688000"
25665,"Os10g0567000"
25666,"Os10g0157900"
25667,"Os08g0130500"
25668,"Os12g0516300"
25669,"Os01g0705200"
25670,"Os06g0693300"
25671,"Os03g0750500"
25672,"Os03g0360700"
25673,"Os01g0963800"
25674,"Os06g0691200"
25675,"25675"
25676,"Os04g0654100"
25677,"Os09g0419100"
25678,"Os01g0236000"
25679,"Os09g0569100"
25680,"Os04g0440000"
25681,"Os08g0519400"
25682,"Os07g0498800"
25683,"Os04g0460600"
25684,"Os12g0128000"
25685,"Os01g0207400"
25686,"Os10g0441900"
25687,"Os07g0210100"
25688,"Os03g0748500"
25689,"Os09g0480300"
25690,"Os03g0192100"
25691,"Os07g0669900"
25692,"Os01g0389200"
25693,"Os04g0659100"
25694,"Os05g0346500"
25695,"Os07g0216700"
25696,"Os02g0125000"
25697,"Os12g0601000"
25698,"Os03g0582200"
25699,"Os01g0210600"
25700,"Os03g0155300"
25701,"Os01g0836200"
25702,"Os01g0837500"
25703,"Os07g0606500"
25704,"Os02g0635200"
25705,"Os01g0596700"
25706,"Os01g0106500"
25707,"Os04g0528800"
25708,"Os07g0519900"
25709,"Os02g0574600"
25710,"Os05g0195700"
25711,"Os02g0249500"
25712,"Os02g0219200"
25713,"Os08g0164800"
25714,"Os03g0346200"
25715,"Os11g0220800"
25716,"Os02g0207300"
25717,"Os01g0786900"
25718,"Os05g0311000"
25719,"Os02g0582400"
25720,"25720"
25721,"Os01g0812000"
25722,"Os05g0389700"
25723,"Os01g0917700"
25724,"Os03g0276800"
25725,"Os04g0323800"
25726,"Os07g0118900"
25727,"25727"
25728,"osa-miR168b"
25729,"Os04g0233400"
25730,"Os05g0393800"
25731,"Os12g0231100"
25732,"osa-miR439g"
25733,"Os01g0172400"
25734,"Os09g0369000"
25735,"Os12g0228800"
25736,"Os02g0806600"
25737,"Os03g0369000"
25738,"Os11g0547300"
25739,"Os04g0444900"
25740,"Os07g0126800"
25741,"Os02g0655300"
25742,"Os09g0326900"
25743,"Os10g0128700"
25744,"Os04g0464900"
25745,"Os04g0552000"
25746,"Os12g0127900"
25747,"Os05g0534600"
25748,"Os11g0545000"
25749,"Os10g0406100"
25750,"Os12g0120100"
25751,"Os05g0468600"
25752,"Os10g0551100"
25753,"Os07g0232200"
25754,"Os07g0628400"
25755,"Os07g0498300"
25756,"Os04g0444800"
25757,"Os02g0596300"
25758,"Os03g0214100"
25759,"Os02g0167100"
25760,"Os07g0182400"
25761,"Os03g0728500"
25762,"Os01g0717000"
25763,"Os03g0100400"
25764,"Os02g0198500"
25765,"Os10g0392500"
25766,"Os03g0695600"
25767,"Os12g0567500"
25768,"Os02g0139500"
25769,"Os06g0202800"
25770,"Os09g0298700"
25771,"Os02g0325300"
25772,"Os09g0479300"
25773,"Os02g0228300"
25774,"Os03g0209600"
25775,"Os08g0133600"
25776,"Os08g0157900"
25777,"Os04g0337800"
25778,"Os10g0445500"
25779,"POsControl0024"
25780,"Os10g0178800"
25781,"Os01g0855700"
25782,"Os12g0156200"
25783,"Os01g0693800"
25784,"Os12g0240900"
25785,"Os05g0313700"
25786,"Os06g0569300"
25787,"Os11g0134900"
25788,"Os09g0509700"
25789,"Os01g0260800"
25790,"Os09g0465600"
25791,"Os10g0390600"
25792,"Os04g0640800"
25793,"Os04g0382100"
25794,"Os08g0351500"
25795,"Os03g0239300"
25796,"Os04g0573900"
25797,"Os08g0422000"
25798,"osa-miR396c"
25799,"Os03g0651800"
25800,"Os12g0166500"
25801,"Os07g0589000"
25802,"Os01g0925100"
25803,"osa-miR395i"
25804,"Os09g0440300"
25805,"Os06g0567900"
25806,"Os02g0149800"
25807,"Os01g0256900"
25808,"Os01g0776500"
25809,"Os04g0191600"
25810,"Os02g0776700"
25811,"Os01g0226300"
25812,"Os09g0116900"
25813,"Os01g0929100"
25814,"Os07g0675000"
25815,"Os09g0292300"
25816,"Os09g0369000"
25817,"Os04g0234600"
25818,"25818"
25819,"Os09g0513600"
25820,"Os10g0400200"
25821,"Os05g0227100"
25822,"Os01g0501700"
25823,"Os09g0447300"
25824,"Os08g0101700"
25825,"Os02g0755200"
25826,"Os07g0125600"
25827,"Os07g0583700"
25828,"Os10g0207700"
25829,"Os11g0513900"
25830,"Os04g0462900"
25831,"Os01g0788800"
25832,"25832"
25833,"Os05g0276100"
25834,"Os07g0461900"
25835,"Os03g0130300"
25836,"Os01g0328300"
25837,"Os03g0663400"
25838,"Os03g0422300"
25839,"Os06g0335900"
25840,"Os10g0440500"
25841,"Os10g0165400"
25842,"Os11g0191300"
25843,"Os12g0597700"
25844,"Os02g0109400"
25845,"Os03g0437500"
25846,"Os10g0462600"
25847,"Os10g0395000"
25848,"Os06g0707400"
25849,"25849"
25850,"Os02g0701600"
25851,"Os03g0332600"
25852,"Os06g0612800"
25853,"Os10g0530400"
25854,"Os06g0530700"
25855,"Os05g0443400"
25856,"Os02g0803300"
25857,"Os01g0830700"
25858,"Os05g0455200"
25859,"Os09g0538000"
25860,"Os01g0175200"
25861,"Os02g0741400"
25862,"Os08g0536000"
25863,"Os09g0542500"
25864,"Os05g0502800"
25865,"osa-miR319b"
25866,"Os08g0561500"
25867,"Os07g0564000"
25868,"Os01g0302800"
25869,"Os01g0933900"
25870,"Os06g0149500"
25871,"Os08g0204800"
25872,"Os03g0285800"
25873,"Os07g0647400"
25874,"Os12g0286200"
25875,"Os04g0185000"
25876,"Os12g0111900"
25877,"Os04g0132900"
25878,"Os07g0486000"
25879,"Os06g0528600"
25880,"Os07g0512100"
25881,"Os03g0708800"
25882,"Os01g0915200"
25883,"Os05g0526200"
25884,"Os04g0493700"
25885,"Os05g0570700"
25886,"Os01g0908500"
25887,"Os02g0754800"
25888,"Os10g0555900"
25889,"25889"
25890,"Os03g0647500"
25891,"Os01g0927600"
25892,"Os02g0626100"
25893,"Os07g0471900"
25894,"Os04g0482300"
25895,"Os01g0962000"
25896,"Os03g0186600"
25897,"Os01g0784800"
25898,"Os08g0391700"
25899,"Os07g0228600"
25900,"Os09g0299400"
25901,"Os01g0198200"
25902,"Os08g0469700"
25903,"Os01g0891700"
25904,"Os02g0788800"
25905,"Os01g0143900"
25906,"osa-miR397a"
25907,"Os08g0544200"
25908,"Os05g0387900"
25909,"Os07g0498800"
25910,"Os01g0127500"
25911,"Os11g0702300"
25912,"Os09g0532900"
25913,"Os01g0739000"
25914,"Os07g0102300"
25915,"Os03g0791700"
25916,"Os10g0506100"
25917,"Os07g0153000"
25918,"Os07g0409900"
25919,"Os09g0533400"
25920,"Os02g0669000"
25921,"Os05g0527600"
25922,"Os05g0543800"
25923,"Os09g0354900"
25924,"Os08g0384500"
25925,"Os07g0213300"
25926,"Os12g0233100"
25927,"Os01g0806400"
25928,"Os03g0625100"
25929,"Os03g0856500"
25930,"Os08g0548200"
25931,"Os09g0329900"
25932,"Os02g0581700"
25933,"Os10g0146200"
25934,"Os07g0634900"
25935,"Os02g0460200"
25936,"Os11g0102600"
25937,"Os05g0141500"
25938,"Os06g0605900"
25939,"Os02g0440000"
25940,"Os03g0439500"
25941,"Os01g0732000"
25942,"Os05g0548100"
25943,"Os10g0120300"
25944,"Os04g0503500"
25945,"Os10g0459700"
25946,"Os02g0216300"
25947,"Os08g0111300"
25948,"Os03g0148800"
25949,"Os02g0771200"
25950,"Os08g0531700"
25951,"Os03g0180400"
25952,"Os07g0445200"
25953,"25953"
25954,"Os09g0482400"
25955,"Os02g0744700"
25956,"Os03g0413000"
25957,"25957"
25958,"Os01g0508100"
25959,"Os01g0149900"
25960,"Os02g0584700"
25961,"Os09g0569600"
25962,"Os03g0210500"
25963,"Os04g0403700"
25964,"Os03g0692400"
25965,"Os08g0103500"
25966,"Os05g0442000"
25967,"25967"
25968,"Os05g0200700"
25969,"Os07g0530100"
25970,"Os12g0489800"
25971,"Os03g0418800"
25972,"Os03g0848300"
25973,"Os07g0649200"
25974,"Os11g0137300"
25975,"Os01g0860500"
25976,"Os02g0616100"
25977,"Os05g0586600"
25978,"Os06g0244700"
25979,"Os05g0489000"
25980,"Os01g0763600"
25981,"Os05g0323900"
25982,"Os03g0639800"
25983,"Os06g0213200"
25984,"osa-miR169f"
25985,"osa-miR171c"
25986,"Os01g0248600"
25987,"Os12g0108600"
25988,"Os06g0704500"
25989,"Os01g0976900"
25990,"Os12g0605300"
25991,"Os03g0754500"
25992,"Os06g0184300"
25993,"Os03g0328200"
25994,"Os04g0635900"
25995,"Os05g0435100"
25996,"Os07g0448800"
25997,"Os06g0103600"
25998,"Os11g0625200"
25999,"Os09g0535900"
26000,"Os04g0634500"
26001,"Os11g0469900"
26002,"Os06g0649500"
26003,"Os01g0691100"
26004,"Os01g0948500"
26005,"Os02g0655300"
26006,"Os05g0317900"
26007,"Os08g0486300"
26008,"Os11g0207400"
26009,"Os03g0270500"
26010,"Os04g0650700"
26011,"Os01g0327900"
26012,"Os04g0556000"
26013,"Os02g0462200"
26014,"Os02g0798700"
26015,"Os03g0312600"
26016,"Os02g0115600"
26017,"Os03g0650900"
26018,"Os09g0492900"
26019,"Os04g0485800"
26020,"26020"
26021,"Os10g0552800"
26022,"Os06g0116800"
26023,"Os11g0452100"
26024,"Os05g0111300"
26025,"Os06g0184500"
26026,"Os01g0848300"
26027,"Os10g0548200"
26028,"Os02g0739400"
26029,"Os05g0589200"
26030,"Os05g0160100"
26031,"Os03g0718100"
26032,"Os10g0510000"
26033,"Os07g0147600"
26034,"Os08g0385900"
26035,"Os05g0407900"
26036,"Os01g0857500"
26037,"Os12g0102600"
26038,"Os01g0197900"
26039,"Os06g0246000"
26040,"Os03g0147400"
26041,"Os04g0594000"
26042,"Os06g0171900"
26043,"Os11g0256900"
26044,"Os12g0165200"
26045,"Os03g0751100"
26046,"Os03g0680800"
26047,"Os01g0296200"
26048,"Os01g0645200"
26049,"Os03g0165400"
26050,"Os05g0217800"
26051,"Os01g0188900"
26052,"Os12g0212400"
26053,"Os10g0358100"
26054,"Os02g0167300"
26055,"Os07g0647800"
26056,"Os07g0118800"
26057,"Os01g0678600"
26058,"Os07g0278200"
26059,"Os03g0755600"
26060,"Os04g0572100"
26061,"Os03g0226600"
26062,"Os03g0246500"
26063,"Os01g0962700"
26064,"Os11g0637700"
26065,"Os04g0451200"
26066,"Os03g0311300"
26067,"26067"
26068,"Os07g0621900"
26069,"Os03g0180300"
26070,"Os07g0580800"
26071,"Os02g0250400"
26072,"osa-miR172c"
26073,"Os03g0274700"
26074,"Os06g0174300"
26075,"Os02g0151900"
26076,"26076"
26077,"Os12g0407300"
26078,"Os03g0310400"
26079,"Os09g0515400"
26080,"Os01g0390900"
26081,"Os01g0863500"
26082,"Os03g0313800"
26083,"Os11g0145200"
26084,"Os01g0174600"
26085,"Os07g0147400"
26086,"Os05g0399800"
26087,"Os04g0609700"
26088,"Os03g0646800"
26089,"Os04g0423100"
26090,"Os05g0173800"
26091,"Os11g0465200"
26092,"Os12g0107700"
26093,"Os05g0103200"
26094,"Os06g0474900"
26095,"Os12g0162800"
26096,"Os02g0592800"
26097,"POsControl0039"
26098,"Os06g0659300"
26099,"Os12g0626500"
26100,"Os05g0409300"
26101,"Os06g0514700"
26102,"Os06g0179900"
26103,"Os01g0604600"
26104,"Os01g0701500"
26105,"Os05g0138300"
26106,"Os11g0155500"
26107,"Os11g0125600"
26108,"Os07g0256200"
26109,"Os03g0855100"
26110,"Os01g0371200"
26111,"Os03g0278000"
26112,"Os09g0488000"
26113,"Os03g0856300"
26114,"Os02g0123300"
26115,"Os10g0400200"
26116,"Os07g0543700"
26117,"osa-miR171d"
26118,"Os02g0573000"
26119,"Os04g0678100"
26120,"Os01g0867900"
26121,"Os01g0715000"
26122,"Os05g0368000"
26123,"Os10g0433700"
26124,"Os06g0538400"
26125,"26125"
26126,"Os01g0853600"
26127,"Os05g0595400"
26128,"Os02g0822800"
26129,"Os08g0136800"
26130,"Os08g0430500"
26131,"Os02g0115900"
26132,"Os03g0679900"
26133,"Os09g0317600"
26134,"Os02g0769900"
26135,"26135"
26136,"Os06g0470800"
26137,"Os07g0478700"
26138,"Os03g0708800"
26139,"Os01g0141800"
26140,"Os02g0221400"
26141,"Os06g0149600"
26142,"Os01g0166800"
26143,"Os01g0293600"
26144,"Os03g0594100"
26145,"Os01g0679900"
26146,"Os08g0203700"
26147,"Os10g0190800"
26148,"Os12g0476200"
26149,"Os06g0494100"
26150,"Os01g0332200"
26151,"Os03g0832300"
26152,"Os02g0804000"
26153,"Os05g0445500"
26154,"Os02g0316900"
26155,"POsControl0013"
26156,"Os03g0353400"
26157,"Os06g0113900"
26158,"Os09g0388000"
26159,"Os03g0241100"
26160,"Os06g0647600"
26161,"Os06g0614000"
26162,"Os01g0748800"
26163,"Os10g0477800"
26164,"Os11g0209100"
26165,"Os06g0179000"
26166,"Os01g0538200"
26167,"Os05g0132100"
26168,"Os03g0172000"
26169,"Os03g0602500"
26170,"Os10g0408700"
26171,"Os06g0708200"
26172,"Os02g0453000"
26173,"Os11g0516000"
26174,"Os06g0136100"
26175,"Os08g0357700"
26176,"Os02g0795300"
26177,"Os02g0810500"
26178,"Os04g0555900"
26179,"Os01g0709500"
26180,"POsControl0039"
26181,"Os03g0803200"
26182,"Os03g0171600"
26183,"Os06g0107000"
26184,"26184"
26185,"Os10g0106900"
26186,"Os04g0238800"
26187,"POsControl0010"
26188,"Os11g0549700"
26189,"Os03g0148400"
26190,"Os02g0262800"
26191,"Os04g0443700"
26192,"Os02g0519900"
26193,"Os05g0564800"
26194,"Os11g0649700"
26195,"Os07g0631900"
26196,"Os01g0720600"
26197,"Os03g0719700"
26198,"Os12g0478100"
26199,"Os03g0718100"
26200,"Os04g0416900"
26201,"Os08g0537900"
26202,"Os08g0199100"
26203,"Os02g0305800"
26204,"Os02g0698000"
26205,"Os04g0583800"
26206,"Os01g0150500"
26207,"Os03g0687000"
26208,"Os07g0606500"
26209,"Os04g0202200"
26210,"Os01g0262500"
26211,"Os02g0753900"
26212,"Os03g0425200"
26213,"Os04g0457100"
26214,"Os01g0283500"
26215,"26215"
26216,"Os05g0276500"
26217,"Os02g0794300"
26218,"Os10g0116900"
26219,"Os10g0485400"
26220,"Os01g0140400"
26221,"Os02g0720600"
26222,"Os01g0886200"
26223,"Os04g0390700"
26224,"Os01g0551400"
26225,"Os06g0119900"
26226,"Os08g0499200"
26227,"Os10g0562700"
26228,"Os08g0564400"
26229,"Os01g0139600"
26230,"Os03g0390700"
26231,"Os12g0588900"
26232,"Os04g0557500"
26233,"Os10g0119200"
26234,"Os03g0136400"
26235,"Os05g0430400"
26236,"Os09g0129300"
26237,"Os12g0465700"
26238,"Os03g0280700"
26239,"Os04g0665400"
26240,"Os09g0437500"
26241,"Os03g0165400"
26242,"Os06g0304600"
26243,"Os05g0516600"
26244,"Os05g0352700"
26245,"Os01g0588500"
26246,"Os05g0144300"
26247,"Os06g0106900"
26248,"Os06g0657300"
26249,"Os12g0409700"
26250,"Os01g0329000"
26251,"Os06g0698900"
26252,"Os03g0191200"
26253,"Os03g0213900"
26254,"Os09g0491100"
26255,"Os01g0778300"
26256,"Os12g0245800"
26257,"Os12g0570700"
26258,"Os06g0512700"
26259,"Os06g0198000"
26260,"Os03g0726100"
26261,"Os02g0754000"
26262,"Os05g0149800"
26263,"Os05g0290500"
26264,"Os02g0515200"
26265,"Os07g0529000"
26266,"Os12g0482700"
26267,"Os01g0663400"
26268,"Os01g0266600"
26269,"Os01g0773600"
26270,"Os07g0673000"
26271,"Os08g0290700"
26272,"Os03g0179900"
26273,"Os03g0715500"
26274,"Os06g0142800"
26275,"Os01g0723800"
26276,"Os02g0665000"
26277,"Os12g0256300"
26278,"Os03g0679000"
26279,"Os06g0574100"
26280,"Os06g0105200"
26281,"Os02g0769900"
26282,"Os03g0209800"
26283,"Os06g0521400"
26284,"Os12g0188900"
26285,"Os03g0284000"
26286,"Os09g0324000"
26287,"Os07g0509700"
26288,"Os01g0816400"
26289,"Os03g0331800"
26290,"Os11g0572500"
26291,"Os04g0352200"
26292,"Os11g0153800"
26293,"Os06g0175900"
26294,"Os02g0588600"
26295,"Os08g0431500"
26296,"Os04g0389000"
26297,"Os09g0424600"
26298,"Os03g0126500"
26299,"Os07g0644100"
26300,"Os12g0569300"
26301,"Os01g0104100"
26302,"Os08g0174700"
26303,"Os03g0701400"
26304,"Os03g0379400"
26305,"Os03g0602300"
26306,"Os06g0534200"
26307,"Os11g0488500"
26308,"Os07g0563100"
26309,"Os08g0546400"
26310,"Os05g0387200"
26311,"Os10g0446800"
26312,"Os10g0192000"
26313,"Os06g0530200"
26314,"Os06g0725900"
26315,"Os02g0321500"
26316,"Os09g0246200"
26317,"Os01g0728200"
26318,"Os03g0748000"
26319,"Os12g0222800"
26320,"Os07g0667100"
26321,"Os07g0586200"
26322,"Os05g0552200"
26323,"Os02g0280400"
26324,"Os02g0275100"
26325,"Os03g0803100"
26326,"Os12g0606000"
26327,"Os04g0224900"
26328,"Os01g0273900"
26329,"Os04g0206600"
26330,"Os01g0557100"
26331,"Os01g0234900"
26332,"Os04g0578400"
26333,"Os04g0670400"
26334,"Os11g0173500"
26335,"Os05g0546300"
26336,"Os02g0522800"
26337,"Os04g0679400"
26338,"Os04g0121300"
26339,"Os01g0177200"
26340,"Os08g0223700"
26341,"Os01g0112000"
26342,"Os08g0543400"
26343,"POsControl0036"
26344,"Os06g0128300"
26345,"Os01g0136300"
26346,"Os01g0215000"
26347,"Os12g0568500"
26348,"Os02g0306600"
26349,"26349"
26350,"Os05g0247600"
26351,"Os07g0613600"
26352,"Os04g0570000"
26353,"Os06g0327300"
26354,"Os04g0663300"
26355,"Os04g0685500"
26356,"Os01g0106300"
26357,"Os04g0527700"
26358,"Os01g0338600"
26359,"osa-miR439g"
26360,"Os04g0512300"
26361,"Os07g0544900"
26362,"Os04g0409600"
26363,"Os03g0291800"
26364,"Os07g0597200"
26365,"Os03g0692500"
26366,"Os08g0525500"
26367,"Os05g0457700"
26368,"Os03g0742800"
26369,"Os04g0125600"
26370,"Os06g0470000"
26371,"Os11g0225300"
26372,"Os01g0214800"
26373,"Os08g0206400"
26374,"Os04g0367800"
26375,"Os08g0538000"
26376,"Os03g0594900"
26377,"Os01g0963000"
26378,"Os02g0729100"
26379,"osa-miR393b"
26380,"Os01g0118000"
26381,"Os01g0867300"
26382,"Os09g0113000"
26383,"Os04g0461300"
26384,"Os03g0217000"
26385,"Os01g0585700"
26386,"Os07g0436100"
26387,"Os05g0128900"
26388,"Os08g0521800"
26389,"Os04g0479300"
26390,"Os12g0270000"
26391,"Os06g0110100"
26392,"Os03g0293600"
26393,"Os06g0105900"
26394,"Os03g0567600"
26395,"Os04g0118400"
26396,"Os01g0951400"
26397,"Os08g0244100"
26398,"Os08g0189300"
26399,"Os03g0589100"
26400,"Os08g0531900"
26401,"Os01g0936100"
26402,"Os07g0472200"
26403,"Os09g0539800"
26404,"Os11g0704500"
26405,"Os02g0689000"
26406,"Os04g0548100"
26407,"Os12g0633200"
26408,"Os05g0434500"
26409,"Os08g0387700"
26410,"Os11g0171300"
26411,"Os01g0229000"
26412,"Os02g0167300"
26413,"Os01g0676900"
26414,"Os06g0687200"
26415,"Os04g0535600"
26416,"Os05g0431600"
26417,"Os02g0468500"
26418,"Os02g0517700"
26419,"Os05g0326400"
26420,"Os12g0132200"
26421,"Os09g0479500"
26422,"Os12g0117700"
26423,"Os11g0186800"
26424,"Os05g0522700"
26425,"Os09g0110300"
26426,"Os07g0521300"
26427,"Os03g0723800"
26428,"Os02g0801700"
26429,"Os03g0821800"
26430,"Os03g0129300"
26431,"Os06g0136500"
26432,"Os12g0124000"
26433,"POsControl0020"
26434,"Os06g0119600"
26435,"Os03g0171900"
26436,"Os07g0287100"
26437,"Os01g0310500"
26438,"Os12g0638400"
26439,"Os12g0106900"
26440,"Os05g0215000"
26441,"Os08g0151200"
26442,"Os06g0341300"
26443,"Os02g0145500"
26444,"Os12g0566600"
26445,"Os02g0510900"
26446,"Os12g0236900"
26447,"Os03g0606200"
26448,"Os08g0327700"
26449,"Os01g0226200"
26450,"Os06g0645700"
26451,"Os12g0168000"
26452,"Os01g0757400"
26453,"Os03g0186800"
26454,"Os11g0663100"
26455,"Os02g0117400"
26456,"Os08g0269600"
26457,"Os03g0296400"
26458,"Os01g0121200"
26459,"Os03g0817900"
26460,"Os03g0727200"
26461,"Os03g0144500"
26462,"Os01g0825000"
26463,"Os06g0124300"
26464,"Os12g0236700"
26465,"Os02g0510000"
26466,"Os01g0793200"
26467,"Os06g0652400"
26468,"Os08g0366100"
26469,"Os01g0698000"
26470,"Os04g0629700"
26471,"Os01g0770700"
26472,"Os12g0269100"
26473,"Os12g0164600"
26474,"Os03g0694800"
26475,"Os05g0349000"
26476,"Os06g0647100"
26477,"Os09g0516600"
26478,"Os05g0386000"
26479,"Os05g0449600"
26480,"Os01g0950800"
26481,"Os11g0615300"
26482,"26482"
26483,"Os01g0600100"
26484,"osa-miR408"
26485,"Os07g0558400"
26486,"Os12g0559100"
26487,"Os03g0718100"
26488,"26488"
26489,"Os01g0329900"
26490,"Os01g0958800"
26491,"Os01g0193900"
26492,"Os02g0513800"
26493,"Os01g0750000"
26494,"Os10g0421500"
26495,"Os08g0434100"
26496,"Os02g0533000"
26497,"Os03g0427000"
26498,"Os02g0762400"
26499,"Os09g0557500"
26500,"Os01g0720600"
26501,"Os03g0128300"
26502,"Os02g0174800"
26503,"Os06g0125200"
26504,"Os04g0437600"
26505,"Os02g0139900"
26506,"Os05g0338900"
26507,"Os01g0135700"
26508,"Os01g0958100"
26509,"Os01g0970700"
26510,"Os11g0640700"
26511,"Os12g0562000"
26512,"Os02g0452600"
26513,"Os06g0348800"
26514,"Os06g0326400"
26515,"Os01g0144600"
26516,"Os07g0448800"
26517,"Os08g0379300"
26518,"Os09g0436900"
26519,"Os04g0615800"
26520,"Os01g0700200"
26521,"Os03g0223700"
26522,"Os03g0699200"
26524,"Os07g0590700"
26525,"Os07g0604100"
26526,"osa-miR395b"
26527,"Os08g0538800"
26528,"Os10g0540300"
26529,"Os11g0484500"
26530,"Os09g0278700"
26531,"Os02g0167300"
26532,"Os06g0728500"
26533,"Os08g0187800"
26534,"POsControl0035"
26535,"osa-miR439f"
26536,"Os03g0702700"
26537,"Os04g0376000"
26538,"Os02g0306300"
26539,"osa-miR162a"
26540,"Os10g0401700"
26541,"Os01g0728900"
26542,"Os09g0323900"
26543,"Os01g0352800"
26544,"Os10g0521400"
26545,"Os01g0592400"
26546,"Os06g0236600"
26547,"Os05g0257100"
26548,"Os01g0936000"
26549,"Os01g0278200"
26550,"Os04g0664400"
26551,"Os08g0504600"
26552,"Os02g0217500"
26553,"Os06g0515400"
26554,"Os03g0211200"
26555,"Os02g0712400"
26556,"Os05g0212400"
26557,"Os11g0507200"
26558,"Os02g0188600"
26559,"Os03g0388900"
26560,"Os03g0309800"
26561,"Os01g0187600"
26562,"Os02g0317400"
26563,"Os07g0589400"
26564,"Os09g0561600"
26565,"Os03g0346700"
26566,"Os01g0911000"
26567,"Os02g0541200"
26568,"Os01g0106300"
26569,"Os02g0228900"
26570,"Os02g0467500"
26571,"Os05g0167400"
26572,"Os01g0199400"
26573,"Os09g0507100"
26574,"Os01g0946600"
26575,"Os04g0521300"
26576,"Os03g0151900"
26577,"Os12g0168700"
26578,"Os04g0571200"
26579,"Os06g0662100"
26580,"Os03g0314100"
26581,"Os02g0674700"
26582,"Os01g0794100"
26583,"Os04g0662900"
26584,"Os12g0571600"
26585,"Os02g0683500"
26586,"Os03g0821300"
26587,"osa-miR399a"
26588,"Os12g0559400"
26589,"Os02g0672200"
26590,"Os07g0116900"
26591,"Os01g0514000"
26592,"Os06g0255300"
26593,"Os01g0917100"
26594,"Os03g0604600"
26595,"Os10g0148700"
26596,"Os05g0100500"
26597,"Os08g0443900"
26598,"Os07g0694800"
26599,"Os10g0205200"
26600,"Os08g0375400"
26601,"Os05g0389900"
26602,"Os02g0609700"
26603,"Os11g0192500"
26604,"Os05g0507000"
26605,"Os04g0605300"
26606,"26606"
26607,"Os07g0642600"
26608,"Os03g0722600"
26609,"Os02g0582600"
26610,"Os01g0153100"
26611,"Os05g0141500"
26612,"Os11g0598300"
26613,"Os06g0116200"
26614,"Os06g0701700"
26615,"Os12g0537700"
26616,"osa-miR156d"
26617,"Os03g0288800"
26618,"Os02g0820600"
26619,"Os10g0183000"
26620,"Os04g0449000"
26621,"POsControl0043"
26622,"Os01g0645000"
26623,"Os04g0613800"
26624,"Os03g0269400"
26625,"Os06g0220900"
26626,"Os02g0196800"
26627,"Os07g0647100"
26628,"Os04g0461900"
26629,"Os03g0625500"
26630,"Os08g0117300"
26631,"Os12g0112800"
26632,"Os06g0102100"
26633,"Os01g0857100"
26634,"Os04g0280300"
26635,"Os12g0597600"
26636,"Os02g0751100"
26637,"Os10g0579600"
26638,"Os01g0121100"
26639,"Os11g0105600"
26640,"Os06g0147300"
26641,"Os01g0895500"
26642,"Os04g0633300"
26643,"Os12g0623900"
26644,"Os05g0329700"
26645,"Os12g0133000"
26646,"Os09g0244100"
26647,"Os05g0122500"
26648,"Os04g0244400"
26649,"Os06g0661100"
26650,"Os07g0184300"
26651,"Os01g0810100"
26652,"Os07g0651400"
26653,"Os02g0634700"
26654,"Os03g0795600"
26655,"Os06g0284300"
26656,"Os05g0493600"
26657,"Os01g0810300"
26658,"Os02g0452000"
26659,"Os12g0162100"
26660,"Os02g0633300"
26661,"Os01g0879100"
26662,"Os01g0546000"
26663,"Os01g0611000"
26664,"Os05g0492600"
26665,"Os04g0510200"
26666,"Os10g0447600"
26667,"Os10g0191900"
26668,"Os02g0122200"
26669,"Os08g0290100"
26670,"Os08g0504400"
26671,"Os09g0323500"
26672,"Os06g0468500"
26673,"Os04g0417000"
26674,"Os04g0614600"
26675,"Os04g0186400"
26676,"Os11g0435400"
26677,"Os03g0161900"
26678,"Os03g0637900"
26679,"Os04g0109900"
26680,"Os10g0503500"
26681,"Os02g0133200"
26682,"osa-miR169a"
26683,"Os05g0137200"
26684,"Os12g0446500"
26685,"Os08g0243600"
26686,"Os01g0585600"
26687,"Os11g0435900"
26688,"Os03g0261100"
26689,"Os03g0258000"
26690,"Os12g0586100"
26691,"Os02g0806600"
26692,"Os01g0678500"
26693,"Os05g0560600"
26694,"Os09g0344900"
26695,"Os07g0674200"
26696,"Os07g0588900"
26697,"Os01g0636700"
26698,"Os02g0568100"
26699,"Os05g0583100"
26700,"Os08g0557400"
26701,"Os01g0546900"
26702,"Os02g0217600"
26703,"Os01g0672500"
26704,"Os06g0703900"
26705,"Os02g0833300"
26706,"Os02g0199500"
26707,"Os03g0386600"
26708,"Os06g0341600"
26709,"Os09g0321900"
26710,"Os01g0764600"
26711,"Os03g0799700"
26712,"Os04g0309900"
26713,"Os07g0568600"
26714,"Os01g0281200"
26715,"Os04g0585000"
26716,"Os07g0147900"
26717,"Os07g0691700"
26718,"Os01g0227300"
26719,"osa-miR169h"
26720,"Os05g0110900"
26721,"Os08g0502800"
26722,"Os01g0829900"
26723,"Os02g0105500"
26724,"Os06g0142200"
26725,"Os01g0159400"
26726,"Os03g0857500"
26727,"Os08g0205800"
26728,"Os01g0554800"
26729,"Os06g0521600"
26730,"Os04g0674000"
26731,"Os06g0111500"
26732,"Os06g0132100"
26733,"Os04g0645600"
26734,"Os06g0472200"
26735,"Os10g0578300"
26736,"Os06g0112400"
26737,"Os08g0484800"
26738,"Os12g0503600"
26739,"osa-miR393"
26740,"Os02g0205300"
26741,"Os07g0129100"
26742,"Os05g0459400"
26743,"Os02g0606600"
26744,"Os09g0422000"
26745,"Os06g0220500"
26746,"Os03g0170600"
26747,"Os05g0108100"
26748,"Os02g0258200"
26749,"Os01g0279100"
26750,"Os12g0615300"
26751,"Os02g0532900"
26752,"POsControl0008"
26753,"Os05g0228000"
26754,"Os04g0461600"
26755,"Os05g0128400"
26756,"Os02g0150700"
26757,"Os01g0112500"
26758,"Os01g0615300"
26759,"Os03g0747900"
26760,"Os05g0411600"
26761,"Os01g0641800"
26762,"Os01g0685600"
26763,"Os02g0325100"
26764,"Os01g0945700"
26765,"Os12g0468600"
26766,"Os03g0263900"
26767,"osa-miR164c"
26768,"Os08g0457600"
26769,"Os12g0287800"
26770,"Os02g0656600"
26771,"Os12g0114000"
26772,"Os09g0477100"
26773,"Os04g0395900"
26774,"Os01g0855900"
26775,"Os02g0708100"
26776,"Os12g0120200"
26777,"Os04g0169100"
26778,"Os03g0101900"
26779,"26779"
26780,"Os07g0631100"
26781,"Os02g0688900"
26782,"Os02g0502300"
26783,"Os08g0248400"
26784,"Os05g0138300"
26785,"Os04g0554500"
26786,"Os05g0571100"
26787,"Os03g0786900"
26788,"Os06g0493100"
26789,"Os02g0761500"
26790,"Os02g0132300"
26791,"Os05g0348000"
26792,"Os01g0949700"
26793,"Os08g0540500"
26794,"26794"
26795,"Os01g0179700"
26796,"Os06g0218800"
26797,"Os03g0667800"
26798,"Os08g0480500"
26799,"Os09g0237600"
26800,"Os04g0422700"
26801,"Os02g0714300"
26802,"Os11g0240100"
26803,"Os06g0168800"
26804,"Os05g0381700"
26805,"Os05g0594800"
26806,"Os07g0168600"
26807,"Os07g0646600"
26808,"26808"
26809,"26809"
26810,"Os04g0608400"
26811,"Os06g0111500"
26812,"Os09g0359500"
26813,"Os06g0502900"
26814,"Os04g0306400"
26815,"Os04g0600300"
26816,"Os02g0585700"
26817,"Os04g0476800"
26819,"Os01g0882400"
26820,"Os02g0111400"
26821,"osa-miR162b"
26822,"Os11g0694800"
26823,"Os04g0461700"
26824,"Os04g0468600"
26825,"Os05g0457300"
26826,"Os01g0104400"
26827,"Os12g0290100"
26828,"Os09g0540400"
26829,"Os10g0413500"
26830,"Os09g0458200"
26831,"Os07g0566200"
26832,"Os04g0572400"
26833,"Os01g0719000"
26834,"Os04g0581600"
26835,"Os05g0529700"
26836,"Os05g0439400"
26837,"Os07g0582500"
26838,"Os07g0173500"
26839,"Os07g0549800"
26840,"Os03g0214600"
26841,"Os05g0509500"
26842,"Os05g0404200"
26843,"Os02g0278400"
26844,"Os06g0683400"
26845,"Os04g0673400"
26846,"Os12g0273000"
26847,"Os03g0245800"
26848,"Os01g0178500"
26849,"Os12g0174800"
26850,"Os01g0680900"
26851,"Os10g0524400"
26852,"Os02g0716600"
26853,"Os02g0208200"
26854,"Os10g0492600"
26855,"Os01g0511300"
26856,"Os02g0553600"
26857,"Os03g0438100"
26858,"Os05g0371500"
26859,"Os09g0440600"
26860,"Os04g0643200"
26861,"Os04g0127800"
26862,"Os03g0405400"
26863,"Os05g0121200"
26864,"Os01g0281000"
26865,"Os07g0417600"
26866,"Os07g0679500"
26867,"POsControl0042"
26868,"Os10g0563900"
26869,"Os01g0104600"
26870,"Os12g0228900"
26871,"Os02g0670700"
26872,"Os06g0683800"
26873,"Os11g0286800"
26874,"Os06g0251700"
26875,"Os04g0442700"
26876,"Os04g0220300"
26877,"Os08g0337700"
26878,"Os06g0128400"
26879,"Os03g0718100"
26880,"Os03g0412300"
26881,"Os07g0105700"
26882,"Os01g0506100"
26883,"Os01g0834700"
26884,"Os09g0103200"
26885,"Os04g0217300"
26886,"Os11g0113700"
26887,"Os04g0668900"
26888,"Os01g0315600"
26889,"Os03g0227800"
26890,"Os10g0100800"
26891,"Os08g0520500"
26892,"Os02g0706400"
26893,"Os11g0103700"
26894,"Os02g0160800"
26895,"Os04g0166500"
26896,"Os07g0587100"
26897,"Os10g0185200"
26898,"Os08g0444400"
26899,"Os11g0200600"
26900,"26900"
26901,"Os08g0231100"
26902,"Os04g0629200"
26903,"Os03g0805400"
26904,"Os08g0157000"
26905,"Os01g0913000"
26906,"Os10g0500700"
26907,"Os03g0220300"
26908,"Os01g0926300"
26909,"Os09g0535000"
26910,"Os06g0184600"
26911,"Os02g0146800"
26912,"Os08g0115200"
26913,"Os01g0524400"
26914,"Os04g0569500"
26915,"Os04g0609700"
26916,"Os03g0342900"
26917,"Os05g0488500"
26918,"Os05g0578000"
26919,"Os12g0641500"
26920,"Os01g0650800"
26921,"POsControl0020"
26922,"Os06g0131700"
26923,"Os04g0227100"
26924,"Os12g0428700"
26925,"Os03g0718100"
26926,"Os11g0237600"
26927,"Os06g0111800"
26928,"Os03g0302500"
26929,"Os11g0686000"
26930,"Os08g0252100"
26931,"Os05g0555000"
26932,"Os01g0825800"
26933,"Os04g0129500"
26934,"Os12g0514000"
26935,"Os07g0486500"
26936,"Os03g0439800"
26937,"Os08g0517800"
26938,"Os08g0558800"
26939,"Os09g0560600"
26940,"Os05g0565400"
26941,"Os12g0263100"
26942,"Os06g0598900"
26943,"Os12g0624100"
26944,"Os08g0451800"
26945,"Os10g0510000"
26946,"Os09g0567300"
26947,"Os01g0883800"
26948,"Os02g0320300"
26949,"Os07g0671800"
26950,"Os03g0741500"
26951,"Os04g0655300"
26952,"Os07g0573900"
26953,"Os02g0611000"
26954,"Os01g0970100"
26955,"Os04g0507100"
26956,"Os10g0553800"
26957,"Os04g0446500"
26958,"Os08g0451500"
26959,"Os04g0493100"
26960,"Os06g0148200"
26961,"Os01g0175000"
26962,"Os02g0157600"
26963,"Os01g0768200"
26964,"Os10g0461400"
26965,"Os10g0486600"
26966,"Os12g0174700"
26967,"Os01g0723400"
26968,"Os08g0338900"
26969,"Os05g0125100"
26970,"Os08g0409500"
26971,"Os06g0473700"
26972,"Os11g0244600"
26973,"Os12g0577000"
26974,"Os02g0551100"
26975,"Os11g0295000"
26976,"Os01g0111800"
26977,"Os05g0189300"
26978,"Os09g0453400"
26979,"Os06g0688100"
26980,"osa-miR393b"
26981,"Os12g0539700"
26982,"Os11g0606600"
26983,"Os04g0332700"
26984,"Os11g0269900"
26985,"Os11g0271000"
26986,"Os05g0529000"
26987,"Os09g0493500"
26988,"Os04g0346000"
26989,"Os06g0232000"
26990,"Os08g0128000"
26991,"Os01g0597400"
26992,"Os08g0113200"
26993,"Os06g0595700"
26994,"Os12g0594000"
26995,"Os03g0155000"
26996,"Os08g0129500"
26997,"Os06g0726400"
26998,"Os02g0536400"
26999,"Os01g0801100"
27000,"Os02g0126400"
27001,"Os07g0553700"
27002,"Os07g0207100"
27003,"Os08g0467500"
27004,"Os05g0533400"
27005,"Os01g0892500"
27006,"Os03g0339900"
27007,"Os07g0653100"
27008,"Os06g0589500"
27009,"Os10g0410600"
27010,"Os09g0116600"
27011,"Os03g0336500"
27012,"Os04g0648500"
27013,"osa-miR439j"
27014,"Os05g0176600"
27015,"Os01g0623200"
27016,"Os07g0129800"
27017,"Os08g0564300"
27018,"Os04g0459500"
27019,"Os04g0112300"
27020,"Os04g0385900"
27021,"Os01g0631100"
27022,"Os10g0561700"
27023,"Os03g0300600"
27024,"Os06g0265100"
27025,"Os04g0436300"
27026,"Os11g0622200"
27027,"Os01g0712700"
27028,"Os04g0537100"
27029,"Os02g0742000"
27030,"Os03g0378500"
27031,"Os08g0430200"
27032,"Os08g0485900"
27033,"POsControl0019"
27034,"Os05g0129900"
27035,"Os07g0558100"
27036,"Os03g0109600"
27037,"Os05g0357600"
27038,"Os03g0672000"
27039,"osa-miR408"
27040,"Os08g0173700"
27041,"Os12g0196300"
27042,"Os10g0551800"
27043,"Os04g0243400"
27044,"Os01g0205900"
27045,"Os03g0266300"
27046,"Os09g0507800"
27047,"Os08g0270200"
27048,"Os12g0428000"
27049,"Os08g0481000"
27050,"Os05g0175800"
27051,"Os07g0546700"
27052,"Os01g0116000"
27053,"Os05g0279300"
27054,"Os12g0534400"
27055,"Os02g0815100"
27056,"Os06g0472400"
27057,"Os01g0316500"
27058,"Os03g0648400"
27059,"Os12g0567100"
27060,"Os12g0274700"
27061,"Os03g0334700"
27062,"Os01g0810300"
27063,"Os04g0353200"
27064,"Os08g0529400"
27065,"Os05g0537700"
27066,"Os01g0737700"
27067,"Os05g0144500"
27068,"osa-miR156f"
27069,"Os01g0861900"
27070,"Os04g0554200"
27071,"Os02g0267700"
27072,"Os10g0400100"
27073,"Os09g0478000"
27074,"Os03g0383600"
27075,"Os03g0243100"
27076,"Os07g0188700"
27077,"Os09g0552900"
27078,"Os02g0310300"
27079,"Os11g0442000"
27080,"Os11g0138600"
27081,"Os08g0110900"
27082,"Os02g0588300"
27083,"Os03g0134400"
27084,"Os07g0507700"
27085,"POsControl0014"
27086,"Os02g0274900"
27087,"Os06g0192600"
27088,"Os06g0294600"
27089,"Os03g0360600"
27090,"osa-miR160e"
27091,"Os03g0718100"
27092,"Os06g0559000"
27093,"Os01g0952600"
27094,"Os01g0716400"
27095,"Os01g0812800"
27096,"Os01g0977400"
27097,"Os06g0224500"
27098,"Os11g0226700"
27099,"Os06g0212600"
27100,"Os04g0653100"
27101,"Os10g0573700"
27102,"Os01g0629400"
27103,"Os08g0289000"
27104,"Os03g0691800"
27105,"Os01g0946700"
27106,"Os11g0692500"
27107,"Os02g0112000"
27108,"Os02g0802700"
27109,"Os12g0502800"
27110,"Os09g0556300"
27111,"Os10g0486100"
27112,"Os02g0128500"
27113,"Os10g0567800"
27114,"Os06g0176200"
27115,"Os11g0109900"
27116,"Os03g0781400"
27117,"Os02g0705500"
27118,"Os01g0783900"
27119,"Os03g0186900"
27120,"Os10g0388200"
27121,"Os11g0230400"
27122,"Os07g0602100"
27123,"Os12g0565100"
27124,"Os10g0430200"
27125,"Os06g0271500"
27126,"Os02g0569400"
27127,"Os02g0794500"
27128,"osa-miR169m"
27129,"Os11g0167600"
27130,"Os01g0335700"
27131,"Os04g0531700"
27132,"Os06g0332800"
27133,"Os12g0509100"
27134,"Os07g0606600"
27135,"Os10g0370800"
27136,"Os03g0836000"
27137,"osa-miR169e"
27138,"Os01g0940700"
27139,"Os03g0794500"
27140,"Os11g0615700"
27141,"Os03g0332400"
27142,"Os07g0115300"
27143,"Os07g0132700"
27144,"Os11g0550800"
27145,"27145"
27146,"Os04g0308100"
27147,"Os06g0199200"
27148,"Os06g0701100"
27149,"Os07g0198300"
27150,"Os02g0114600"
27151,"Os01g0674500"
27152,"Os04g0653300"
27153,"Os04g0474500"
27154,"Os05g0560500"
27155,"Os06g0554800"
27156,"Os03g0117300"
27157,"Os06g0706400"
27158,"Os03g0629900"
27159,"Os08g0481700"
27160,"Os03g0184500"
27161,"Os01g0860500"
27162,"27162"
27163,"Os04g0610900"
27164,"Os03g0183200"
27165,"Os09g0504800"
27166,"Os06g0701700"
27167,"PGmControl0002"
27168,"Os05g0168400"
27169,"Os08g0218200"
27170,"Os12g0468000"
27171,"Os09g0289800"
27172,"Os04g0372800"
27173,"Os04g0690100"
27174,"Os03g0568600"
27175,"Os05g0435700"
27176,"Os04g0546500"
27177,"Os03g0156300"
27178,"Os01g0800000"
27179,"Os03g0844000"
27180,"Os06g0163300"
27181,"Os06g0246000"
27182,"Os08g0224200"
27183,"Os07g0169600"
27184,"Os02g0692200"
27185,"Os01g0735900"
27186,"Os08g0411300"
27187,"Os08g0554900"
27188,"Os06g0680700"
27189,"Os04g0203700"
27190,"Os04g0528400"
27191,"Os02g0646900"
27192,"Os08g0457400"
27193,"Os03g0197400"
27194,"Os09g0554200"
27195,"Os11g0114600"
27196,"Os11g0433600"
27197,"Os08g0330800"
27198,"Os05g0402300"
27199,"Os03g0112700"
27200,"Os04g0380200"
27201,"Os07g0134000"
27202,"Os02g0709400"
27203,"Os05g0186300"
27204,"Os07g0607400"
27205,"Os04g0368000"
27206,"Os02g0631100"
27207,"Os03g0621400"
27208,"Os03g0680200"
27209,"Os07g0516300"
27210,"Os03g0334800"
27211,"Os06g0319700"
27212,"Os03g0209400"
27213,"Os01g0794500"
27214,"Os06g0167500"
27215,"Os07g0662500"
27216,"Os08g0202400"
27217,"27217"
27218,"Os01g0723400"
27219,"Os03g0845600"
27220,"Os01g0674500"
27221,"osa-miR164f"
27222,"Os03g0728100"
27223,"Os01g0218800"
27224,"Os02g0686100"
27225,"Os02g0503400"
27226,"Os04g0610000"
27227,"osa-miR168a"
27228,"Os11g0479400"
27229,"Os09g0526600"
27230,"Os05g0323900"
27231,"Os07g0641800"
27232,"Os10g0491900"
27233,"Os01g0672100"
27234,"Os11g0211200"
27235,"Os11g0545600"
27236,"Os06g0553200"
27237,"Os04g0455600"
27238,"Os01g0659800"
27239,"Os11g0219400"
27240,"Os03g0731800"
27241,"Os07g0417800"
27242,"Os05g0126700"
27243,"Os10g0560700"
27244,"Os09g0494500"
27245,"Os02g0146400"
27246,"Os09g0133000"
27247,"Os01g0809300"
27248,"Os04g0571300"
27249,"Os06g0705900"
27250,"Os07g0409500"
27251,"Os08g0116800"
27252,"Os06g0500000"
27253,"Os02g0616100"
27254,"Os08g0135400"
27255,"Os06g0306600"
27256,"Os04g0522800"
27257,"Os09g0123300"
27258,"Os10g0138000"
27259,"Os05g0490900"
27260,"Os02g0209000"
27261,"Os04g0586100"
27262,"POsControl0007"
27263,"Os07g0584500"
27264,"Os01g0675500"
27265,"Os01g0610500"
27266,"Os03g0334800"
27267,"Os02g0498700"
27268,"Os01g0906400"
27269,"Os05g0233000"
27270,"Os07g0448800"
27271,"Os01g0279700"
27272,"Os01g0643300"
27273,"Os01g0897100"
27274,"Os03g0271600"
27275,"Os02g0231500"
27276,"Os09g0272900"
27277,"Os07g0690900"
27278,"Os01g0624000"
27279,"Os03g0809200"
27280,"Os11g0105400"
27281,"Os05g0488800"
27282,"Os06g0164100"
27283,"Os08g0180300"
27284,"Os07g0558800"
27285,"Os05g0228400"
27286,"Os05g0232900"
27287,"Os11g0300600"
27288,"Os09g0338500"
27289,"Os05g0192400"
27290,"Os03g0289800"
27291,"Os01g0525800"
27292,"Os12g0181600"
27293,"Os12g0181500"
27294,"Os07g0474400"
27295,"Os09g0412900"
27296,"Os11g0245500"
27297,"Os07g0683900"
27298,"Os04g0280500"
27299,"Os01g0944800"
27300,"Os10g0580700"
27301,"Os08g0458200"
27302,"Os08g0492400"
27303,"Os05g0417200"
27304,"Os03g0651700"
27305,"Os03g0563100"
27306,"Os08g0552600"
27307,"Os03g0173700"
27308,"Os08g0432500"
27309,"Os03g0819300"
27310,"Os05g0138700"
27311,"Os04g0495900"
27312,"Os03g0379100"
27313,"Os11g0454800"
27314,"Os02g0775100"
27315,"Os01g0652800"
27316,"Os03g0259700"
27317,"Os05g0567100"
27318,"Os05g0137100"
27319,"Os08g0184600"
27320,"Os07g0635500"
27321,"Os04g0493100"
27322,"Os07g0604300"
27323,"Os05g0438600"
27324,"Os04g0428500"
27325,"Os02g0566300"
27326,"Os04g0286400"
27327,"Os02g0530800"
27328,"Os11g0425800"
27329,"Os08g0163400"
27330,"osa-miR171a"
27331,"Os10g0399500"
27332,"Os01g0276900"
27333,"Os08g0475400"
27334,"Os04g0257500"
27335,"Os04g0407300"
27336,"POsControl0044"
27337,"Os03g0650000"
27338,"27338"
27339,"Os03g0843500"
27340,"Os01g0252700"
27341,"Os07g0120100"
27342,"Os11g0251400"
27343,"Os10g0529700"
27344,"Os02g0736500"
27345,"Os03g0365900"
27346,"Os01g0783600"
27347,"Os03g0210700"
27348,"Os11g0167800"
27349,"Os02g0774700"
27350,"Os01g0135600"
27351,"Os02g0101600"
27352,"POsControl0034"
27353,"POsControl0005"
27354,"Os01g0286600"
27355,"Os04g0691600"
27356,"Os03g0582100"
27357,"Os06g0526400"
27358,"Os06g0264800"
27359,"Os02g0629300"
27360,"Os08g0450700"
27361,"Os12g0244400"
27362,"Os04g0234400"
27363,"Os04g0461400"
27364,"Os07g0458500"
27365,"Os04g0438100"
27366,"Os07g0158300"
27367,"Os05g0542600"
27368,"POsControl0022"
27369,"27369"
27370,"Os05g0181700"
27371,"Os07g0582900"
27372,"Os02g0652100"
27373,"Os11g0614400"
27374,"Os05g0462600"
27375,"Os09g0569400"
27376,"27376"
27377,"Os06g0199300"
27378,"Os09g0424600"
27379,"Os12g0467700"
27380,"Os06g0531600"
27381,"Os02g0128100"
27382,"Os02g0603100"
27383,"Os01g0276600"
27384,"Os06g0605100"
27385,"Os05g0230600"
27386,"Os03g0149300"
27387,"Os07g0259000"
27388,"Os04g0355700"
27389,"Os01g0629900"
27390,"osa-miR399g"
27391,"Os02g0550900"
27392,"Os07g0575600"
27393,"Os03g0818100"
27394,"Os05g0127400"
27395,"Os01g0294700"
27396,"Os01g0777200"
27397,"Os01g0780800"
27398,"Os08g0243500"
27399,"Os03g0684500"
27400,"Os02g0745700"
27401,"Os01g0317100"
27402,"Os07g0141700"
27403,"Os08g0202300"
27404,"Os02g0462800"
27405,"Os03g0132200"
27406,"Os02g0161100"
27407,"Os02g0803700"
27408,"Os06g0641500"
27409,"Os06g0107100"
27410,"Os01g0238500"
27411,"Os06g0647600"
27412,"Os10g0360600"
27413,"Os03g0710700"
27414,"Os05g0107600"
27415,"Os04g0270100"
27416,"Os10g0170000"
27417,"Os06g0248400"
27418,"Os08g0525900"
27419,"Os03g0757200"
27420,"Os07g0202100"
27421,"Os02g0814600"
27422,"Os03g0721700"
27423,"Os01g0812000"
27424,"Os04g0668800"
27425,"Os02g0803700"
27426,"Os05g0499300"
27427,"Os11g0282900"
27428,"Os05g0506100"
27429,"POsControl0032"
27430,"Os03g0766900"
27431,"Os05g0120800"
27432,"Os02g0485600"
27433,"Os07g0568000"
27434,"Os01g0949500"
27435,"Os02g0141300"
27436,"Os01g0833700"
27437,"Os06g0271400"
27438,"Os02g0796500"
27439,"Os02g0556100"
27440,"Os03g0245100"
27441,"Os09g0431100"
27442,"Os01g0921000"
27443,"27443"
27444,"Os01g0689900"
27445,"Os10g0442800"
27446,"27446"
27447,"Os12g0563500"
27448,"Os01g0754300"
27449,"Os01g0615100"
27450,"Os02g0231600"
27451,"Os11g0131400"
27452,"Os02g0601500"
27453,"Os12g0514100"
27454,"Os09g0510500"
27455,"Os04g0190000"
27456,"Os06g0549600"
27457,"Os02g0768300"
27458,"Os01g0219100"
27459,"Os03g0232900"
27460,"Os04g0630600"
27461,"Os12g0275500"
27462,"Os06g0140800"
27463,"Os03g0712700"
27464,"Os09g0424300"
27465,"Os02g0741800"
27466,"Os03g0174600"
27467,"Os07g0164300"
27468,"Os04g0592300"
27469,"Os03g0179900"
27470,"Os08g0439600"
27471,"Os07g0479100"
27472,"Os05g0419000"
27473,"Os10g0579500"
27474,"Os12g0503000"
27475,"Os07g0141400"
27476,"Os01g0734600"
27477,"Os01g0614900"
27478,"Os06g0219600"
27479,"Os02g0150600"
27480,"Os07g0657100"
27481,"Os11g0472000"
27482,"Os10g0536700"
27483,"Os09g0487900"
27484,"Os08g0149100"
27485,"Os01g0949400"
27486,"Os08g0276100"
27487,"Os05g0263500"
27488,"Os02g0503300"
27489,"Os09g0346400"
27490,"Os05g0301500"
27491,"Os01g0178300"
27492,"Os04g0681400"
27493,"osa-miR172d"
27494,"Os11g0287000"
27495,"Os06g0172200"
27496,"Os09g0256100"
27497,"Os03g0259500"
27498,"Os06g0687400"
27499,"Os05g0122700"
27500,"Os04g0102600"
27501,"Os12g0548200"
27502,"Os01g0541000"
27503,"Os06g0574600"
27504,"Os11g0226900"
27505,"Os02g0703300"
27506,"Os07g0411900"
27507,"Os03g0221600"
27508,"Os04g0196200"
27509,"Os02g0131100"
27510,"Os09g0129600"
27511,"Os04g0506800"
27512,"Os07g0215200"
27513,"Os04g0524800"
27514,"Os02g0593700"
27515,"Os04g0654600"
27516,"Os10g0561500"
27517,"Os03g0328300"
27518,"Os06g0225800"
27519,"osa-miR396d"
27520,"Os05g0388500"
27521,"osa-miR166h"
27522,"Os04g0482000"
27523,"Os03g0596900"
27524,"Os04g0379900"
27525,"POsControl0008"
27526,"Os12g0192500"
27527,"Os08g0161800"
27528,"Os07g0273400"
27529,"Os11g0199700"
27530,"Os03g0356200"
27531,"Os01g0675800"
27532,"Os01g0382700"
27533,"POsControl0015"
27534,"Os01g0805800"
27535,"Os10g0491000"
27536,"Os07g0108800"
27537,"osa-miR160e"
27538,"Os01g0783800"
27539,"Os01g0270700"
27540,"Os02g0525900"
27541,"POsControl0013"
27542,"Os06g0637500"
27543,"Os07g0291400"
27544,"Os01g0559200"
27545,"osa-miR417"
27546,"Os12g0638700"
27547,"Os05g0556900"
27548,"Os07g0250900"
27549,"Os03g0601500"
27550,"Os02g0762900"
27551,"osa-miR171c"
27552,"Os08g0435900"
27553,"Os09g0537700"
27554,"Os02g0175600"
27555,"Os09g0498100"
27556,"Os07g0412400"
27557,"Os12g0552200"
27558,"Os05g0135700"
27559,"Os05g0220500"
27560,"Os03g0109400"
27561,"Os01g0339800"
27562,"Os03g0711600"
27563,"Os04g0446300"
27564,"Os02g0721600"
27565,"Os07g0185200"
27566,"Os06g0726400"
27567,"POsControl0033"
27568,"Os12g0422700"
27569,"Os06g0651000"
27570,"Os07g0416200"
27571,"Os02g0822500"
27572,"Os01g0945600"
27573,"Os06g0314600"
27574,"Os05g0470000"
27575,"Os01g0662800"
27576,"Os01g0165200"
27577,"Os02g0244700"
27578,"Os06g0715600"
27579,"Os12g0107300"
27580,"Os08g0158200"
27581,"Os06g0273100"
27582,"Os03g0719900"
27583,"Os04g0405000"
27584,"PGmControl0003"
27585,"Os05g0358000"
27586,"osa-miR395r"
27587,"Os04g0182200"
27588,"Os02g0490000"
27589,"Os06g0338700"
27590,"Os05g0592800"
27591,"Os06g0319100"
27592,"Os12g0229100"
27593,"Os01g0850100"
27594,"Os03g0661800"
27595,"Os07g0154400"
27596,"Os07g0424400"
27597,"Os07g0246600"
27598,"Os02g0160200"
27599,"POsControl0001"
27600,"Os09g0293900"
27601,"Os04g0660500"
27602,"Os01g0913400"
27603,"Os08g0514000"
27604,"Os03g0606100"
27605,"Os04g0620800"
27606,"Os10g0130700"
27607,"Os11g0284700"
27608,"Os09g0124100"
27609,"Os01g0805300"
27610,"Os02g0710800"
27611,"Os03g0146100"
27612,"Os02g0725200"
27613,"Os07g0688200"
27614,"27614"
27615,"Os01g0695700"
27616,"Os04g0610800"
27617,"Os01g0264500"
27618,"Os05g0163200"
27619,"Os12g0124000"
27620,"Os03g0406200"
27621,"Os10g0118800"
27622,"27622"
27623,"Os12g0111400"
27624,"Os09g0500800"
27625,"Os05g0294600"
27626,"Os09g0467400"
27627,"Os03g0314100"
27628,"Os05g0403000"
27629,"Os08g0501500"
27630,"Os04g0464600"
27631,"Os10g0530400"
27632,"Os04g0379500"
27633,"Os02g0467700"
27634,"Os07g0210000"
27635,"Os07g0613000"
27636,"Os01g0709000"
27637,"Os02g0628200"
27638,"Os11g0160600"
27639,"osa-miR169f"
27640,"Os09g0528000"
27641,"Os08g0280300"
27642,"Os10g0376200"
27643,"Os04g0388500"
27644,"Os02g0608500"
27645,"osa-miR160c"
27646,"Os11g0625000"
27647,"Os02g0197600"
27648,"Os01g0699900"
27649,"Os01g0392100"
27650,"Os03g0103700"
27651,"Os06g0488200"
27652,"Os10g0484300"
27653,"Os01g0170300"
27654,"Os01g0551900"
27655,"Os02g0105000"
27656,"Os01g0771400"
27657,"Os08g0368000"
27658,"Os09g0306400"
27659,"Os07g0631100"
27660,"Os02g0651300"
27661,"27661"
27662,"Os12g0566700"
27663,"Os05g0171900"
27664,"Os06g0724100"
27665,"Os09g0359800"
27666,"Os06g0244100"
27667,"Os03g0134900"
27668,"Os03g0233800"
27669,"Os04g0669100"
27670,"Os11g0423800"
27671,"Os06g0184300"
27672,"Os05g0478300"
27673,"Os06g0142100"
27674,"Os12g0125400"
27675,"Os08g0519900"
27676,"Os03g0122300"
27677,"Os06g0228200"
27678,"Os09g0284200"
27679,"Os03g0833900"
27680,"Os03g0140400"
27681,"Os07g0166600"
27682,"Os08g0348800"
27683,"Os01g0837900"
27684,"Os07g0601900"
27685,"Os03g0377400"
27686,"Os09g0483500"
27687,"Os02g0601300"
27688,"Os01g0174700"
27689,"Os07g0623200"
27690,"Os08g0338600"
27691,"Os07g0147800"
27692,"Os11g0592400"
27693,"Os05g0353400"
27694,"Os06g0705400"
27695,"Os11g0499600"
27696,"Os03g0307300"
27697,"Os01g0760600"
27698,"PGmControl0001"
27699,"Os02g0729700"
27700,"Os07g0667000"
27701,"Os02g0537700"
27702,"Os06g0101000"
27703,"Os01g0597800"
27704,"Os03g0778100"
27705,"Os04g0576500"
27706,"Os02g0815600"
27707,"Os10g0477200"
27708,"Os05g0405000"
27709,"Os12g0524700"
27710,"Os06g0147200"
27711,"Os09g0541000"
27712,"Os09g0337300"
27713,"Os02g0148600"
27714,"Os11g0505200"
27715,"Os06g0214800"
27716,"Os06g0608700"
27717,"Os04g0640300"
27718,"Os01g0968200"
27719,"Os05g0267900"
27720,"Os12g0186600"
27721,"Os04g0665800"
27722,"Os05g0138300"
27723,"osa-miR169n"
27724,"Os03g0154700"
27725,"Os04g0452100"
27726,"Os07g0590100"
27727,"Os07g0695100"
27728,"Os01g0838300"
27729,"Os01g0956600"
27730,"Os07g0628600"
27731,"osa-miR164b"
27732,"Os06g0274500"
27733,"Os06g0682800"
27734,"Os12g0104300"
27735,"Os07g0646100"
27736,"Os04g0588900"
27737,"Os11g0149100"
27738,"Os06g0234200"
27739,"Os12g0477100"
27740,"Os09g0252100"
27741,"Os02g0771600"
27742,"Os07g0602000"
27743,"Os03g0374600"
27744,"Os05g0519400"
27745,"Os05g0466900"
27746,"Os01g0598600"
27747,"Os07g0480700"
27748,"Os05g0332600"
27749,"Os01g0369700"
27750,"Os03g0762300"
27751,"Os08g0129700"
27752,"Os05g0567800"
27753,"Os05g0578900"
27754,"Os03g0157300"
27755,"Os05g0310500"
27756,"Os04g0413200"
27757,"Os11g0158200"
27758,"Os01g0315300"
27759,"Os08g0156700"
27760,"Os12g0145100"
27761,"Os10g0572900"
27762,"Os02g0661500"
27763,"Os01g0660200"
27764,"Os08g0561000"
27765,"osa-miR396c"
27766,"Os02g0704300"
27767,"Os11g0189600"
27768,"Os10g0135300"
27769,"Os05g0178600"
27770,"Os03g0767800"
27771,"Os01g0264900"
27772,"Os01g0518000"
27773,"Os07g0565600"
27774,"Os05g0301400"
27775,"Os05g0482400"
27776,"Os09g0132600"
27777,"Os03g0159100"
27778,"Os02g0125000"
27779,"Os03g0598800"
27780,"Os03g0280800"
27781,"Os01g0949400"
27782,"Os11g0170900"
27783,"Os12g0497400"
27784,"Os01g0182200"
27785,"Os06g0634500"
27786,"Os05g0421300"
27787,"Os01g0607200"
27788,"Os05g0473300"
27789,"Os04g0486400"
27790,"Os06g0150300"
27791,"Os07g0101000"
27792,"Os04g0665700"
27793,"Os01g0211200"
27794,"osa-miR164e"
27795,"Os08g0500700"
27796,"Os01g0279900"
27797,"Os06g0476200"
27798,"Os11g0195600"
27799,"Os04g0621800"
27800,"Os03g0724700"
27801,"Os02g0558100"
27802,"Os02g0606700"
27803,"Os01g0180800"
27804,"Os10g0412000"
27805,"Os01g0782100"
27806,"Os01g0826400"
27807,"Os11g0194600"
27808,"Os07g0556800"
27809,"Os07g0568500"
27810,"Os11g0514900"
27811,"Os04g0346100"
27812,"Os01g0815400"
27813,"Os05g0467000"
27814,"Os02g0109800"
27815,"Os04g0492600"
27816,"osa-miR164d"
27817,"Os01g0590200"
27818,"Os07g0570700"
27819,"Os04g0692000"
27820,"Os12g0143100"
27821,"Os04g0615500"
27822,"Os05g0567300"
27823,"Os01g0184000"
27824,"Os02g0754900"
27825,"Os03g0833200"
27826,"Os05g0162600"
27827,"osa-miR166h"
27828,"Os12g0428300"
27829,"Os01g0391100"
27830,"Os06g0633800"
27831,"Os04g0688300"
27832,"Os10g0479500"
27833,"Os01g0926300"
27834,"Os02g0537100"
27835,"Os05g0543300"
27836,"Os11g0623800"
27837,"Os08g0124500"
27838,"Os01g0871800"
27839,"Os04g0382400"
27840,"Os10g0545200"
27841,"Os02g0217900"
27842,"Os02g0165000"
27843,"Os04g0451700"
27844,"Os11g0191300"
27845,"Os01g0531200"
27846,"Os12g0175400"
27847,"Os02g0612900"
27848,"Os11g0461000"
27849,"Os04g0559400"
27850,"Os03g0363300"
27851,"Os05g0126900"
27852,"Os02g0554300"
27853,"27853"
27854,"Os08g0121900"
27855,"Os05g0382200"
27856,"Os01g0672100"
27857,"Os01g0121700"
27858,"Os02g0174100"
27859,"Os02g0770700"
27860,"Os03g0139200"
27861,"Os07g0619800"
27862,"Os03g0242400"
27863,"Os03g0766600"
27864,"Os07g0577600"
27865,"Os04g0625600"
27866,"Os11g0191400"
27867,"Os09g0541500"
27868,"Os06g0285500"
27869,"Os05g0536900"
27870,"Os01g0775100"
27871,"Os05g0180000"
27872,"Os04g0354200"
27873,"Os08g0441500"
27874,"Os03g0213400"
27875,"Os01g0363500"
27876,"Os11g0701800"
27877,"Os03g0809400"
27878,"27878"
27879,"Os02g0700700"
27880,"Os06g0647300"
27881,"Os09g0279500"
27882,"Os12g0207500"
27883,"Os12g0159600"
27885,"Os02g0526400"
27886,"Os10g0143200"
27887,"Os06g0128100"
27888,"Os08g0411900"
27889,"27889"
27890,"Os06g0188000"
27891,"Os12g0512400"
27892,"Os06g0101900"
27893,"Os06g0729400"
27894,"osa-miR166c"
27895,"Os02g0710300"
27896,"Os02g0133300"
27897,"Os01g0246400"
27898,"Os01g0658900"
27899,"Os06g0298200"
27900,"Os02g0503400"
27901,"Os03g0211400"
27902,"Os08g0497300"
27903,"Os10g0454200"
27904,"Os05g0411300"
27905,"Os07g0130100"
27906,"Os07g0137200"
27907,"Os07g0509800"
27908,"Os06g0598000"
27909,"Os04g0388700"
27910,"Os08g0262500"
27911,"osa-miR439j"
27912,"Os04g0412700"
27913,"Os03g0218500"
27914,"Os03g0174800"
27915,"Os02g0206700"
27916,"Os05g0519400"
27917,"Os03g0107600"
27918,"Os04g0329500"
27919,"Os03g0263700"
27920,"Os01g0800000"
27921,"27921"
27922,"Os01g0679900"
27923,"Os06g0259000"
27924,"Os03g0246800"
27925,"Os03g0849500"
27926,"Os02g0508500"
27927,"Os10g0569400"
27928,"osa-miR166i"
27929,"Os09g0128600"
27930,"Os11g0681700"
27931,"Os01g0567400"
27932,"Os08g0498100"
27933,"Os07g0192400"
27934,"Os04g0638800"
27935,"Os11g0102800"
27936,"Os05g0593100"
27937,"Os05g0173400"
27938,"Os12g0600000"
27939,"Os01g0201000"
27940,"Os01g0132600"
27941,"POsControl0007"
27942,"Os11g0514700"
27943,"Os10g0571800"
27944,"Os01g0784700"
27945,"Os03g0725800"
27946,"Os03g0340700"
27947,"Os01g0617700"
27948,"Os01g0549500"
27949,"Os06g0578400"
27950,"Os03g0118400"
27951,"Os08g0357300"
27952,"Os03g0288000"
27953,"Os07g0222000"
27954,"Os01g0840200"
27955,"Os09g0353400"
27956,"Os10g0131100"
27957,"Os03g0769400"
27958,"Os04g0660400"
27959,"PAtControl0001"
27960,"Os06g0181900"
27961,"Os08g0142500"
27962,"Os02g0620800"
27963,"Os03g0348800"
27964,"Os03g0351400"
27965,"Os03g0376600"
27966,"Os10g0416800"
27967,"Os08g0260400"
27968,"Os09g0241700"
27969,"Os08g0152600"
27970,"Os04g0506800"
27971,"Os03g0760300"
27972,"Os03g0250000"
27973,"Os01g0104100"
27974,"Os05g0510600"
27975,"Os06g0182400"
27976,"Os11g0586900"
27977,"Os04g0117600"
27978,"Os05g0397300"
27979,"Os01g0860500"
27980,"Os06g0726500"
27981,"Os04g0607400"
27982,"Os07g0292800"
27983,"Os03g0166500"
27984,"Os10g0510000"
27985,"Os05g0443900"
27986,"Os05g0543200"
27987,"Os08g0547500"
27988,"Os01g0884300"
27989,"Os02g0781900"
27990,"Os01g0944100"
27991,"Os02g0601800"
27992,"Os07g0598700"
27993,"Os03g0835100"
27994,"Os01g0256500"
27995,"Os08g0287800"
27996,"Os02g0630000"
27997,"Os02g0528100"
27998,"Os01g0114300"
27999,"Os06g0722200"
28000,"Os08g0509100"
28001,"Os01g0224500"
28002,"Os06g0298500"
28003,"osa-miR417"
28004,"Os12g0625000"
28005,"Os02g0112000"
28006,"Os01g0242200"
28007,"Os02g0812400"
28008,"Os04g0151900"
28009,"Os04g0321500"
28010,"Os05g0588100"
28011,"Os11g0156700"
28012,"Os02g0600200"
28013,"Os04g0234600"
28014,"Os05g0469600"
28015,"Os03g0136200"
28016,"Os10g0571600"
28017,"Os02g0824900"
28018,"Os12g0557400"
28019,"Os02g0197600"
28020,"Os02g0700600"
28021,"Os01g0525700"
28022,"Os04g0179200"
28023,"Os12g0489400"
28024,"Os05g0496100"
28025,"Os04g0617400"
28026,"Os03g0680400"
28027,"Os03g0822400"
28028,"Os07g0588500"
28029,"Os03g0255900"
28030,"Os09g0513200"
28031,"Os06g0570100"
28032,"Os01g0968700"
28033,"Os10g0508900"
28034,"Os03g0790100"
28035,"Os02g0151700"
28036,"Os09g0394900"
28037,"Os02g0760300"
28038,"28038"
28039,"Os06g0523100"
28040,"Os01g0127400"
28041,"Os03g0204100"
28042,"Os10g0378300"
28043,"Os04g0674500"
28044,"Os09g0246200"
28045,"Os06g0714900"
28046,"Os07g0595900"
28047,"Os01g0575000"
28048,"Os11g0116200"
28049,"Os09g0493800"
28050,"Os03g0283500"
28051,"Os09g0482500"
28052,"Os01g0313300"
28053,"Os01g0754200"
28054,"Os02g0122900"
28055,"Os02g0564600"
28056,"Os04g0600200"
28057,"Os06g0214800"
28058,"Os11g0583200"
28059,"Os05g0217800"
28060,"Os04g0566900"
28061,"Os11g0191300"
28062,"Os01g0803200"
28063,"Os06g0127600"
28064,"Os12g0257500"
28065,"Os07g0235800"
28066,"Os07g0497000"
28067,"Os03g0822000"
28068,"Os12g0291200"
28069,"Os06g0593100"
28070,"Os06g0490000"
28071,"Os10g0458300"
28072,"Os04g0621900"
28073,"Os05g0170700"
28074,"Os03g0587100"
28075,"Os12g0127800"
28076,"28076"
28077,"Os06g0134700"
28078,"Os12g0217300"
28079,"Os11g0531300"
28080,"Os10g0434800"
28081,"Os05g0546400"
28082,"Os01g0376700"
28083,"Os06g0574500"
28084,"Os04g0463600"
28085,"Os04g0432500"
28086,"Os01g0869300"
28087,"Os07g0484300"
28088,"Os12g0581800"
28089,"Os02g0602600"
28090,"Os09g0557700"
28091,"Os03g0640100"
28092,"Os06g0494400"
28093,"Os06g0562200"
28094,"Os12g0573200"
28095,"Os02g0314300"
28096,"Os01g0253800"
28097,"28097"
28098,"Os08g0372900"
28099,"Os09g0483300"
28100,"Os03g0363800"
28101,"Os12g0267200"
28102,"Os04g0142400"
28103,"osa-miR439j"
28104,"Os05g0123200"
28105,"Os12g0197500"
28106,"Os06g0156600"
28107,"28107"
28108,"Os09g0408000"
28109,"Os05g0583000"
28110,"Os03g0387900"
28111,"Os05g0429400"
28112,"28112"
28113,"Os07g0187900"
28114,"Os01g0674500"
28115,"Os07g0407700"
28116,"Os12g0516300"
28117,"Os02g0178000"
28119,"Os11g0250400"
28120,"Os06g0650900"
28121,"Os06g0141400"
28122,"Os11g0188900"
28123,"Os09g0518700"
28124,"Os03g0323300"
28125,"Os05g0473000"
28126,"Os09g0299000"
28127,"Os03g0416500"
28128,"Os01g0823200"
28129,"Os01g0382200"
28130,"Os05g0535300"
28131,"Os10g0555600"
28132,"Os09g0476100"
28133,"Os03g0230500"
28134,"Os07g0622200"
28135,"Os01g0607000"
28136,"Os04g0106300"
28137,"Os02g0638300"
28138,"osa-miR171a"
28139,"Os06g0662700"
28140,"Os12g0208900"
28141,"Os09g0465600"
28142,"Os02g0261000"
28143,"Os07g0235600"
28144,"Os07g0679200"
28145,"Os09g0562600"
28146,"Os05g0402600"
28147,"Os08g0440100"
28148,"Os03g0259100"
28149,"Os02g0128200"
28150,"Os07g0521800"
28151,"Os07g0673500"
28152,"Os06g0266000"
28153,"Os04g0533500"
28154,"Os11g0600000"
28155,"Os03g0384900"
28156,"Os08g0434500"
28157,"Os01g0239700"
28158,"Os08g0556300"
28159,"osa-miR395p"
28160,"Os01g0676200"
28161,"Os04g0162100"
28162,"Os08g0558800"
28163,"Os01g0924900"
28164,"Os04g0648000"
28165,"Os03g0363100"
28166,"Os09g0426100"
28167,"Os06g0525000"
28168,"Os12g0614000"
28169,"Os11g0109600"
28170,"osa-miR443"
28171,"Os01g0795600"
28172,"Os01g0728900"
28173,"Os07g0297100"
28174,"Os03g0436300"
28175,"Os11g0416900"
28176,"Os01g0124100"
28177,"Os10g0442100"
28178,"Os02g0753200"
28179,"Os07g0499300"
28180,"Os05g0157200"
28181,"Os01g0736100"
28182,"Os12g0141000"
28183,"Os05g0408900"
28184,"Os06g0609600"
28185,"Os07g0507500"
28186,"Os04g0405600"
28187,"Os07g0463500"
28188,"Os01g0510800"
28189,"Os02g0251900"
28190,"Os04g0364800"
28191,"Os03g0733600"
28192,"Os01g0929100"
28193,"Os11g0594600"
28194,"Os03g0389700"
28195,"Os11g0242800"
28196,"Os06g0305200"
28197,"Os01g0338100"
28198,"Os06g0671000"
28199,"Os06g0133000"
28200,"Os04g0476100"
28201,"Os01g0971700"
28202,"Os02g0215000"
28203,"Os07g0521600"
28204,"Os12g0167700"
28205,"Os07g0134000"
28206,"Os02g0722400"
28207,"Os08g0263400"
28208,"Os09g0493500"
28209,"Os01g0940700"
28210,"Os06g0303400"
28211,"Os07g0670600"
28212,"Os03g0240800"
28213,"Os07g0694700"
28214,"osa-miR156c"
28215,"Os06g0260000"
28216,"Os10g0200000"
28217,"Os01g0130000"
28218,"osa-miR166c"
28219,"Os07g0158300"
28220,"Os01g0375500"
28221,"Os08g0239100"
28222,"Os01g0219500"
28223,"Os09g0361500"
28224,"Os02g0806500"
28225,"Os11g0210900"
28226,"Os07g0100600"
28227,"Os04g0590600"
28228,"Os01g0739500"
28229,"Os06g0708300"
28230,"Os08g0126300"
28231,"Os01g0888500"
28232,"Os04g0417800"
28233,"Os05g0562000"
28234,"Os02g0606200"
28235,"Os08g0171000"
28236,"Os01g0588000"
28237,"Os06g0726200"
28238,"Os12g0624800"
28239,"Os01g0196800"
28240,"Os01g0158400"
28241,"Os04g0467400"
28242,"Os05g0455600"
28243,"Os02g0175400"
28244,"Os01g0874700"
28245,"Os11g0137000"
28246,"Os04g0189400"
28247,"Os03g0261800"
28248,"Os06g0707300"
28249,"Os08g0214900"
28250,"Os06g0196700"
28251,"Os02g0805000"
28252,"Os04g0635700"
28253,"Os02g0733500"
28254,"Os07g0628500"
28255,"Os03g0673800"
28256,"Os06g0669800"
28257,"Os11g0579400"
28258,"Os04g0426700"
28259,"Os03g0762200"
28260,"Os09g0486500"
28261,"Os02g0637700"
28262,"Os06g0103400"
28263,"Os07g0608800"
28264,"Os09g0423400"
28265,"Os02g0290400"
28266,"Os10g0390500"
28267,"Os04g0110600"
28268,"Os02g0828300"
28269,"Os10g0184300"
28270,"Os07g0258400"
28271,"Os02g0236800"
28272,"Os06g0492200"
28273,"Os07g0571000"
28274,"Os02g0831200"
28275,"Os11g0586300"
28276,"Os09g0546900"
28277,"Os08g0360000"
28278,"Os04g0293600"
28279,"Os02g0814400"
28280,"Os02g0761000"
28281,"Os01g0291500"
28282,"Os07g0290500"
28283,"Os02g0549700"
28284,"Os10g0579300"
28285,"Os11g0481400"
28286,"Os05g0386700"
28287,"Os04g0582400"
28288,"Os12g0170300"
28289,"Os04g0581300"
28290,"Os04g0536500"
28291,"Os02g0543100"
28292,"Os01g0288800"
28293,"Os05g0431000"
28294,"28294"
28295,"Os04g0602800"
28296,"Os03g0762100"
28297,"Os06g0308900"
28298,"Os01g0610300"
28299,"Os03g0793500"
28300,"Os10g0498500"
28301,"Os07g0415200"
28302,"Os07g0181500"
28303,"Os06g0705100"
28304,"Os07g0495000"
28305,"Os05g0366800"
28306,"Os03g0218400"
28307,"Os04g0401000"
28308,"Os01g0801600"
28309,"Os06g0192000"
28310,"Os06g0313000"
28311,"Os08g0120000"
28312,"Os10g0130500"
28313,"Os01g0679700"
28314,"Os10g0100700"
28315,"Os02g0489400"
28316,"Os04g0620200"
28317,"Os01g0685900"
28318,"Os06g0706500"
28319,"Os09g0322800"
28320,"Os03g0336200"
28321,"Os10g0487200"
28322,"Os12g0483500"
28323,"Os11g0615200"
28324,"POsControl0047"
28325,"Os06g0517000"
28326,"Os07g0635300"
28327,"Os02g0782700"
28328,"Os11g0154500"
28329,"Os08g0549200"
28330,"Os01g0260500"
28331,"Os01g0132000"
28332,"Os06g0622300"
28333,"Os02g0295700"
28334,"Os01g0739300"
28335,"Os03g0297700"
28336,"Os03g0772100"
28337,"Os07g0147600"
28338,"Os06g0618700"
28339,"Os12g0523000"
28340,"Os02g0754200"
28341,"Os02g0798400"
28342,"Os11g0116900"
28343,"Os03g0842300"
28344,"Os05g0569200"
28345,"Os06g0125000"
28346,"Os03g0413000"
28347,"Os01g0193500"
28348,"Os02g0528200"
28349,"Os05g0292700"
28350,"Os11g0167800"
28351,"Os12g0552700"
28352,"Os04g0485300"
28353,"Os06g0227300"
28354,"Os08g0118100"
28355,"Os08g0184200"
28356,"Os11g0607900"
28357,"28357"
28358,"osa-miR166f"
28359,"Os01g0825500"
28360,"Os03g0367000"
28361,"Os07g0675000"
28362,"Os11g0700500"
28363,"Os01g0315800"
28364,"28364"
28365,"Os02g0602400"
28366,"Os02g0743400"
28367,"Os02g0750500"
28368,"Os01g0570500"
28369,"Os03g0321500"
28370,"Os12g0223300"
28371,"Os08g0154900"
28372,"Os04g0278600"
28373,"Os01g0706200"
28374,"Os05g0548600"
28375,"Os02g0282500"
28376,"Os01g0825800"
28377,"Os01g0548600"
28378,"Os01g0655300"
28379,"Os09g0375000"
28380,"Os02g0623300"
28381,"Os01g0184100"
28382,"Os01g0186200"
28383,"Os12g0176700"
28384,"Os06g0199800"
28385,"Os01g0616500"
28386,"Os02g0663100"
28387,"Os08g0179100"
28388,"Os01g0675700"
28389,"Os08g0120000"
28390,"Os02g0185200"
28391,"Os03g0234200"
28392,"Os08g0126300"
28393,"Os04g0205700"
28394,"Os09g0309600"
28395,"Os03g0861700"
28396,"Os11g0425900"
28397,"Os05g0176300"
28398,"Os05g0421300"
28399,"Os04g0544200"
28400,"Os08g0559600"
28401,"Os02g0561800"
28402,"Os06g0704700"
28403,"Os06g0498900"
28404,"Os01g0909500"
28405,"Os01g0238800"
28406,"Os05g0542200"
28407,"Os12g0566400"
28408,"Os01g0618700"
28409,"Os02g0696600"
28410,"Os03g0452300"
28411,"Os01g0868900"
28412,"Os01g0901300"
28413,"POsControl0040"
28414,"Os12g0580300"
28415,"Os11g0594700"
28416,"Os01g0648000"
28417,"Os05g0577200"
28418,"Os12g0143200"
28419,"Os03g0786100"
28420,"Os03g0241200"
28421,"Os02g0567100"
28422,"Os01g0640700"
28423,"Os01g0901000"
28424,"Os02g0820500"
28425,"Os06g0707400"
28426,"Os01g0805900"
28427,"Os04g0517900"
28428,"Os02g0309000"
28429,"Os08g0441900"
28430,"Os05g0394000"
28431,"Os03g0411000"
28432,"Os11g0477400"
28433,"Os03g0718100"
28434,"Os04g0498200"
28435,"Os03g0855600"
28436,"Os05g0217700"
28437,"Os11g0130800"
28438,"Os04g0525200"
28439,"Os10g0321600"
28440,"Os02g0216300"
28441,"Os04g0373400"
28442,"Os01g0939600"
28443,"Os03g0124000"
28444,"Os03g0194900"
28445,"Os06g0283300"
28446,"Os06g0591400"
28447,"Os12g0199000"
28448,"Os11g0209000"
28449,"Os07g0538700"
28450,"28450"
28451,"Os03g0397300"
28452,"Os03g0815200"
28453,"Os02g0602000"
28454,"Os06g0214300"
28455,"Os01g0505400"
28456,"Os12g0115500"
28457,"Os03g0273800"
28458,"Os02g0800600"
28459,"Os03g0389900"
28460,"Os08g0322600"
28461,"Os02g0233200"
28462,"Os08g0326400"
28463,"Os05g0461600"
28464,"Os08g0327200"
28465,"Os12g0446700"
28466,"Os09g0332900"
28467,"Os12g0592900"
28468,"Os05g0343400"
28469,"Os08g0285100"
28470,"Os06g0597400"
28471,"Os08g0242700"
28472,"Os04g0120100"
28473,"Os02g0118800"
28474,"Os01g0946500"
28475,"Os02g0329800"
28476,"Os11g0472100"
28477,"Os06g0332500"
28478,"Os01g0550600"
28479,"Os01g0935700"
28480,"Os12g0115600"
28481,"28481"
28482,"Os07g0287400"
28483,"Os12g0173300"
28484,"Os08g0152400"
28485,"Os05g0348100"
28486,"Os01g0973400"
28487,"Os06g0288300"
28488,"Os12g0574500"
28489,"Os03g0757600"
28490,"Os01g0265100"
28491,"Os08g0498100"
28492,"Os02g0730000"
28493,"Os07g0581100"
28494,"Os06g0661400"
28495,"Os03g0669300"
28496,"Os08g0536100"
28497,"Os01g0821800"
28498,"Os01g0724700"
28499,"Os06g0590600"
28500,"Os04g0308500"
28501,"Os05g0170600"
28502,"Os06g0600800"
28503,"Os01g0526200"
28504,"Os01g0178000"
28505,"Os07g0555300"
28506,"Os01g0134300"
28507,"Os09g0475400"
28508,"Os07g0129200"
28509,"Os03g0294600"
28510,"Os02g0202800"
28511,"Os06g0164400"
28512,"Os11g0166400"
28513,"Os05g0526300"
28514,"Os07g0468500"
28515,"Os01g0971200"
28516,"Os02g0567200"
28517,"Os06g0201000"
28518,"Os10g0491100"
28519,"Os03g0852300"
28520,"Os03g0646900"
28521,"Os07g0677100"
28522,"Os12g0265200"
28523,"Os05g0350500"
28524,"Os03g0802400"
28525,"Os02g0795200"
28526,"Os04g0386600"
28527,"Os09g0503100"
28528,"Os12g0110100"
28529,"Os07g0559100"
28530,"Os05g0158200"
28531,"Os09g0532900"
28532,"28532"
28533,"Os02g0823100"
28534,"Os03g0574600"
28535,"Os07g0277900"
28536,"Os09g0479800"
28537,"Os01g0305900"
28538,"Os09g0461500"
28539,"Os12g0281600"
28540,"Os05g0530500"
28541,"osa-miR443"
28542,"Os07g0270900"
28543,"Os03g0619700"
28544,"Os03g0157700"
28545,"Os10g0370400"
28546,"Os03g0195300"
28547,"Os07g0586900"
28548,"Os03g0760400"
28549,"28549"
28550,"Os04g0438300"
28552,"Os03g0169300"
28553,"Os02g0788400"
28554,"Os10g0362100"
28555,"Os01g0155500"
28556,"Os06g0649900"
28557,"Os12g0632000"
28558,"Os03g0792500"
28559,"Os08g0393900"
28560,"Os05g0418100"
28561,"POsControl0037"
28562,"Os04g0416500"
28563,"Os07g0197400"
28564,"Os09g0570700"
28565,"Os02g0694200"
28566,"Os01g0971200"
28567,"Os07g0291500"
28568,"Os06g0333200"
28569,"Os01g0703400"
28570,"Os02g0139200"
28571,"Os05g0143000"
28572,"Os07g0571800"
28573,"Os12g0154600"
28574,"Os03g0178600"
28575,"Os11g0138300"
28576,"Os05g0182900"
28577,"Os01g0835500"
28578,"Os09g0122500"
28579,"Os08g0134900"
28580,"Os10g0458900"
28581,"Os01g0808100"
28582,"Os06g0325900"
28583,"Os03g0116100"
28584,"Os01g0124400"
28585,"Os06g0177400"
28586,"Os01g0324200"
28587,"Os04g0177300"
28588,"POsControl0016"
28589,"osa-miR171d"
28590,"Os11g0708600"
28591,"Os08g0518100"
28592,"Os01g0124700"
28593,"Os05g0491500"
28594,"Os02g0187100"
28595,"Os06g0659400"
28596,"PTaControl0002"
28597,"Os02g0330200"
28598,"Os01g0931200"
28599,"Os04g0508500"
28600,"Os09g0357400"
28601,"Os12g0528300"
28602,"Os02g0805800"
28603,"Os07g0426000"
28604,"Os07g0643700"
28605,"Os02g0555000"
28606,"Os07g0104500"
28607,"Os05g0365700"
28608,"Os12g0520600"
28609,"Os05g0415400"
28610,"Os01g0559700"
28611,"Os02g0503800"
28612,"Os08g0169700"
28613,"osa-miR408"
28614,"Os08g0518800"
28615,"Os10g0523100"
28616,"Os11g0702900"
28617,"Os08g0240000"
28618,"Os01g0772700"
28619,"Os10g0410200"
28620,"Os03g0130800"
28621,"Os08g0224500"
28622,"Os09g0322000"
28623,"Os06g0129200"
28624,"Os01g0150000"
28625,"Os04g0575400"
28626,"Os10g0419500"
28627,"Os04g0585400"
28628,"Os02g0102700"
28629,"POsControl0016"
28630,"Os07g0252000"
28631,"Os10g0485100"
28632,"Os04g0543600"
28633,"Os04g0419500"
28634,"Os05g0369100"
28635,"Os12g0101800"
28636,"Os01g0678500"
28637,"Os02g0684200"
28638,"Os02g0286600"
28639,"Os02g0462000"
28640,"Os03g0685500"
28641,"Os07g0695400"
28642,"Os01g0343100"
28643,"Os04g0449000"
28644,"Os01g0190300"
28645,"Os10g0575200"
28646,"Os02g0820700"
28647,"Os03g0799200"
28648,"Os05g0209500"
28649,"Os08g0442400"
28650,"Os02g0301000"
28651,"Os02g0803200"
28652,"Os06g0647700"
28653,"Os02g0257400"
28654,"Os08g0500100"
28655,"Os03g0726100"
28656,"Os02g0597700"
28657,"Os02g0554100"
28658,"Os07g0182900"
28659,"Os05g0524100"
28660,"Os11g0597400"
28661,"Os01g0817400"
28662,"Os05g0495700"
28663,"Os07g0121200"
28664,"Os01g0662600"
28665,"Os04g0491500"
28666,"Os03g0258200"
28667,"Os05g0132500"
28668,"Os07g0127700"
28669,"Os06g0655200"
28670,"Os04g0498400"
28671,"Os07g0629000"
28672,"Os08g0484400"
28673,"Os03g0718100"
28674,"Os09g0279400"
28675,"Os11g0214400"
28676,"Os04g0271400"
28677,"Os03g0710800"
28678,"Os03g0667500"
28679,"Os04g0670200"
28680,"Os05g0498200"
28681,"Os09g0133600"
28682,"osa-miR399k"
28683,"Os03g0820500"
28684,"Os01g0622400"
28685,"Os05g0357600"
28686,"Os04g0422600"
28687,"Os01g0934000"
28688,"Os10g0497700"
28689,"Os05g0343200"
28690,"Os05g0196400"
28691,"Os05g0173500"
28692,"Os12g0636100"
28693,"Os01g0383700"
28694,"Os02g0521100"
28695,"Os02g0782200"
28696,"Os05g0367400"
28697,"Os02g0153400"
28698,"Os03g0788800"
28699,"Os03g0554900"
28700,"Os04g0384000"
28701,"Os03g0758800"
28702,"Os03g0771500"
28703,"Os03g0135700"
28704,"Os04g0447400"
28705,"Os06g0233400"
28706,"Os03g0725200"
28707,"Os07g0513400"
28708,"POsControl0005"
28709,"Os08g0397800"
28710,"Os11g0569600"
28711,"Os11g0249900"
28712,"Os02g0771300"
28713,"Os11g0264200"
28714,"Os09g0250700"
28715,"Os06g0356800"
28716,"Os08g0428300"
28717,"Os07g0597200"
28718,"Os08g0459400"
28719,"Os11g0598200"
28720,"Os04g0472100"
28721,"Os01g0963600"
28722,"Os05g0312600"
28723,"Os01g0113500"
28724,"Os06g0252800"
28725,"Os06g0140200"
28726,"Os02g0689800"
28727,"Os12g0485800"
28728,"Os03g0198500"
28729,"Os01g0934200"
28730,"Os02g0590000"
28731,"Os05g0471000"
28732,"Os04g0454600"
28733,"POsControl0024"
28734,"Os06g0681400"
28735,"Os12g0209100"
28736,"Os01g0841700"
28737,"Os01g0896700"
28738,"Os01g0719300"
28739,"Os03g0264400"
28740,"Os07g0674800"
28741,"Os07g0232900"
28742,"Os02g0829100"
28743,"Os11g0621000"
28744,"Os02g0793200"
28745,"Os06g0202600"
28746,"Os04g0605300"
28747,"Os02g0175100"
28748,"Os11g0251600"
28749,"Os04g0573300"
28750,"Os06g0505400"
28751,"Os07g0584700"
28752,"Os11g0577700"
28753,"Os10g0573800"
28754,"Os10g0151500"
28755,"Os08g0515100"
28756,"Os05g0402300"
28757,"Os04g0191600"
28758,"Os02g0803700"
28759,"Os02g0140400"
28760,"Os06g0105800"
28761,"Os02g0283800"
28762,"Os10g0412600"
28763,"Os11g0594000"
28764,"Os01g0132200"
28765,"Os09g0558800"
28766,"Os02g0808300"
28767,"Os09g0536700"
28768,"Os02g0739700"
28769,"Os06g0255700"
28770,"Os03g0140700"
28771,"Os04g0668300"
28772,"Os01g0708700"
28773,"Os10g0507600"
28774,"Os03g0266300"
28775,"Os08g0547000"
28776,"Os02g0299000"
28777,"Os08g0104400"
28778,"Os05g0500400"
28779,"Os02g0744200"
28780,"Os02g0475000"
28781,"Os09g0273700"
28782,"Os02g0702600"
28783,"Os07g0133500"
28784,"Os05g0443700"
28785,"Os03g0184000"
28786,"Os03g0281500"
28787,"28787"
28788,"28788"
28789,"Os01g0767200"
28790,"Os12g0410200"
28791,"Os04g0669400"
28792,"Os09g0498400"
28793,"Os01g0600000"
28794,"Os04g0653000"
28795,"Os07g0669100"
28796,"Os01g0232400"
28797,"POsControl0022"
28798,"Os01g0900800"
28799,"POsControl0030"
28800,"Os08g0546800"
28801,"Os06g0291600"
28802,"Os04g0477200"
28803,"Os02g0538700"
28804,"Os08g0135600"
28805,"Os08g0366100"
28806,"Os02g0266000"
28807,"Os11g0592500"
28808,"Os06g0653200"
28809,"Os06g0542100"
28810,"Os03g0234200"
28811,"Os09g0565900"
28812,"Os03g0685700"
28813,"Os03g0838400"
28814,"Os08g0474800"
28815,"Os04g0252000"
28816,"Os01g0128200"
28817,"Os08g0139100"
28818,"Os12g0182200"
28819,"osa-miR159d"
28820,"Os08g0150600"
28821,"Os02g0745100"
28822,"Os01g0267600"
28823,"28823"
28824,"Os04g0670100"
28825,"Os06g0220100"
28826,"Os04g0614000"
28827,"Os01g0958800"
28828,"Os02g0563800"
28829,"Os01g0584700"
28830,"Os04g0560600"
28831,"Os03g0268200"
28832,"Os09g0552300"
28833,"Os09g0537600"
28834,"Os07g0640300"
28835,"Os06g0136900"
28836,"Os04g0539500"
28837,"Os04g0362300"
28838,"Os03g0268000"
28839,"Os08g0137300"
28840,"Os01g0966000"
28841,"Os07g0608700"
28842,"Os01g0884500"
28843,"Os04g0382800"
28844,"Os10g0494000"
28845,"Os01g0555200"
28846,"Os01g0269500"
28847,"Os03g0258900"
28848,"osa-miR398b"
28849,"Os05g0307200"
28850,"Os02g0237700"
28851,"Os06g0726100"
28852,"Os10g0521600"
28853,"Os01g0567500"
28854,"Os11g0151800"
28855,"Os06g0148200"
28856,"Os04g0405800"
28857,"Os12g0500800"
28858,"Os03g0200600"
28859,"Os12g0263500"
28860,"Os08g0553800"
28861,"Os07g0645500"
28862,"Os05g0399700"
28863,"Os04g0585200"
28864,"Os12g0637100"
28865,"Os12g0587400"
28866,"Os04g0531300"
28867,"Os05g0386800"
28868,"Os05g0231600"
28869,"28869"
28870,"Os10g0476200"
28871,"Os02g0108800"
28872,"Os12g0177200"
28873,"Os07g0615900"
28874,"Os11g0207600"
28875,"Os06g0334400"
28876,"Os12g0565100"
28877,"Os01g0356300"
28878,"Os11g0127700"
28879,"Os08g0374800"
28880,"Os02g0582100"
28881,"Os11g0595200"
28882,"Os02g0797300"
28883,"Os04g0589900"
28884,"Os08g0536200"
28885,"Os08g0512400"
28886,"Os08g0261400"
28887,"Os07g0129700"
28888,"Os01g0750800"
28889,"Os11g0572200"
28890,"Os05g0491200"
28891,"Os07g0662700"
28892,"osa-miR168a"
28893,"Os03g0123100"
28894,"Os03g0664400"
28895,"Os06g0115100"
28896,"Os05g0106600"
28897,"Os04g0462200"
28898,"Os08g0141300"
28899,"Os05g0316400"
28900,"Os04g0548000"
28901,"Os09g0272500"
28902,"Os07g0499800"
28903,"Os05g0573000"
28904,"Os06g0297500"
28905,"Os01g0619900"
28906,"osa-miR443"
28907,"Os03g0330000"
28908,"Os12g0541200"
28909,"Os05g0135500"
28910,"Os02g0777100"
28911,"Os08g0516900"
28912,"Os03g0577000"
28913,"Os02g0511500"
28914,"Os06g0594300"
28915,"Os08g0110600"
28916,"Os12g0605200"
28917,"Os11g0585700"
28918,"Os06g0220600"
28919,"Os01g0948000"
28920,"Os01g0106500"
28921,"Os12g0147800"
28922,"Os12g0560300"
28923,"Os08g0482100"
28924,"Os07g0205700"
28925,"Os08g0224800"
28926,"Os04g0677800"
28927,"Os10g0150800"
28928,"28928"
28929,"Os09g0532200"
28930,"Os04g0227000"
28931,"Os04g0105700"
28932,"Os02g0204500"
28933,"28933"
28934,"Os04g0463700"
28935,"Os03g0214900"
28936,"Os01g0292900"
28937,"Os07g0658400"
28938,"Os02g0574500"
28939,"Os10g0210500"
28940,"Os03g0128700"
28941,"Os09g0135400"
28942,"Os01g0725800"
28943,"Os10g0492400"
28944,"Os11g0562100"
28945,"Os11g0564800"
28946,"Os04g0174900"
28947,"Os04g0481600"
28948,"Os08g0520400"
28949,"Os11g0246900"
28950,"Os01g0868900"
28951,"Os09g0348200"
28952,"Os07g0569000"
28953,"Os07g0267300"
28954,"Os05g0198700"
28955,"Os12g0529200"
28956,"Os01g0951400"
28957,"Os07g0170800"
28958,"Os11g0582800"
28959,"Os07g0414300"
28960,"POsControl0042"
28961,"Os03g0751400"
28962,"Os02g0507600"
28963,"Os08g0434700"
28964,"Os08g0484000"
28965,"Os08g0406600"
28966,"Os07g0481100"
28967,"Os08g0119900"
28968,"Os06g0573500"
28969,"Os07g0141100"
28970,"Os01g0697000"
28971,"Os07g0179200"
28972,"Os03g0262400"
28973,"Os01g0668600"
28974,"Os05g0324100"
28975,"Os02g0565400"
28976,"Os10g0127700"
28977,"Os06g0136600"
28978,"Os01g0102300"
28979,"Os05g0466600"
28980,"Os04g0674600"
28981,"Os07g0515000"
28982,"Os03g0410700"
28983,"Os11g0525600"
28984,"Os02g0740400"
28985,"Os06g0134000"
28986,"Os03g0245700"
28987,"Os08g0321000"
28988,"Os09g0485900"
28989,"Os05g0434100"
28990,"Os03g0223100"
28991,"Os05g0569000"
28992,"Os12g0443700"
28993,"Os10g0194200"
28994,"Os01g0639900"
28995,"Os04g0359100"
28996,"Os04g0530100"
28997,"Os10g0347800"
28998,"Os05g0103200"
28999,"Os02g0523500"
29000,"Os07g0421200"
29001,"Os06g0364500"
29002,"Os06g0640100"
29003,"Os02g0197800"
29004,"Os01g0957100"
29005,"Os02g0276000"
29006,"Os08g0470200"
29007,"Os04g0670000"
29008,"Os03g0859100"
29009,"Os01g0616400"
29010,"Os05g0463800"
29011,"Os01g0847900"
29012,"Os08g0164800"
29013,"Os04g0640400"
29014,"Os02g0653900"
29015,"Os09g0537700"
29016,"Os05g0241200"
29017,"Os01g0166700"
29018,"Os12g0169700"
29019,"Os02g0435900"
29020,"Os02g0757700"
29021,"Os03g0737800"
29022,"Os02g0595300"
29023,"Os01g0877500"
29024,"Os11g0674400"
29025,"Os05g0178400"
29026,"Os05g0134000"
29027,"Os07g0694700"
29028,"Os02g0133400"
29029,"Os10g0510000"
29030,"Os05g0125900"
29031,"Os03g0809800"
29032,"Os03g0278900"
29033,"Os03g0785900"
29034,"Os09g0563800"
29035,"Os05g0350900"
29036,"Os07g0108900"
29037,"Os03g0730400"
29038,"Os01g0258700"
29039,"Os01g0165000"
29040,"Os04g0368800"
29041,"Os01g0210600"
29042,"Os03g0344100"
29043,"Os05g0389000"
29044,"Os12g0590900"
29045,"Os02g0246300"
29046,"Os10g0480200"
29047,"Os02g0739600"
29048,"Os06g0105800"
29049,"Os03g0337600"
29050,"Os04g0665800"
29051,"POsControl0010"
29052,"Os02g0193500"
29053,"Os08g0557800"
29054,"Os01g0538000"
29055,"Os05g0129700"
29056,"Os12g0626200"
29057,"osa-miR166f"
29058,"osa-miR166c"
29059,"Os01g0232500"
29060,"Os08g0369400"
29061,"Os03g0388000"
29062,"Os04g0465600"
29063,"Os07g0609100"
29064,"Os03g0854100"
29065,"Os08g0270800"
29066,"Os02g0190600"
29067,"Os11g0705200"
29068,"Os11g0265500"
29069,"Os02g0629900"
29070,"Os06g0698500"
29071,"Os05g0399700"
29072,"Os06g0191300"
29073,"Os01g0158500"
29074,"Os05g0467700"
29075,"Os11g0294800"
29076,"Os02g0667600"
29077,"Os01g0143100"
29078,"Os06g0667600"
29079,"Os11g0552100"
29080,"Os09g0253100"
29081,"Os03g0381200"
29082,"Os03g0129100"
29083,"Os01g0797600"
29084,"Os09g0381400"
29085,"Os04g0456400"
29086,"Os07g0677200"
29087,"Os02g0617600"
29088,"Os08g0546300"
29089,"Os11g0171700"
29090,"Os12g0551200"
29091,"Os05g0558900"
29092,"Os05g0203800"
29093,"Os09g0372900"
29094,"Os06g0503100"
29095,"Os12g0580300"
29096,"Os05g0417500"
29097,"Os07g0501700"
29098,"Os08g0491200"
29099,"Os04g0612500"
29100,"Os12g0443500"
29101,"Os05g0274200"
29102,"Os10g0430600"
29103,"Os01g0703400"
29104,"Os06g0110100"
29105,"Os01g0866300"
29106,"Os06g0505100"
29107,"Os08g0167600"
29108,"Os01g0254200"
29109,"Os04g0607000"
29110,"Os10g0410600"
29111,"Os02g0555300"
29112,"Os03g0611700"
29113,"Os01g0222300"
29114,"Os02g0658400"
29115,"Os09g0370000"
29116,"Os05g0403400"
29117,"29117"
29118,"Os12g0140600"
29119,"Os07g0277600"
29120,"Os03g0734700"
29121,"Os10g0469900"
29122,"Os12g0176200"
29123,"Os02g0153500"
29124,"Os04g0589700"
29125,"Os10g0132300"
29126,"Os06g0161100"
29127,"Os07g0545100"
29128,"Os09g0107100"
29129,"Os10g0519700"
29130,"Os06g0690200"
29131,"Os03g0164100"
29132,"Os03g0670200"
29133,"Os09g0111300"
29134,"Os06g0661900"
29135,"PGmControl0001"
29136,"Os11g0438700"
29137,"Os02g0116800"
29138,"Os05g0575500"
29139,"Os03g0714800"
29140,"Os11g0663400"
29141,"Os09g0242300"
29142,"osa-miR439b"
29143,"Os04g0293700"
29144,"Os01g0124200"
29145,"Os03g0638200"
29146,"Os05g0551900"
29147,"29147"
29148,"Os09g0431600"
29149,"Os05g0566200"
29150,"Os04g0644900"
29151,"Os12g0554500"
29152,"Os07g0278800"
29153,"Os11g0687100"
29154,"Os07g0124700"
29155,"Os06g0622300"
29156,"Os02g0564100"
29157,"Os03g0182600"
29158,"Os04g0558700"
29159,"Os08g0537900"
29160,"Os06g0115400"
29161,"Os10g0515100"
29162,"Os06g0726600"
29163,"Os06g0730900"
29164,"Os07g0465100"
29165,"Os02g0506500"
29166,"Os05g0329300"
29167,"Os12g0434900"
29168,"Os01g0323600"
29169,"Os02g0698000"
29170,"Os01g0238500"
29171,"Os02g0103900"
29172,"Os05g0119100"
29173,"Os01g0700000"
29174,"osa-miR160e"
29175,"Os07g0609000"
29176,"Os12g0557400"
29177,"Os02g0474000"
29178,"Os04g0477500"
29179,"29179"
29180,"Os10g0562900"
29181,"Os02g0663800"
29182,"Os01g0206200"
29183,"Os03g0423800"
29184,"Os07g0518500"
29185,"Os04g0481300"
29186,"Os01g0191400"
29187,"Os04g0497600"
29188,"Os05g0119600"
29189,"Os01g0902200"
29190,"Os01g0916200"
29191,"Os11g0610700"
29192,"Os01g0585400"
29193,"Os01g0259900"
29194,"Os04g0542200"
29195,"Os05g0477200"
29196,"Os08g0110500"
29197,"Os09g0253000"
29198,"Os02g0183000"
29199,"Os02g0273700"
29200,"Os08g0488800"
29201,"Os01g0380700"
29202,"osa-miR439h"
29203,"Os07g0553600"
29204,"Os03g0195800"
29205,"Os07g0661600"
29206,"29206"
29207,"Os04g0636100"
29208,"Os02g0794000"
29209,"Os09g0115700"
29210,"Os08g0460000"
29211,"Os03g0839900"
29212,"Os09g0553200"
29213,"Os05g0591500"
29214,"Os08g0127100"
29215,"Os03g0634400"
29216,"Os01g0144700"
29217,"Os01g0603800"
29218,"Os04g0266900"
29219,"osa-miR439e"
29220,"Os09g0546200"
29221,"Os11g0695000"
29222,"29222"
29223,"Os07g0252400"
29224,"POsControl0016"
29225,"Os01g0858200"
29226,"Os09g0119600"
29227,"Os03g0760500"
29228,"Os05g0535500"
29229,"Os09g0279600"
29230,"Os09g0542200"
29231,"Os05g0316100"
29232,"Os09g0480900"
29233,"Os04g0600800"
29234,"Os12g0612400"
29235,"Os01g0131300"
29236,"Os02g0803800"
29237,"Os03g0821900"
29238,"Os12g0101000"
29239,"Os04g0636400"
29240,"Os06g0122200"
29241,"Os08g0201100"
29242,"Os03g0137700"
29243,"Os03g0114400"
29244,"Os03g0722800"
29245,"Os11g0102500"
29246,"Os01g0928000"
29247,"Os07g0211000"
29248,"Os01g0304500"
29249,"Os03g0684100"
29250,"osa-miR168b"
29251,"Os03g0413100"
29252,"Os02g0566900"
29253,"Os03g0710100"
29254,"Os02g0543000"
29255,"Os11g0115400"
29256,"Os03g0790600"
29257,"Os10g0348600"
29258,"Os09g0571200"
29259,"Os05g0134200"
29260,"Os07g0503200"
29261,"Os01g0690600"
29262,"Os11g0148400"
29263,"Os02g0273800"
29264,"osa-miR395g"
29265,"Os03g0708900"
29266,"Os10g0375600"
29267,"Os01g0887100"
29268,"Os12g0496600"
29269,"Os03g0823000"
29270,"Os12g0433700"
29271,"Os03g0602300"
29272,"Os02g0642700"
29273,"Os07g0684700"
29274,"Os02g0717400"
29275,"Os01g0588600"
29276,"29276"
29277,"Os03g0668300"
29278,"Os12g0487500"
29279,"Os07g0132300"
29280,"Os06g0683300"
29281,"Os05g0537100"
29282,"Os10g0493800"
29283,"Os08g0248700"
29284,"Os03g0183300"
29285,"Os01g0270300"
29286,"Os02g0203700"
29287,"Os01g0629000"
29288,"Os10g0537600"
29289,"Os09g0478400"
29290,"Os01g0822900"
29291,"Os07g0686100"
29292,"osa-miR426"
29293,"Os10g0443000"
29294,"Os08g0127700"
29295,"Os04g0574100"
29296,"Os02g0208400"
29297,"Os05g0430800"
29298,"Os09g0371000"
29299,"Os01g0962600"
29300,"Os08g0197900"
29301,"Os06g0297400"
29302,"Os09g0368000"
29303,"Os01g0909600"
29304,"Os09g0442400"
29305,"Os07g0192300"
29307,"Os04g0643700"
29308,"Os01g0842500"
29309,"Os02g0265900"
29310,"Os10g0567400"
29311,"Os01g0137300"
29312,"Os06g0298200"
29313,"Os08g0196200"
29314,"osa-miR446"
29315,"osa-miR167j"
29316,"POsControl0001"
29317,"29317"
29318,"Os09g0309900"
29319,"Os02g0466600"
29320,"Os05g0375400"
29321,"Os11g0634500"
29322,"Os03g0340500"
29323,"Os02g0301800"
29324,"Os04g0444600"
29325,"Os11g0104300"
29326,"Os06g0126400"
29327,"Os01g0864300"
29328,"Os05g0280200"
29329,"Os09g0505700"
29330,"Os11g0280900"
29331,"Os03g0355600"
29332,"Os03g0815900"
29333,"Os01g0658400"
29334,"Os01g0750300"
29335,"Os01g0978100"
29336,"Os05g0435300"
29337,"Os09g0558900"
29338,"Os07g0296200"
29339,"Os10g0513300"
29340,"Os05g0193600"
29341,"Os10g0141800"
29342,"Os06g0167600"
29343,"Os03g0235100"
29344,"Os03g0349600"
29345,"Os11g0202400"
29346,"Os03g0244200"
29347,"Os03g0809000"
29348,"Os08g0116900"
29349,"Os03g0843500"
29350,"Os10g0426500"
29351,"Os12g0434400"
29352,"Os11g0115100"
29353,"Os01g0555600"
29354,"Os02g0725300"
29355,"Os08g0224100"
29356,"Os07g0160100"
29357,"Os01g0633900"
29358,"POsControl0006"
29359,"Os12g0211600"
29360,"Os09g0260000"
29361,"Os10g0175500"
29362,"Os05g0435500"
29363,"Os01g0815900"
29364,"osa-miR445d"
29365,"Os11g0502200"
29366,"29366"
29367,"Os03g0284400"
29368,"Os01g0356000"
29369,"Os12g0559900"
29370,"Os05g0117300"
29371,"Os12g0577800"
29372,"Os01g0971400"
29373,"Os11g0657200"
29374,"Os11g0308800"
29375,"Os07g0437800"
29376,"Os11g0636600"
29377,"Os02g0321800"
29378,"Os02g0277600"
29379,"Os06g0149100"
29380,"Os04g0500200"
29381,"POsControl0030"
29382,"Os02g0461700"
29383,"Os03g0734700"
29384,"Os05g0208000"
29385,"Os03g0773800"
29386,"Os05g0222200"
29387,"Os10g0513100"
29388,"Os07g0481200"
29389,"Os10g0488100"
29390,"Os03g0158500"
29391,"Os03g0189400"
29392,"Os12g0570000"
29393,"Os04g0634700"
29394,"Os01g0885300"
29395,"Os01g0516900"
29396,"Os03g0336700"
29397,"Os07g0288700"
29398,"Os03g0262700"
29399,"Os09g0103000"
29400,"Os02g0690300"
29401,"Os11g0137300"
29402,"Os04g0505200"
29403,"Os12g0560300"
29404,"Os04g0690800"
29405,"Os09g0571100"
29406,"Os03g0164700"
29407,"Os08g0172300"
29408,"Os09g0332700"
29409,"Os12g0597400"
29410,"Os03g0191400"
29411,"Os09g0548400"
29412,"Os08g0425700"
29413,"Os08g0556600"
29414,"Os03g0726100"
29415,"Os05g0221400"
29416,"Os09g0121000"
29417,"Os05g0206000"
29418,"Os04g0129400"
29419,"Os10g0331600"
29420,"Os05g0304200"
29421,"Os05g0169300"
29422,"Os12g0599400"
29423,"Os04g0398700"
29424,"Os01g0589500"
29425,"Os08g0155000"
29426,"Os11g0692100"
29427,"Os05g0529400"
29428,"Os08g0210300"
29429,"Os03g0804400"
29430,"Os02g0622300"
29431,"Os09g0240500"
29432,"Os08g0280200"
29433,"Os09g0529100"
29434,"Os06g0324400"
29435,"Os02g0657100"
29436,"Os08g0465000"
29437,"Os03g0737100"
29438,"Os05g0476200"
29439,"Os07g0448800"
29440,"osa-miR397a"
29441,"Os09g0458000"
29442,"Os07g0561800"
29443,"Os10g0479600"
29444,"Os03g0225900"
29445,"Os06g0713000"
29446,"osa-miR167e"
29447,"Os12g0225700"
29448,"Os02g0622100"
29449,"Os12g0115000"
29450,"Os01g0974700"
29451,"Os01g0338000"
29452,"Os03g0226800"
29453,"Os12g0116600"
29454,"Os10g0181700"
29455,"Os09g0566000"
29456,"Os09g0499500"
29457,"Os03g0605300"
29458,"Os09g0252700"
29459,"Os06g0206200"
29460,"Os11g0661000"
29461,"29461"
29462,"Os03g0202200"
29463,"Os02g0672800"
29464,"Os01g0223300"
29465,"Os09g0300100"
29466,"Os07g0204900"
29467,"Os05g0472600"
29468,"Os04g0166400"
29469,"POsControl0047"
29470,"Os11g0131300"
29471,"Os05g0447700"
29472,"Os12g0178100"
29473,"Os04g0642000"
29474,"Os06g0105600"
29475,"Os01g0146700"
29476,"Os08g0122800"
29477,"Os05g0499800"
29478,"Os01g0883000"
29479,"Os01g0770500"
29480,"Os11g0184100"
29481,"osa-miR395g"
29482,"Os04g0671600"
29483,"Os02g0494000"
29484,"Os02g0553000"
29485,"Os04g0662700"
29486,"Os01g0661600"
29487,"Os02g0612300"
29488,"Os08g0113500"
29489,"Os02g0680400"
29490,"Os04g0555400"
29491,"Os07g0181000"
29492,"Os03g0679700"
29493,"Os03g0687000"
29494,"Os01g0839300"
29495,"osa-miR159f"
29496,"Os01g0373700"
29497,"Os10g0534700"
29498,"osa-miR395j"
29499,"Os05g0518600"
29500,"Os08g0338200"
29501,"Os07g0565700"
29502,"Os04g0653400"
29503,"osa-miR171f"
29504,"Os04g0462900"
29505,"Os05g0409400"
29506,"Os06g0707200"
29507,"Os02g0322500"
29508,"Os07g0681100"
29509,"Os05g0164100"
29510,"Os03g0110900"
29511,"Os11g0531700"
29512,"Os08g0434100"
29513,"Os01g0251100"
29514,"Os03g0686700"
29515,"Os12g0639000"
29516,"Os06g0573800"
29517,"Os03g0238600"
29518,"Os10g0123200"
29519,"Os09g0454200"
29520,"Os07g0296900"
29521,"Os03g0305000"
29522,"Os08g0387400"
29523,"Os11g0139400"
29524,"Os01g0260100"
29525,"Os08g0501700"
29526,"Os01g0279800"
29527,"Os12g0153200"
29528,"Os01g0800300"
29529,"Os01g0303000"
29530,"Os08g0544800"
29531,"Os05g0156000"
29532,"Os02g0157700"
29533,"Os09g0469500"
29534,"Os06g0548000"
29535,"Os06g0154500"
29536,"Os09g0271100"
29537,"Os05g0584900"
29538,"Os09g0558300"
29539,"osa-miR399j"
29540,"Os05g0530400"
29541,"Os10g0451300"
29542,"Os03g0124900"
29543,"Os10g0447300"
29544,"Os06g0651600"
29545,"Os12g0224500"
29546,"Os05g0318700"
29547,"Os12g0145900"
29548,"Os05g0463800"
29549,"Os04g0462900"
29550,"Os10g0510000"
29551,"Os03g0160100"
29552,"Os04g0560300"
29553,"Os02g0765300"
29554,"Os03g0139400"
29555,"Os10g0477000"
29556,"Os04g0446500"
29557,"Os01g0917900"
29558,"Os10g0330000"
29559,"POsControl0033"
29560,"Os05g0310500"
29561,"Os07g0120000"
29562,"Os11g0701900"
29563,"Os03g0315300"
29564,"Os05g0100700"
29565,"Os02g0603800"
29566,"Os08g0430200"
29567,"Os12g0106600"
29568,"Os12g0406200"
29569,"Os03g0190500"
29570,"Os07g0431000"
29571,"Os05g0564400"
29572,"29572"
29573,"Os04g0424900"
29574,"Os06g0603400"
29575,"Os02g0539900"
29576,"Os07g0573800"
29577,"Os01g0859200"
29578,"Os02g0602300"
29579,"Os02g0822600"
29580,"Os11g0209700"
29581,"Os07g0150100"
29582,"Os01g0905800"
29583,"Os01g0590200"
29584,"Os04g0606400"
29585,"Os12g0230600"
29586,"Os05g0355300"
29587,"Os05g0421900"
29588,"Os01g0299400"
29589,"Os06g0127300"
29590,"Os12g0117100"
29591,"Os06g0109600"
29592,"Os09g0485900"
29593,"Os05g0169100"
29594,"Os03g0626100"
29595,"Os02g0104200"
29596,"Os03g0823400"
29597,"Os04g0598500"
29598,"Os12g0244500"
29599,"Os01g0331900"
29600,"Os01g0252100"
29601,"Os04g0192800"
29602,"Os06g0156700"
29603,"Os09g0115600"
29604,"Os08g0480000"
29605,"Os05g0217800"
29606,"Os02g0440900"
29607,"Os05g0128100"
29608,"Os08g0560700"
29609,"Os09g0475500"
29610,"Os11g0666000"
29611,"POsControl0020"
29612,"Os01g0603100"
29613,"Os04g0439000"
29614,"Os03g0633500"
29615,"Os04g0613700"
29616,"Os09g0558200"
29617,"Os02g0525400"
29618,"Os01g0847700"
29619,"Os02g0665400"
29620,"osa-miR167i"
29621,"Os06g0484800"
29622,"Os06g0211700"
29623,"Os04g0624000"
29624,"Os07g0605400"
29625,"Os09g0395400"
29626,"Os07g0625800"
29627,"Os07g0643400"
29628,"Os01g0878900"
29629,"Os02g0661000"
29630,"Os02g0266300"
29631,"Os10g0520000"
29632,"Os07g0693100"
29633,"Os09g0546000"
29634,"Os08g0110700"
29635,"Os09g0385900"
29636,"Os11g0631900"
29637,"Os04g0454200"
29638,"Os09g0513000"
29639,"Os01g0705200"
29640,"Os04g0602100"
29641,"Os02g0815600"
29642,"Os08g0273600"
29643,"29643"
29644,"Os12g0123700"
29645,"Os04g0663100"
29646,"Os02g0437800"
29647,"29647"
29648,"Os07g0229600"
29649,"Os12g0555200"
29650,"Os08g0179900"
29651,"Os05g0194000"
29652,"Os01g0277100"
29653,"Os10g0498200"
29654,"Os10g0517500"
29655,"Os01g0706600"
29656,"Os06g0148300"
29657,"Os07g0510300"
29658,"Os04g0550400"
29659,"Os03g0785500"
29660,"Os06g0329200"
29661,"Os05g0193100"
29662,"osa-miR439b"
29663,"Os05g0386000"
29664,"Os11g0704300"
29665,"Os03g0790700"
29666,"Os04g0472300"
29667,"Os05g0560900"
29668,"Os04g0203600"
29669,"Os11g0295100"
29670,"Os06g0637500"
29671,"Os06g0145200"
29672,"Os04g0603800"
29673,"Os02g0255500"
29674,"Os03g0728700"
29675,"Os11g0143600"
29676,"Os01g0191300"
29677,"Os08g0206600"
29678,"Os09g0416500"
29679,"Os11g0621300"
29680,"Os11g0458100"
29681,"Os11g0271100"
29682,"Os07g0477900"
29683,"Os04g0650200"
29684,"Os01g0972800"
29685,"Os03g0126000"
29686,"Os08g0559800"
29687,"PGmControl0003"
29688,"Os07g0490100"
29689,"Os06g0526700"
29690,"Os08g0153600"
29691,"Os05g0268700"
29692,"Os07g0193700"
29693,"Os02g0294100"
29694,"Os06g0152700"
29695,"Os11g0114700"
29696,"Os09g0255400"
29697,"Os02g0498300"
29698,"Os04g0529900"
29699,"Os04g0208600"
29700,"Os11g0432900"
29701,"Os11g0229000"
29702,"Os05g0218100"
29703,"Os01g0617900"
29704,"Os12g0630500"
29705,"Os11g0671000"
29706,"Os11g0554300"
29707,"Os01g0549400"
29708,"Os12g0617100"
29709,"Os10g0462700"
29710,"Os08g0422000"
29711,"Os07g0161000"
29712,"Os11g0496400"
29713,"Os03g0358100"
29714,"Os07g0446100"
29715,"Os11g0106200"
29716,"Os03g0715500"
29717,"Os08g0204500"
29718,"Os03g0376900"
29719,"Os01g0949800"
29720,"Os01g0200500"
29721,"Os05g0561600"
29722,"Os03g0582800"
29723,"Os05g0156500"
29724,"Os06g0704400"
29725,"Os06g0237900"
29726,"Os12g0141500"
29727,"Os02g0828800"
29728,"Os01g0178000"
29729,"Os11g0274700"
29730,"Os09g0553200"
29731,"Os10g0116800"
29732,"Os01g0234700"
29733,"Os08g0158500"
29734,"Os06g0241000"
29735,"Os03g0659200"
29736,"Os08g0553800"
29737,"Os02g0738200"
29738,"Os03g0723000"
29739,"Os05g0481100"
29740,"Os03g0686500"
29741,"Os12g0511200"
29742,"POsControl0016"
29743,"Os06g0603400"
29744,"Os03g0306900"
29745,"Os08g0246100"
29746,"Os03g0775600"
29747,"Os11g0284900"
29748,"PZmControl0001"
29749,"Os07g0205000"
29750,"Os04g0201200"
29751,"Os09g0551500"
29752,"Os09g0567300"
29753,"Os03g0725400"
29754,"Os12g0239000"
29755,"Os01g0108500"
29756,"Os01g0856500"
29757,"Os05g0103800"
29758,"Os02g0252200"
29759,"Os02g0717800"
29760,"Os01g0921200"
29761,"Os02g0269200"
29762,"Os06g0321700"
29763,"Os07g0154300"
29764,"Os07g0262200"
29765,"Os05g0237400"
29766,"Os06g0671300"
29767,"Os04g0692600"
29768,"Os03g0189900"
29769,"Os11g0160900"
29770,"Os01g0770100"
29771,"Os11g0303400"
29772,"Os01g0168300"
29773,"osa-miR156a"
29774,"Os07g0437500"
29775,"Os12g0461100"
29776,"Os01g0106900"
29777,"Os05g0102600"
29778,"Os05g0517600"
29779,"Os06g0316800"
29780,"Os11g0562100"
29781,"Os11g0163000"
29782,"Os02g0681900"
29783,"Os01g0885300"
29784,"Os03g0785000"
29785,"osa-miR167b"
29786,"Os10g0470900"
29787,"Os02g0442000"
29788,"Os05g0529600"
29789,"Os09g0308600"
29790,"Os01g0881300"
29791,"Os01g0727900"
29792,"Os12g0127100"
29793,"Os07g0476200"
29794,"Os02g0594900"
29795,"Os04g0598600"
29796,"osa-miR399a"
29797,"Os09g0481700"
29798,"Os04g0535600"
29799,"Os10g0493600"
29800,"Os10g0500700"
29801,"Os03g0801600"
29802,"Os01g0779400"
29803,"Os09g0287100"
29804,"Os05g0215000"
29805,"Os03g0710500"
29806,"Os02g0120100"
29807,"Os09g0485900"
29808,"Os06g0294000"
29809,"Os09g0267500"
29810,"Os12g0292900"
29811,"Os02g0189600"
29812,"Os08g0378900"
29813,"Os10g0476500"
29814,"Os03g0780600"
29815,"Os01g0673800"
29816,"Os06g0236900"
29817,"Os11g0423800"
29818,"Os01g0254900"
29819,"Os10g0476600"
29820,"Os08g0135800"
29821,"Os08g0244500"
29822,"Os01g0646700"
29823,"Os01g0905700"
29824,"Os06g0687900"
29825,"Os04g0201500"
29826,"Os05g0405000"
29827,"Os08g0424500"
29828,"Os01g0800700"
29829,"Os03g0209700"
29830,"Os01g0551900"
29831,"Os02g0285800"
29832,"Os03g0805300"
29833,"Os01g0662600"
29834,"Os04g0206500"
29835,"Os01g0139200"
29836,"Os01g0672700"
29837,"Os09g0443800"
29838,"Os01g0876800"
29839,"Os03g0266300"
29840,"Os02g0503700"
29841,"Os05g0463300"
29842,"osa-miR156e"
29843,"Os12g0597400"
29844,"Os10g0122000"
29845,"Os08g0392700"
29846,"Os06g0158800"
29847,"Os09g0368900"
29848,"Os08g0548900"
29849,"Os03g0780800"
29850,"Os01g0760800"
29851,"Os01g0353900"
29852,"Os01g0909400"
29853,"Os02g0108000"
29854,"Os06g0102600"
29855,"Os08g0529300"
29856,"Os03g0421800"
29857,"Os07g0129200"
29858,"osa-miR169l"
29859,"Os08g0232700"
29860,"Os03g0821100"
29861,"Os07g0173200"
29862,"POsControl0047"
29863,"Os11g0703600"
29864,"Os02g0600200"
29865,"Os03g0201200"
29866,"29866"
29867,"29867"
29868,"Os04g0348400"
29869,"Os04g0589600"
29870,"Os07g0636500"
29871,"Os12g0159400"
29872,"Os06g0690900"
29873,"Os04g0641000"
29874,"Os02g0257100"
29875,"Os02g0823400"
29876,"Os01g0822900"
29877,"Os02g0822900"
29878,"Os10g0203000"
29879,"Os11g0178200"
29880,"Os01g0877300"
29881,"Os08g0537800"
29882,"Os01g0833400"
29883,"Os09g0407300"
29884,"Os01g0846300"
29885,"Os01g0891400"
29886,"Os11g0136600"
29887,"Os03g0230300"
29888,"Os01g0224700"
29889,"29889"
29890,"Os10g0390500"
29891,"Os11g0286500"
29892,"Os09g0407800"
29893,"Os08g0564000"
29894,"Os01g0827500"
29895,"Os08g0474600"
29896,"29896"
29897,"Os07g0621100"
29898,"Os06g0126200"
29899,"Os06g0719900"
29900,"Os11g0474400"
29901,"Os02g0262900"
29902,"Os11g0206200"
29903,"Os11g0255500"
29904,"Os02g0796500"
29905,"Os09g0520100"
29906,"Os02g0702100"
29907,"Os02g0749900"
29908,"Os06g0199400"
29909,"Os06g0703500"
29910,"Os08g0460000"
29911,"Os04g0558400"
29912,"Os02g0626400"
29913,"Os07g0591700"
29914,"Os10g0190900"
29915,"Os05g0532500"
29916,"Os06g0705700"
29917,"Os04g0538900"
29918,"Os07g0596500"
29919,"Os12g0465800"
29920,"Os03g0836000"
29921,"Os07g0584900"
29922,"Os03g0349600"
29923,"osa-miR395r"
29924,"Os02g0726300"
29925,"Os02g0611400"
29926,"Os01g0180200"
29927,"Os12g0557800"
29928,"Os06g0272000"
29929,"Os01g0704100"
29930,"Os12g0271700"
29931,"Os04g0412900"
29932,"Os05g0179100"
29933,"Os02g0553100"
29934,"Os05g0323800"
29935,"Os03g0746600"
29936,"Os05g0164100"
29937,"29937"
29938,"Os02g0777800"
29939,"Os07g0696000"
29940,"Os03g0740900"
29941,"Os03g0680800"
29942,"Os03g0318600"
29943,"Os03g0358200"
29944,"Os08g0280200"
29945,"Os04g0445800"
29946,"Os01g0169400"
29947,"Os03g0271500"
29948,"Os12g0124500"
29949,"Os12g0637900"
29950,"Os01g0728400"
29951,"Os05g0432400"
29952,"Os06g0570400"
29953,"Os07g0495100"
29954,"osa-miR397b"
29955,"29955"
29956,"Os03g0615300"
29957,"Os11g0146200"
29958,"Os10g0577000"
29959,"Os05g0255800"
29960,"osa-miR395g"
29961,"Os01g0547400"
29962,"Os11g0149400"
29963,"Os03g0766000"
29964,"Os02g0578100"
29965,"Os12g0509400"
29966,"29966"
29967,"Os01g0870100"
29968,"Os01g0766900"
29969,"Os12g0508400"
29970,"Os03g0808600"
29971,"Os11g0652100"
29972,"Os01g0550300"
29973,"Os02g0800500"
29974,"Os01g0729600"
29975,"Os04g0557000"
29976,"Os02g0219200"
29977,"Os04g0499300"
29978,"Os07g0288400"
29979,"Os02g0634900"
29980,"Os01g0788500"
29981,"Os11g0214800"
29982,"Os02g0190900"
29983,"Os05g0217800"
29984,"Os09g0381800"
29985,"Os01g0326300"
29986,"Os04g0340400"
29987,"Os08g0404500"
29988,"Os08g0176800"
29989,"Os01g0876400"
29990,"Os12g0272500"
29991,"Os01g0101200"
29992,"Os03g0143700"
29993,"Os08g0117300"
29994,"Os08g0546900"
29995,"Os08g0431200"
29996,"Os04g0556500"
29997,"Os05g0529300"
29998,"Os01g0190000"
29999,"Os06g0702000"
30000,"Os02g0773800"
30001,"Os07g0161600"
30002,"Os08g0111200"
30003,"Os01g0269100"
30004,"Os01g0954100"
30005,"Os06g0158400"
30006,"Os01g0148100"
30007,"Os02g0191500"
30008,"Os12g0571200"
30009,"Os12g0109200"
30010,"Os03g0280000"
30011,"Os12g0207300"
30012,"Os07g0485600"
30013,"Os09g0529000"
30014,"Os02g0198700"
30015,"Os07g0555200"
30016,"Os02g0144300"
30017,"Os06g0360300"
30018,"Os08g0285600"
30019,"Os01g0897200"
30020,"Os06g0623600"
30021,"Os02g0662700"
30022,"Os03g0101000"
30023,"Os08g0360700"
30024,"Os01g0916400"
30025,"Os05g0387200"
30026,"Os02g0798000"
30027,"Os01g0895600"
30028,"Os01g0810500"
30029,"Os07g0299900"
30030,"Os02g0115600"
30031,"Os02g0195500"
30032,"osa-miR162a"
30033,"Os12g0109100"
30034,"POsControl0021"
30035,"Os07g0564500"
30036,"Os10g0513300"
30037,"Os01g0977300"
30038,"Os02g0611200"
30039,"Os02g0713400"
30040,"Os09g0252800"
30041,"Os02g0305300"
30042,"Os01g0338200"
30043,"Os05g0363400"
30044,"Os03g0742900"
30045,"Os10g0125600"
30046,"Os06g0664100"
30047,"Os06g0249500"
30048,"Os05g0482700"
30049,"Os06g0242000"
30050,"POsControl0004"
30051,"Os06g0264900"
30052,"Os08g0113800"
30053,"Os04g0507500"
30054,"Os06g0486800"
30055,"Os04g0497400"
30056,"Os07g0298000"
30057,"Os05g0305100"
30058,"Os03g0437100"
30059,"Os02g0491300"
30060,"Os01g0914700"
30061,"Os11g0696200"
30062,"Os10g0573000"
30063,"Os04g0141200"
30064,"Os07g0117000"
30065,"Os08g0462900"
30066,"Os07g0409700"
30067,"Os07g0301500"
30068,"Os04g0572400"
30069,"Os02g0252100"
30070,"Os09g0503000"
30071,"Os04g0247500"
30072,"Os01g0178400"
30073,"osa-miR166f"
30074,"Os02g0608100"
30075,"Os01g0592500"
30076,"Os01g0629400"
30077,"Os01g0631800"
30078,"Os11g0450400"
30079,"Os03g0717000"
30080,"Os04g0272700"
30081,"Os01g0625900"
30082,"Os03g0718200"
30083,"Os12g0496200"
30084,"Os04g0490900"
30085,"Os01g0974800"
30086,"Os02g0720200"
30087,"Os01g0559100"
30088,"Os02g0683900"
30089,"Os01g0650200"
30090,"Os12g0233400"
30091,"Os03g0132900"
30092,"Os09g0432700"
30093,"Os03g0648500"
30094,"Os09g0121200"
30095,"Os11g0172300"
30096,"Os11g0658800"
30097,"Os08g0300200"
30098,"Os11g0687200"
30099,"Os03g0794400"
30100,"Os07g0174700"
30101,"Os09g0411500"
30102,"Os11g0582400"
30103,"Os10g0474000"
30104,"Os01g0805700"
30105,"Os12g0580600"
30106,"Os05g0566500"
30107,"Os05g0363200"
30108,"Os07g0543300"
30109,"Os11g0161000"
30110,"30110"
30111,"Os03g0800700"
30112,"Os04g0662100"
30113,"Os01g0503400"
30114,"Os06g0248300"
30115,"Os09g0499400"
30116,"Os05g0384800"
30117,"Os12g0616400"
30118,"Os10g0190000"
30119,"Os05g0533100"
30120,"Os05g0554500"
30121,"Os05g0578600"
30122,"Os07g0639800"
30123,"Os04g0125900"
30124,"Os10g0426700"
30125,"Os03g0143900"
30126,"Os03g0191100"
30127,"Os04g0111200"
30128,"Os01g0135900"
30129,"osa-miR399d"
30130,"Os12g0486900"
30131,"Os09g0539400"
30132,"Os01g0649000"
30133,"Os08g0338700"
30134,"Os05g0553800"
30135,"Os08g0165800"
30136,"Os11g0570900"
30137,"Os09g0541000"
30138,"Os11g0247000"
30139,"Os02g0833900"
30140,"Os06g0701400"
30141,"Os10g0197600"
30142,"osa-miR408"
30143,"Os10g0320400"
30144,"Os04g0465100"
30145,"Os07g0560300"
30146,"Os02g0291500"
30147,"Os06g0720900"
30148,"Os06g0667600"
30149,"Os01g0764000"
30150,"Os03g0302000"
30151,"Os10g0502600"
30152,"Os04g0498600"
30153,"Os02g0716500"
30154,"Os06g0248500"
30155,"Os05g0122900"
30156,"Os12g0274700"
30157,"Os06g0676700"
30158,"Os03g0646800"
30159,"Os02g0302500"
30160,"Os08g0486200"
30161,"osa-miR160d"
30162,"Os10g0561900"
30163,"Os12g0105300"
30164,"Os08g0175200"
30165,"Os04g0442100"
30166,"Os01g0122000"
30167,"Os05g0182600"
30168,"Os04g0398300"
30169,"Os08g0255500"
30170,"Os10g0418000"
30171,"Os06g0127100"
30172,"Os02g0593200"
30173,"Os02g0467400"
30174,"Os08g0521800"
30175,"Os01g0633100"
30176,"Os06g0151900"
30177,"Os05g0392200"
30178,"Os06g0199200"
30179,"Os01g0938900"
30180,"Os04g0505500"
30181,"Os10g0538200"
30182,"Os03g0195100"
30183,"osa-miR415"
30184,"Os02g0821400"
30185,"Os08g0407200"
30186,"Os02g0617300"
30187,"osa-miR441a"
30188,"Os03g0833300"
30189,"Os03g0576700"
30190,"Os02g0807100"
30191,"Os11g0417300"
30192,"Os08g0129800"
30193,"Os03g0829800"
30194,"Os03g0720400"
30195,"Os02g0714100"
30196,"Os08g0487300"
30197,"Os11g0308100"
30198,"Os08g0130500"
30199,"Os11g0582500"
30200,"Os06g0725300"
30201,"Os04g0306800"
30202,"Os11g0614500"
30203,"Os09g0570400"
30204,"Os08g0483900"
30205,"Os01g0559900"
30206,"Os03g0133100"
30207,"Os10g0579100"
30208,"Os06g0606700"
30209,"Os08g0270400"
30210,"Os07g0111600"
30211,"Os11g0152400"
30212,"Os01g0268100"
30213,"Os12g0142900"
30214,"Os10g0476300"
30215,"Os06g0233400"
30216,"Os03g0246800"
30217,"Os03g0861200"
30218,"Os02g0817700"
30219,"Os02g0564200"
30220,"Os03g0776100"
30221,"Os09g0250400"
30222,"Os02g0502500"
30223,"POsControl0010"
30224,"Os04g0228100"
30225,"Os01g0789200"
30226,"Os09g0419200"
30227,"Os09g0244900"
30228,"osa-miR172d"
30229,"Os08g0388900"
30230,"Os04g0654700"
30231,"Os01g0763300"
30232,"Os02g0616100"
30233,"Os10g0486900"
30234,"Os02g0611000"
30235,"Os11g0175900"
30236,"Os08g0330900"
30237,"Os09g0120100"
30238,"osa-miR156g"
30239,"Os03g0117100"
30240,"Os09g0372800"
30241,"Os07g0458600"
30242,"Os01g0853700"
30243,"Os12g0547100"
30244,"Os05g0579000"
30245,"Os03g0221700"
30246,"Os03g0283800"
30247,"Os11g0121000"
30248,"Os04g0291100"
30249,"Os02g0704900"
30250,"Os01g0147200"
30251,"osa-miR399e"
30252,"Os08g0557100"
30253,"Os08g0425200"
30254,"Os07g0141400"
30255,"Os06g0176300"
30256,"Os03g0107000"
30257,"Os06g0678700"
30258,"Os03g0146000"
30259,"Os07g0692900"
30260,"Os11g0643800"
30261,"Os08g0332700"
30262,"Os05g0373700"
30263,"Os06g0560000"
30264,"Os07g0228700"
30265,"Os04g0102600"
30266,"Os02g0668500"
30267,"Os08g0440300"
30268,"Os02g0490500"
30269,"Os07g0629500"
30270,"Os01g0842400"
30271,"Os05g0273500"
30272,"Os05g0103200"
30273,"Os02g0150900"
30274,"Os01g0115200"
30275,"Os01g0860700"
30276,"30276"
30277,"Os04g0684100"
30278,"Os03g0747300"
30279,"Os06g0654600"
30280,"Os06g0527400"
30281,"Os08g0499400"
30282,"Os03g0672400"
30283,"Os02g0543900"
30284,"Os08g0132600"
30285,"Os11g0606500"
30286,"Os03g0758900"
30287,"Os06g0314100"
30288,"Os01g0789000"
30289,"Os01g0876300"
30290,"Os01g0622000"
30291,"Os03g0453800"
30292,"Os01g0151900"
30293,"osa-miR395a"
30294,"Os05g0585600"
30295,"POsControl0026"
30296,"Os08g0392500"
30297,"Os01g0130500"
30298,"Os02g0115700"
30299,"Os11g0173800"
30300,"30300"
30301,"Os06g0551400"
30302,"Os06g0486800"
30303,"Os01g0939800"
30304,"Os02g0704800"
30305,"Os03g0141200"
30306,"Os06g0216700"
30307,"Os07g0246200"
30308,"Os01g0654500"
30309,"Os08g0529000"
30310,"Os03g0804700"
30311,"30311"
30312,"Os05g0492100"
30313,"30313"
30314,"Os10g0580900"
30315,"Os01g0678700"
30316,"Os08g0561700"
30317,"POsControl0032"
30318,"Os02g0812000"
30319,"Os06g0715400"
30320,"POsControl0035"
30321,"osa-miR396a"
30322,"osa-miR160a"
30323,"Os06g0133800"
30324,"Os01g0856500"
30325,"Os01g0168800"
30326,"Os06g0205800"
30327,"Os04g0682300"
30328,"Os06g0239200"
30329,"Os01g0706400"
30330,"Os02g0831700"
30331,"Os04g0494800"
30332,"Os04g0550900"
30333,"Os03g0613100"
30334,"Os11g0160400"
30335,"Os06g0644200"
30336,"osa-miR399b"
30337,"Os02g0743400"
30338,"Os02g0107600"
30339,"Os05g0267000"
30340,"Os08g0299600"
30341,"Os02g0306400"
30342,"Os03g0103000"
30343,"Os03g0170900"
30344,"Os12g0288000"
30345,"Os10g0532300"
30346,"Os09g0407900"
30347,"Os01g0795000"
30348,"Os12g0267400"
30349,"Os01g0551000"
30350,"Os07g0435100"
30351,"Os08g0326900"
30352,"Os06g0246600"
30353,"Os04g0535500"
30354,"Os01g0265800"
30355,"Os01g0193400"
30356,"30356"
30357,"Os01g0926600"
30358,"Os03g0436100"
30359,"Os05g0433200"
30360,"Os07g0164800"
30361,"Os01g0834700"
30362,"Os06g0162900"
30363,"Os07g0123100"
30364,"Os05g0557700"
30365,"Os01g0897600"
30366,"Os12g0411700"
30367,"Os05g0108300"
30368,"Os08g0335500"
30369,"Os10g0567600"
30370,"Os07g0680600"
30371,"Os09g0482900"
30372,"Os06g0139800"
30373,"Os07g0565100"
30374,"Os04g0512900"
30375,"Os03g0744100"
30376,"Os02g0657700"
30377,"Os12g0100100"
30378,"Os07g0585100"
30379,"Os06g0272900"
30380,"Os07g0511000"
30381,"Os05g0372900"
30382,"Os02g0594800"
30383,"Os08g0517300"
30384,"Os06g0683000"
30385,"Os10g0512500"
30386,"Os07g0668200"
30387,"Os02g0128800"
30388,"Os03g0737300"
30389,"Os03g0169300"
30390,"Os04g0632500"
30391,"Os11g0297300"
30392,"Os06g0131500"
30393,"osa-miR159a"
30394,"Os01g0546800"
30395,"Os11g0128800"
30396,"Os08g0133100"
30397,"Os11g0703900"
30398,"Os11g0432400"
30399,"Os05g0277500"
30400,"POsControl0018"
30401,"Os07g0290800"
30402,"Os01g0314000"
30403,"Os06g0215900"
30404,"Os01g0310100"
30405,"Os04g0430600"
30406,"Os05g0460200"
30407,"Os03g0160200"
30408,"Os12g0230200"
30409,"Os12g0458200"
30410,"Os07g0203700"
30411,"Os03g0759700"
30412,"Os08g0466600"
30413,"Os03g0703000"
30414,"Os05g0584200"
30415,"Os01g0516600"
30416,"Os07g0114400"
30417,"Os01g0939300"
30418,"Os07g0511100"
30419,"Os06g0671700"
30420,"Os03g0611700"
30421,"Os04g0492300"
30422,"Os08g0558600"
30423,"Os02g0785800"
30424,"Os05g0130400"
30425,"Os06g0112100"
30426,"Os05g0472500"
30427,"Os04g0119400"
30428,"POsControl0030"
30429,"Os11g0519300"
30430,"Os06g0340200"
30431,"Os06g0715100"
30432,"Os03g0448600"
30433,"Os03g0848400"
30434,"Os03g0228200"
30435,"Os06g0594600"
30436,"Os03g0797800"
30437,"Os03g0765200"
30438,"Os04g0136700"
30439,"Os01g0973600"
30440,"30440"
30441,"POsControl0003"
30442,"Os09g0534800"
30443,"Os06g0229800"
30444,"Os07g0537900"
30445,"Os06g0215600"
30446,"Os06g0702600"
30447,"Os05g0520200"
30448,"Os01g0715400"
30449,"Os02g0142500"
30450,"Os01g0890600"
30451,"Os02g0105900"
30452,"Os11g0602900"
30453,"Os03g0417800"
30454,"Os12g0105600"
30455,"Os02g0551100"
30456,"Os02g0477100"
30457,"Os09g0541900"
30458,"Os02g0651500"
30459,"Os01g0957900"
30460,"Os01g0933300"
30461,"Os10g0542900"
30462,"30462"
30463,"Os06g0196900"
30464,"Os09g0553900"
30465,"Os07g0500300"
30466,"Os02g0324400"
30467,"Os01g0180800"
30468,"Os06g0704800"
30469,"Os03g0151700"
30470,"Os01g0514000"
30471,"Os09g0424200"
30472,"Os04g0650800"
30473,"Os04g0338100"
30474,"Os06g0354700"
30475,"Os02g0648100"
30476,"Os12g0611200"
30477,"POsControl0006"
30478,"Os03g0150800"
30479,"Os12g0293000"
30480,"Os08g0107600"
30481,"Os05g0203500"
30482,"Os02g0662700"
30483,"Os03g0347900"
30484,"Os02g0598300"
30485,"Os10g0456900"
30486,"Os01g0106900"
30487,"30487"
30488,"Os12g0638700"
30489,"Os03g0347200"
30490,"Os02g0720100"
30491,"Os01g0392800"
30492,"Os04g0397900"
30493,"Os07g0415500"
30494,"Os12g0631100"
30495,"Os12g0129700"
30496,"Os03g0650700"
30497,"Os03g0120200"
30498,"Os08g0515500"
30499,"Os02g0592500"
30500,"Os04g0479100"
30501,"Os10g0510400"
30502,"Os06g0571400"
30503,"Os02g0526400"
30504,"Os02g0656400"
30505,"Os08g0204200"
30506,"Os08g0157800"
30507,"Os05g0365500"
30508,"Os07g0518100"
30509,"Os05g0439300"
30510,"Os06g0212900"
30511,"Os03g0411300"
30512,"Os11g0102700"
30513,"Os09g0504700"
30514,"Os02g0823600"
30515,"Os06g0340600"
30516,"Os09g0434200"
30517,"Os08g0447600"
30518,"Os08g0292600"
30519,"Os05g0565100"
30520,"Os02g0595400"
30521,"Os06g0225200"
30522,"Os06g0679400"
30523,"Os09g0434600"
30524,"Os05g0581300"
30525,"Os05g0500900"
30526,"Os11g0522000"
30527,"Os03g0319000"
30528,"Os04g0509200"
30529,"Os02g0782500"
30530,"Os09g0255900"
30531,"Os06g0506000"
30532,"Os10g0426800"
30533,"Os01g0621600"
30534,"Os10g0125200"
30535,"Os03g0113100"
30536,"Os01g0919200"
30537,"Os07g0484700"
30538,"Os10g0397800"
30539,"Os06g0523100"
30540,"Os04g0533300"
30541,"Os09g0363500"
30542,"Os03g0284100"
30543,"30543"
30544,"Os07g0686700"
30545,"Os05g0370300"
30546,"osa-miR162a"
30547,"Os05g0323900"
30548,"Os11g0503400"
30549,"Os01g0627500"
30550,"Os12g0615400"
30551,"Os01g0640600"
30552,"Os07g0549700"
30553,"Os05g0106700"
30554,"Os08g0566400"
30555,"Os11g0227600"
30556,"Os01g0215500"
30557,"Os11g0269400"
30558,"Os05g0591900"
30559,"Os03g0695600"
30560,"Os09g0262000"
30561,"Os08g0480200"
30562,"Os09g0272600"
30563,"Os03g0790600"
30564,"Os03g0718100"
30565,"Os02g0512000"
30566,"Os04g0250100"
30567,"Os07g0630800"
30568,"Os01g0639900"
30569,"Os01g0136100"
30570,"Os05g0169100"
30571,"Os12g0265600"
30572,"Os03g0718100"
30573,"Os05g0292600"
30574,"Os06g0155400"
30575,"Os06g0487300"
30576,"Os01g0296000"
30577,"Os06g0587000"
30578,"Os03g0132800"
30579,"Os02g0678200"
30580,"Os07g0206900"
30581,"Os04g0610000"
30582,"Os03g0745000"
30583,"Os01g0221100"
30584,"Os03g0719800"
30585,"Os01g0127900"
30586,"Os12g0587400"
30587,"Os03g0157800"
30588,"Os12g0470700"
30589,"Os01g0747300"
30590,"Os11g0626700"
30591,"Os10g0132900"
30592,"Os08g0139700"
30593,"Os06g0270900"
30594,"Os03g0448900"
30595,"Os07g0596900"
30596,"Os03g0119000"
30597,"Os10g0457000"
30598,"Os07g0184900"
30599,"Os01g0143800"
30600,"Os03g0803600"
30601,"Os05g0198400"
30602,"Os04g0679400"
30603,"Os04g0687300"
30604,"Os07g0233300"
30605,"Os01g0959600"
30606,"Os07g0196100"
30607,"Os01g0124600"
30608,"Os03g0745400"
30609,"Os04g0450400"
30610,"Os07g0160100"
30611,"Os09g0106200"
30612,"osa-miR169e"
30613,"Os06g0600700"
30614,"Os05g0592300"
30615,"Os01g0211800"
30616,"Os02g0737600"
30617,"osa-miR439j"
30618,"Os01g0629900"
30619,"Os02g0757800"
30620,"Os01g0692200"
30621,"Os05g0573500"
30622,"POsControl0036"
30623,"Os05g0290700"
30624,"Os03g0793300"
30625,"Os10g0342300"
30626,"Os10g0556200"
30627,"Os05g0592500"
30628,"Os06g0492600"
30629,"Os11g0104900"
30630,"Os08g0116900"
30631,"Os03g0324900"
30632,"Os04g0607200"
30633,"Os07g0209500"
30634,"Os12g0230800"
30635,"Os10g0540000"
30636,"Os10g0499600"
30637,"Os02g0184900"
30638,"Os02g0123500"
30639,"Os02g0791200"
30640,"Os09g0131600"
30641,"Os10g0159600"
30642,"Os02g0748300"
30643,"Os05g0382600"
30644,"Os09g0485800"
30645,"Os10g0571700"
30646,"Os12g0495700"
30647,"Os02g0739600"
30648,"Os06g0646600"
30649,"Os05g0429900"
30650,"Os03g0732800"
30651,"Os05g0491100"
30652,"Os01g0277900"
30653,"Os01g0657000"
30654,"Os05g0401700"
30655,"Os08g0406400"
30656,"Os01g0630600"
30657,"Os10g0467900"
30658,"osa-miR396b"
30659,"Os04g0528400"
30660,"Os03g0846200"
30661,"Os04g0118400"
30662,"Os06g0226600"
30663,"Os01g0502800"
30664,"Os02g0652600"
30665,"osa-miR439b"
30666,"Os03g0271500"
30667,"Os12g0635700"
30668,"Os08g0327100"
30669,"Os02g0309600"
30670,"Os05g0137000"
30671,"Os12g0131300"
30672,"Os08g0488700"
30673,"osa-miR395b"
30674,"Os09g0322900"
30675,"POsControl0043"
30676,"Os07g0671000"
30677,"Os03g0103700"
30678,"Os04g0565500"
30679,"Os12g0281300"
30680,"Os08g0176900"
30681,"Os10g0509000"
30682,"Os08g0539700"
30683,"Os04g0642000"
30684,"Os03g0723400"
30685,"Os01g0216500"
30686,"Os06g0145800"
30687,"Os08g0453800"
30688,"Os11g0134600"
30689,"Os01g0739000"
30690,"Os01g0819900"
30691,"Os05g0512500"
30692,"Os11g0427800"
30693,"Os09g0322200"
30694,"Os04g0639000"
30695,"Os02g0260700"
30696,"Os03g0142800"
30697,"Os05g0212300"
30698,"Os10g0469900"
30699,"Os05g0386000"
30700,"Os06g0731800"
30701,"Os07g0621300"
30702,"Os04g0447100"
30703,"Os04g0244400"
30704,"Os09g0240500"
30705,"Os03g0643300"
30706,"osa-miR395w"
30707,"POsControl0017"
30708,"Os08g0104600"
30709,"Os11g0196400"
30710,"Os04g0394200"
30711,"Os04g0249600"
30712,"Os03g0117100"
30713,"Os01g0215700"
30714,"Os12g0140700"
30715,"Os02g0600000"
30716,"Os03g0831200"
30717,"Os04g0255600"
30718,"Os06g0146200"
30719,"Os11g0593900"
30720,"Os04g0280700"
30721,"Os01g0124200"
30722,"Os11g0595100"
30723,"Os02g0610600"
30724,"Os02g0734600"
30725,"Os04g0474500"
30726,"Os05g0588800"
30727,"Os07g0236800"
30728,"Os02g0554400"
30729,"Os07g0108400"
30730,"Os01g0517000"
30731,"Os06g0730000"
30732,"Os06g0666400"
30733,"Os12g0279100"
30734,"Os03g0126300"
30735,"30735"
30736,"Os02g0743400"
30737,"Os05g0401400"
30738,"Os01g0656400"
30739,"Os10g0392400"
30740,"Os12g0283800"
30741,"osa-miR169b"
30742,"Os03g0139000"
30743,"Os04g0692700"
30744,"Os11g0275500"
30745,"Os03g0221700"
30746,"Os04g0483600"
30747,"Os06g0567900"
30748,"Os02g0655800"
30749,"Os09g0483200"
30750,"Os04g0508900"
30751,"Os08g0216900"
30752,"Os08g0381000"
30753,"Os04g0488100"
30754,"Os03g0641200"
30755,"Os08g0246300"
30756,"POsControl0017"
30757,"osa-miR396c"
30758,"Os04g0361500"
30759,"Os10g0542100"
30760,"Os02g0434800"
30761,"Os02g0201900"
30762,"Os08g0545300"
30763,"Os01g0772400"
30764,"Os05g0422400"
30765,"Os12g0114500"
30766,"Os04g0682500"
30767,"Os03g0659200"
30768,"Os01g0206700"
30769,"Os07g0625600"
30770,"Os08g0454500"
30771,"Os09g0287000"
30772,"Os02g0255000"
30773,"Os06g0303800"
30774,"Os01g0808100"
30775,"Os01g0810100"
30776,"Os03g0140100"
30777,"Os11g0181700"
30778,"Os12g0442700"
30779,"Os11g0102200"
30780,"Os03g0221700"
30781,"Os07g0535200"
30782,"Os06g0185900"
30783,"Os05g0481700"
30784,"Os03g0594700"
30785,"Os12g0641400"
30786,"Os01g0105700"
30787,"Os07g0407800"
30788,"Os11g0574200"
30789,"Os06g0107900"
30790,"Os09g0552600"
30791,"Os09g0521000"
30792,"Os07g0690300"
30793,"Os06g0664500"
30794,"osa-miR395v"
30795,"Os01g0698100"
30796,"Os10g0428200"
30797,"Os03g0861100"
30798,"Os09g0112100"
30799,"Os04g0376100"
30800,"Os10g0490900"
30801,"Os12g0168400"
30802,"Os07g0681200"
30803,"Os03g0353400"
30804,"Os11g0123900"
30805,"Os03g0812000"
30806,"Os08g0471200"
30807,"Os04g0180300"
30808,"Os08g0197500"
30809,"Os01g0771000"
30810,"Os06g0168500"
30811,"Os09g0343200"
30812,"Os03g0608800"
30813,"Os08g0103900"
30814,"Os12g0608700"
30815,"Os01g0867800"
30816,"Os02g0106900"
30817,"Os07g0434700"
30818,"Os08g0328300"
30819,"Os04g0638100"
30820,"Os03g0855500"
30821,"Os04g0464300"
30822,"Os09g0572600"
30823,"Os06g0275700"
30824,"Os11g0247300"
30825,"Os08g0281400"
30826,"Os03g0196200"
30827,"Os04g0672900"
30828,"Os07g0110200"
30829,"Os12g0113900"
30830,"Os10g0446600"
30831,"Os10g0394200"
30832,"Os02g0750600"
30833,"Os12g0160500"
30834,"Os03g0310900"
30835,"Os06g0135300"
30836,"Os02g0576400"
30837,"Os04g0320200"
30838,"Os03g0841800"
30839,"Os08g0425100"
30840,"Os11g0487600"
30841,"Os06g0186900"
30842,"Os08g0543500"
30843,"Os06g0634300"
30844,"Os08g0549300"
30845,"Os05g0155400"
30846,"Os04g0510600"
30847,"Os03g0267700"
30848,"Os01g0856500"
30849,"osa-miR397a"
30850,"Os09g0551000"
30851,"Os06g0291500"
30852,"Os04g0395500"
30853,"Os05g0521800"
30854,"Os02g0805900"
30855,"Os06g0597600"
30856,"Os05g0562400"
30857,"Os02g0822500"
30858,"Os04g0616300"
30859,"Os04g0401700"
30860,"Os03g0278300"
30861,"Os02g0493300"
30862,"Os09g0438400"
30863,"Os08g0176200"
30864,"Os05g0380500"
30865,"osa-miR419"
30866,"Os01g0884300"
30867,"Os01g0698200"
30868,"Os07g0604500"
30869,"Os05g0584600"
30870,"Os06g0594400"
30871,"Os10g0497300"
30872,"Os12g0571700"
30873,"Os03g0234200"
30874,"Os05g0458000"
30875,"Os03g0746400"
30876,"Os01g0936800"
30877,"Os09g0508100"
30878,"Os03g0794900"
30879,"Os03g0220100"
30880,"Os06g0140700"
30881,"Os10g0418200"
30882,"Os09g0325800"
30883,"Os10g0580400"
30884,"Os11g0107000"
30885,"Os01g0644200"
30886,"Os11g0442500"
30887,"Os04g0660400"
30888,"Os09g0244600"
30889,"Os05g0383100"
30890,"Os01g0158700"
30891,"Os01g0922100"
30892,"Os03g0248000"
30893,"Os02g0216300"
30894,"Os02g0461000"
30895,"Os09g0448200"
30896,"Os06g0151800"
30897,"Os02g0102800"
30898,"Os03g0137200"
30899,"Os04g0650000"
30900,"Os05g0409000"
30901,"osa-miR169c"
30902,"Os01g0934600"
30903,"Os02g0288200"
30904,"Os11g0150400"
30905,"Os03g0283200"
30906,"Os04g0597000"
30907,"Os03g0271300"
30908,"Os11g0600900"
30909,"30909"
30911,"Os11g0145100"
30912,"Os06g0307900"
30913,"Os06g0479200"
30914,"Os02g0601600"
30915,"Os06g0109400"
30916,"Os07g0228000"
30917,"Os06g0632200"
30918,"Os05g0515500"
30919,"Os01g0303200"
30920,"Os04g0132400"
30921,"Os05g0215600"
30922,"Os01g0838900"
30923,"Os12g0633600"
30924,"Os03g0161800"
30925,"Os06g0229300"
30926,"Os10g0405600"
30927,"Os11g0488400"
30928,"Os02g0146500"
30929,"Os01g0633400"
30930,"Os06g0105400"
30931,"Os02g0142000"
30932,"Os01g0830200"
30933,"Os10g0335000"
30934,"osa-miR171b"
30935,"Os10g0533600"
30936,"Os01g0139700"
30937,"Os12g0613500"
30938,"30938"
30939,"Os05g0102500"
30940,"Os03g0398000"
30941,"Os07g0200000"
30942,"Os02g0759000"
30943,"Os02g0665400"
30944,"Os02g0684400"
30945,"Os03g0234200"
30946,"30946"
30947,"Os10g0162600"
30948,"Os06g0536200"
30949,"Os02g0780200"
30950,"Os08g0393900"
30951,"Os09g0509300"
30952,"Os01g0525800"
30953,"Os07g0424400"
30954,"Os11g0302600"
30955,"Os05g0522600"
30956,"osa-miR167a"
30957,"Os11g0265200"
30958,"Os01g0649200"
30959,"Os02g0163500"
30960,"Os05g0536200"
30961,"POsControl0036"
30962,"Os10g0344900"
30963,"Os04g0350000"
30964,"Os03g0753600"
30965,"Os05g0552300"
30966,"Os08g0520300"
30967,"Os03g0351100"
30968,"Os10g0500600"
30969,"Os03g0558700"
30970,"Os08g0465800"
30971,"Os01g0623900"
30972,"Os10g0103700"
30973,"Os03g0213700"
30974,"Os02g0576600"
30975,"Os04g0586500"
30976,"Os06g0258000"
30977,"Os01g0960200"
30978,"Os06g0563000"
30979,"Os03g0109400"
30980,"30980"
30981,"Os10g0474800"
30982,"Os01g0933900"
30983,"Os07g0468800"
30984,"Os02g0748800"
30985,"Os11g0438400"
30986,"Os10g0575000"
30987,"Os08g0530500"
30988,"Os03g0162400"
30989,"Os03g0355500"
30990,"Os10g0178800"
30991,"30991"
30992,"Os08g0282000"
30993,"Os05g0285900"
30994,"Os05g0124800"
30995,"Os05g0111300"
30996,"Os06g0230100"
30997,"Os02g0725300"
30998,"Os05g0461300"
30999,"Os04g0411300"
31000,"POsControl0030"
31001,"Os01g0872100"
31002,"Os07g0561300"
31003,"Os05g0452500"
31004,"Os01g0665200"
31005,"Os05g0547600"
31006,"Os03g0838500"
31007,"Os05g0422600"
31008,"31008"
31009,"Os05g0244500"
31010,"Os02g0616100"
31011,"Os09g0456800"
31012,"Os04g0434800"
31013,"POsControl0018"
31014,"Os04g0218100"
31015,"Os02g0530500"
31016,"Os09g0454600"
31017,"Os04g0592600"
31018,"Os11g0247500"
31019,"Os07g0260400"
31020,"Os06g0184300"
31021,"Os10g0406800"
31022,"Os06g0196900"
31023,"31023"
31024,"Os03g0237200"
31025,"Os11g0593500"
31026,"Os08g0229200"
31027,"Os07g0622000"
31028,"Os01g0160200"
31029,"Os08g0451700"
31030,"Os03g0146500"
31031,"Os02g0687200"
31032,"Os04g0501200"
31033,"Os01g0624700"
31034,"Os09g0123200"
31035,"Os01g0597800"
31036,"Os03g0261900"
31037,"Os03g0209500"
31038,"Os03g0580700"
31039,"Os05g0178100"
31040,"Os01g0311500"
31041,"Os08g0102700"
31042,"Os03g0744600"
31043,"Os01g0217500"
31044,"Os11g0148500"
31045,"Os07g0526400"
31046,"Os01g0837500"
31047,"osa-miR169e"
31048,"Os11g0579900"
31049,"Os01g0911000"
31050,"Os06g0726200"
31051,"Os01g0729400"
31052,"Os06g0568200"
31053,"Os12g0572100"
31054,"Os04g0655400"
31055,"Os10g0370800"
31056,"Os04g0554800"
31057,"Os07g0678600"
31058,"Os02g0800500"
31059,"Os03g0299900"
31060,"Os02g0250300"
31061,"Os11g0636900"
31062,"Os04g0274300"
31063,"Os10g0534400"
31064,"Os03g0849900"
31065,"Os01g0355800"
31066,"Os03g0586700"
31067,"Os09g0493500"
31068,"Os11g0210300"
31069,"Os01g0254100"
31070,"Os02g0532500"
31071,"Os02g0602400"
31072,"Os05g0305900"
31073,"Os03g0279400"
31074,"Os02g0639300"
31075,"POsControl0006"
31076,"Os08g0236800"
31077,"Os03g0811900"
31078,"Os01g0758400"
31079,"Os07g0298400"
31080,"Os01g0184300"
31081,"Os06g0116800"
31082,"Os10g0492900"
31083,"Os07g0604700"
31084,"Os09g0537700"
31085,"Os04g0528300"
31086,"Os07g0648100"
31087,"Os11g0151400"
31088,"Os07g0525900"
31089,"Os04g0606900"
31090,"osa-miR446"
31091,"Os06g0288100"
31092,"Os08g0242700"
31093,"Os02g0645000"
31094,"Os05g0376100"
31095,"Os07g0627000"
31096,"Os03g0239200"
31097,"osa-miR528"
31098,"Os08g0556400"
31099,"Os03g0158500"
31100,"Os03g0353600"
31101,"Os08g0103300"
31102,"Os02g0140800"
31103,"Os05g0472200"
31104,"Os04g0655600"
31105,"Os02g0227100"
31106,"Os01g0290700"
31108,"Os05g0128000"
31109,"Os09g0415400"
31110,"Os04g0606200"
31111,"Os06g0684500"
31112,"Os10g0510000"
31113,"Os03g0274400"
31114,"Os10g0420400"
31115,"Os01g0836800"
31116,"Os04g0177100"
31117,"Os03g0406900"
31118,"Os03g0110400"
31119,"Os02g0272600"
31120,"Os09g0249400"
31121,"Os02g0223700"
31122,"Os05g0355200"
31123,"Os02g0245300"
31124,"Os03g0131200"
31125,"Os08g0459600"
31126,"Os02g0252400"
31127,"Os03g0828500"
31128,"Os08g0234100"
31129,"Os06g0230000"
31130,"Os01g0285300"
31131,"Os05g0121000"
31132,"Os03g0726300"
31133,"Os08g0308700"
31134,"Os01g0719100"
31135,"Os01g0973600"
31136,"Os07g0185000"
31137,"Os02g0120800"
31138,"Os04g0435300"
31139,"Os03g0168900"
31140,"Os02g0125300"
31141,"Os11g0156000"
31142,"Os11g0294400"
31143,"Os06g0264800"
31144,"Os03g0311300"
31145,"Os01g0602800"
31146,"Os05g0499400"
31147,"Os10g0528400"
31148,"Os06g0696400"
31149,"Os04g0569300"
31150,"Os01g0648500"
31151,"Os02g0735700"
31152,"Os09g0413200"
31153,"Os02g0595700"
31154,"osa-miR166a"
31155,"Os01g0519700"
31156,"Os01g0923600"
31157,"Os05g0589000"
31158,"Os12g0637400"
31159,"osa-miR156b"
31160,"Os01g0369000"
31161,"Os07g0414700"
31162,"Os03g0332000"
31163,"Os03g0670700"
31164,"Os01g0232400"
31165,"Os05g0102200"
31166,"Os05g0546800"
31167,"Os03g0258700"
31168,"Os02g0771600"
31169,"Os09g0467100"
31170,"Os03g0235000"
31171,"Os05g0429900"
31172,"Os02g0120600"
31173,"Os09g0493600"
31174,"Os02g0775600"
31175,"Os05g0114500"
31176,"Os07g0633100"
31177,"31177"
31178,"Os03g0667400"
31179,"Os12g0137100"
31180,"Os01g0830700"
31181,"Os06g0724000"
31182,"Os01g0851700"
31183,"Os02g0742100"
31184,"Os12g0136200"
31185,"Os03g0145800"
31186,"Os09g0119300"
31187,"Os10g0520600"
31188,"Os01g0747500"
31189,"Os01g0700100"
31190,"Os04g0577000"
31191,"Os10g0202900"
31192,"Os09g0428500"
31193,"Os02g0598800"
31194,"Os01g0686800"
31195,"Os05g0424300"
31196,"Os08g0175200"
31197,"Os07g0598400"
31198,"Os08g0133700"
31199,"Os02g0668000"
31201,"Os09g0406900"
31202,"Os03g0758800"
31203,"Os04g0336600"
31204,"Os01g0252100"
31205,"Os08g0515900"
31206,"Os03g0232400"
31207,"Os06g0607000"
31208,"Os01g0949300"
31209,"Os01g0850100"
31210,"Os02g0122500"
31211,"Os06g0219400"
31212,"Os05g0128400"
31213,"Os02g0791500"
31214,"Os03g0425800"
31215,"Os03g0405200"
31216,"Os01g0212100"
31217,"osa-miR167h"
31218,"Os04g0411200"
31219,"Os12g0557400"
31220,"Os12g0484700"
31221,"Os05g0525900"
31222,"Os01g0217000"
31223,"Os08g0532800"
31224,"Os02g0666000"
31225,"Os05g0268500"
31226,"Os09g0565300"
31227,"Os01g0593500"
31228,"Os04g0675500"
31229,"Os08g0541400"
31230,"Os03g0167000"
31231,"Os03g0670000"
31232,"Os01g0664500"
31233,"Os01g0119000"
31234,"Os03g0795300"
31235,"Os09g0453100"
31236,"Os12g0175700"
31237,"Os06g0693900"
31238,"Os07g0188700"
31239,"Os12g0560600"
31240,"Os05g0455200"
31241,"Os03g0807800"
31242,"Os11g0482100"
31243,"Os09g0267800"
31244,"Os03g0142200"
31245,"Os09g0539800"
31246,"Os10g0483100"
31247,"Os02g0696700"
31248,"Os07g0497500"
31249,"Os01g0640000"
31250,"Os12g0511000"
31251,"Os01g0778900"
31252,"POsControl0022"
31253,"31253"
31254,"Os03g0188200"
31255,"PAtControl0001"
31256,"Os04g0419400"
31257,"Os06g0708000"
31258,"Os06g0646700"
31259,"Os02g0159700"
31260,"Os06g0729900"
31261,"Os06g0699500"
31262,"Os11g0544200"
31263,"Os11g0177200"
31264,"Os02g0554900"
31265,"Os08g0235400"
31266,"Os03g0123500"
31267,"Os09g0557300"
31268,"Os05g0169500"
31269,"Os10g0488400"
31270,"Os08g0500900"
31271,"Os06g0583400"
31272,"Os01g0587300"
31273,"Os11g0281200"
31274,"Os08g0191200"
31275,"Os08g0298800"
31276,"Os07g0528900"
31277,"Os04g0534100"
31278,"Os02g0280100"
31279,"Os04g0169100"
31280,"Os11g0658700"
31281,"Os06g0140400"
31282,"Os04g0358000"
31283,"Os03g0856000"
31284,"Os01g0866400"
31285,"Os07g0600700"
31286,"Os02g0591000"
31287,"Os07g0669700"
31288,"Os09g0321900"
31289,"Os12g0564400"
31290,"Os04g0589900"
31291,"Os05g0576300"
31292,"Os06g0311300"
31293,"Os04g0684600"
31294,"Os12g0238900"
31295,"Os03g0253100"
31296,"POsControl0046"
31297,"Os03g0132900"
31298,"Os01g0549500"
31299,"Os03g0347900"
31300,"Os02g0834600"
31301,"Os04g0437700"
31302,"Os03g0791700"
31303,"Os02g0735200"
31304,"Os10g0409900"
31305,"Os02g0791700"
31306,"Os05g0345400"
31307,"Os02g0612100"
31308,"Os01g0179200"
31309,"Os02g0775200"
31310,"Os11g0300700"
31311,"Os11g0168000"
31312,"Os06g0256100"
31313,"Os01g0559000"
31314,"Os12g0291100"
31315,"Os03g0765400"
31316,"Os05g0382600"
31317,"Os03g0332100"
31318,"Os02g0815200"
31319,"Os05g0180500"
31320,"Os05g0108800"
31321,"Os02g0319800"
31322,"Os04g0377800"
31323,"Os12g0563700"
31324,"Os09g0442900"
31325,"Os09g0470500"
31326,"Os12g0198400"
31327,"Os10g0542200"
31328,"Os02g0225000"
31329,"Os03g0145900"
31330,"Os09g0494200"
31331,"Os04g0548500"
31332,"Os01g0834200"
31333,"Os01g0614500"
31334,"Os03g0253500"
31335,"Os06g0107200"
31336,"Os06g0174800"
31337,"Os05g0404400"
31338,"Os03g0303100"
31339,"Os01g0373800"
31340,"Os08g0468200"
31341,"Os08g0385400"
31342,"Os05g0163100"
31343,"Os05g0358500"
31344,"Os10g0121300"
31345,"Os02g0219300"
31346,"Os11g0706000"
31347,"Os06g0638500"
31348,"Os06g0330400"
31349,"Os05g0326700"
31350,"Os02g0584700"
31351,"Os09g0244900"
31352,"Os04g0480700"
31353,"Os01g0860800"
31354,"Os02g0284600"
31355,"Os12g0137600"
31356,"Os04g0667200"
31357,"Os03g0823100"
31358,"Os03g0109400"
31359,"Os06g0638200"
31360,"Os05g0435800"
31361,"Os03g0683700"
31362,"Os11g0449000"
31363,"Os07g0107800"
31364,"Os02g0592700"
31365,"Os04g0513100"
31366,"Os09g0309100"
31367,"Os01g0679000"
31368,"Os11g0168300"
31369,"Os03g0857100"
31370,"POsControl0047"
31371,"Os10g0453000"
31372,"Os05g0113500"
31373,"Os06g0713800"
31374,"Os02g0157100"
31375,"Os02g0115700"
31376,"Os03g0703100"
31377,"Os03g0270700"
31378,"Os06g0675600"
31379,"Os01g0172500"
31380,"Os10g0144000"
31381,"Os01g0178500"
31382,"Os03g0441500"
31383,"Os03g0131000"
31384,"Os03g0567600"
31385,"Os09g0547000"
31386,"Os01g0227400"
31387,"Os11g0683700"
31388,"Os01g0374000"
31389,"Os01g0549200"
31390,"Os04g0544500"
31391,"Os02g0303200"
31392,"Os02g0705400"
31393,"Os01g0744400"
31394,"Os06g0685400"
31395,"Os07g0558500"
31396,"Os04g0449400"
31397,"Os05g0587700"
31398,"Os11g0490600"
31399,"Os02g0646200"
31400,"Os12g0222500"
31401,"Os02g0298200"
31402,"Os01g0514600"
31403,"Os04g0674400"
31404,"Os09g0536700"
31405,"Os01g0197200"
31406,"Os01g0836800"
31407,"Os03g0351900"
31408,"Os03g0395000"
31409,"Os01g0160300"
31410,"Os01g0681900"
31411,"Os09g0469400"
31412,"Os02g0765400"
31413,"Os05g0176100"
31414,"Os04g0566600"
31415,"Os12g0541500"
31416,"Os03g0802600"
31417,"Os07g0211200"
31418,"Os08g0400200"
31419,"Os06g0713800"
31420,"Os01g0104000"
31421,"Os01g0131600"
31422,"Os05g0176700"
31423,"Os03g0576900"
31424,"Os05g0372000"
31425,"Os10g0567500"
31426,"Os08g0470200"
31427,"Os06g0325700"
31428,"Os09g0540400"
31429,"Os08g0404400"
31430,"Os10g0205900"
31431,"Os12g0132400"
31432,"Os01g0556700"
31433,"Os02g0759900"
31434,"Os01g0210800"
31435,"Os01g0730600"
31436,"Os08g0151500"
31437,"Os09g0264600"
31438,"Os05g0564400"
31439,"Os02g0305600"
31440,"Os06g0132400"
31441,"Os04g0231800"
31442,"Os06g0687900"
31443,"Os08g0460800"
31444,"Os09g0131400"
31445,"Os06g0277600"
31446,"Os03g0213900"
31447,"Os02g0744800"
31448,"Os02g0290600"
31449,"Os04g0570600"
31450,"Os04g0382700"
31451,"Os05g0148600"
31452,"Os01g0799100"
31453,"Os10g0318300"
31454,"Os04g0673000"
31455,"Os03g0854800"
31456,"Os11g0571900"
31457,"Os11g0620000"
31458,"Os03g0773800"
31459,"Os02g0639600"
31460,"Os08g0562500"
31461,"Os10g0111300"
31462,"Os01g0761000"
31463,"Os02g0147800"
31464,"Os06g0112200"
31465,"Os06g0181100"
31466,"Os05g0147500"
31467,"Os12g0440200"
31468,"POsControl0046"
31469,"Os07g0626700"
31470,"Os08g0220600"
31471,"Os01g0301000"
31472,"Os03g0201700"
31473,"Os07g0630400"
31474,"POsControl0039"
31475,"Os02g0127400"
31476,"Os01g0782700"
31477,"Os06g0218300"
31478,"Os06g0176200"
31479,"Os10g0209400"
31480,"Os01g0106800"
31481,"Os03g0764800"
31482,"Os01g0915000"
31483,"Os09g0417600"
31484,"Os07g0584500"
31485,"Os04g0409500"
31486,"Os09g0569300"
31487,"POsControl0002"
31488,"Os01g0867900"
31489,"Os08g0522500"
31490,"Os07g0454700"
31491,"Os02g0750400"
31492,"Os01g0837500"
31493,"Os06g0160000"
31494,"Os07g0233300"
31495,"Os03g0695600"
31496,"Os09g0572200"
31497,"Os05g0345500"
31498,"Os12g0278800"
31499,"Os03g0404800"
31500,"Os07g0479300"
31501,"osa-miR166b"
31502,"Os02g0731900"
31503,"Os03g0564200"
31504,"Os07g0407900"
31505,"Os12g0227400"
31506,"POsControl0014"
31507,"Os02g0314100"
31508,"Os04g0670200"
31509,"Os02g0821900"
31510,"Os08g0203600"
31511,"Os04g0576800"
31512,"Os03g0774600"
31513,"Os05g0121100"
31514,"Os03g0158500"
31515,"31515"
31516,"Os02g0488600"
31517,"Os01g0684400"
31518,"Os12g0641100"
31519,"Os12g0503200"
31520,"Os01g0650700"
31521,"Os04g0530700"
31522,"Os05g0557500"
31523,"Os03g0278400"
31524,"Os09g0564600"
31525,"Os04g0384800"
31526,"Os01g0239200"
31527,"Os09g0321900"
31528,"Os01g0956200"
31529,"Os08g0505300"
31530,"Os03g0821900"
31531,"Os07g0173200"
31532,"Os04g0436000"
31533,"Os01g0693400"
31534,"Os03g0323200"
31535,"Os10g0506900"
31536,"Os07g0176600"
31537,"Os11g0271000"
31538,"Os03g0808200"
31539,"Os02g0188000"
31540,"Os08g0540900"
31541,"Os12g0603900"
31542,"Os07g0580200"
31543,"Os09g0240200"
31544,"Os02g0190300"
31545,"Os03g0187700"
31546,"Os02g0780500"
31547,"Os12g0292900"
31548,"Os02g0776900"
31549,"Os10g0573900"
31550,"Os09g0515200"
31551,"Os10g0577800"
31552,"Os03g0182600"
31553,"Os02g0533900"
31554,"POsControl0004"
31555,"Os03g0181800"
31556,"31556"
31557,"Os06g0526600"
31558,"osa-miR395l"
31559,"Os06g0109500"
31560,"Os03g0424200"
31561,"Os02g0327700"
31562,"Os10g0192300"
31563,"Os07g0674700"
31564,"Os09g0505500"
31565,"Os12g0114800"
31566,"Os11g0544800"
31567,"Os01g0838000"
31568,"Os12g0257600"
31569,"Os05g0102500"
31570,"Os06g0497400"
31571,"Os05g0217800"
31572,"Os03g0297900"
31573,"Os07g0510200"
31574,"Os09g0518800"
31575,"Os11g0593100"
31576,"Os10g0160000"
31577,"Os12g0623900"
31578,"Os04g0202500"
31579,"Os12g0514000"
31580,"osa-miR535"
31581,"osa-miR395t"
31582,"Os01g0624400"
31583,"Os03g0245100"
31584,"Os03g0609800"
31585,"Os02g0492000"
31586,"Os11g0707000"
31587,"Os05g0384700"
31588,"Os07g0493800"
31589,"31589"
31590,"Os06g0171600"
31591,"Os03g0243800"
31592,"Os05g0412300"
31593,"POsControl0035"
31594,"Os07g0677500"
31595,"Os12g0128200"
31596,"Os07g0604000"
31597,"Os05g0507400"
31598,"Os04g0432400"
31599,"Os06g0656300"
31600,"Os03g0182800"
31601,"Os01g0732900"
31602,"Os06g0165600"
31603,"31603"
31604,"Os04g0564000"
31605,"Os11g0707000"
31606,"Os07g0462200"
31607,"Os06g0579600"
31608,"Os03g0575700"
31609,"Os07g0694000"
31610,"Os05g0113900"
31611,"Os01g0667700"
31612,"Os12g0276300"
31613,"Os10g0135600"
31614,"Os07g0185000"
31615,"Os02g0146400"
31616,"Os08g0374600"
31617,"Os07g0566800"
31618,"Os08g0554100"
31619,"Os05g0171900"
31620,"Os04g0577800"
31621,"osa-miR395b"
31622,"31622"
31623,"Os04g0371700"
31624,"Os04g0594800"
31625,"Os04g0516600"
31626,"Os03g0752800"
31627,"POsControl0029"
31628,"Os01g0686600"
31629,"Os11g0244100"
31630,"Os07g0581400"
31631,"Os11g0545300"
31632,"Os11g0602800"
31633,"Os03g0824500"
31634,"Os02g0612400"
31635,"Os01g0124000"
31636,"Os02g0735200"
31637,"osa-miR166e"
31638,"Os07g0469200"
31639,"Os03g0856700"
31640,"Os05g0107000"
31641,"Os03g0421700"
31642,"Os03g0839800"
31643,"Os12g0181500"
31644,"Os01g0894300"
31645,"Os02g0562700"
31646,"Os02g0631500"
31647,"Os07g0511500"
31648,"Os03g0427300"
31649,"Os07g0636200"
31650,"Os10g0360100"
31651,"Os03g0727000"
31652,"31652"
31653,"Os09g0547200"
31654,"Os02g0758000"
31655,"Os04g0452100"
31656,"Os10g0562100"
31657,"Os01g0386700"
31658,"Os10g0364900"
31659,"Os12g0623900"
31660,"Os08g0377400"
31661,"Os03g0767700"
31662,"Os12g0556100"
31663,"Os03g0859600"
31664,"Os03g0718100"
31665,"Os07g0175100"
31666,"Os02g0532800"
31667,"Os09g0315000"
31668,"Os02g0125400"
31669,"Os03g0762500"
31670,"Os01g0257500"
31671,"Os06g0273500"
31672,"Os05g0256500"
31673,"Os02g0589600"
31674,"Os02g0305700"
31675,"Os03g0400800"
31676,"Os03g0165900"
31677,"Os01g0633200"
31678,"Os07g0626500"
31679,"Os01g0904400"
31680,"Os12g0601400"
31681,"Os02g0533900"
31682,"Os08g0556000"
31683,"Os07g0295400"
31684,"Os09g0364500"
31685,"Os01g0315800"
31686,"Os08g0103600"
31687,"Os10g0136200"
31688,"Os04g0663200"
31689,"Os05g0596000"
31690,"Os06g0602900"
31691,"Os06g0128500"
31692,"Os08g0189100"
31693,"Os06g0665000"
31694,"Os09g0466100"
31695,"Os05g0566400"
31696,"Os07g0185800"
31697,"Os02g0266100"
31698,"Os05g0563400"
31699,"Os01g0784600"
31700,"Os09g0331900"
31701,"Os11g0685700"
31702,"Os04g0613700"
31703,"Os08g0152800"
31704,"Os08g0107100"
31705,"Os04g0660600"
31706,"Os10g0521100"
31707,"31707"
31708,"Os07g0156100"
31709,"Os05g0129000"
31710,"Os02g0214500"
31711,"Os08g0509200"
31712,"Os09g0532400"
31713,"Os02g0278700"
31714,"Os01g0330200"
31715,"Os03g0737200"
31716,"Os07g0408500"
31717,"Os02g0699500"
31718,"Os03g0297300"
31719,"Os03g0219500"
31720,"Os01g0314000"
31721,"Os11g0163800"
31722,"Os06g0261300"
31723,"Os03g0592500"
31724,"31724"
31725,"Os08g0103100"
31726,"Os06g0187000"
31727,"Os04g0115200"
31728,"Os06g0701700"
31729,"Os06g0673300"
31730,"Os01g0688200"
31731,"Os03g0429800"
31732,"Os02g0232400"
31733,"PGmControl0003"
31734,"31734"
31735,"Os07g0561400"
31736,"Os05g0291700"
31737,"Os03g0716900"
31738,"Os01g0953100"
31739,"Os08g0526700"
31740,"Os04g0390500"
31741,"Os12g0106900"
31742,"Os04g0608600"
31743,"Os03g0113900"
31744,"Os04g0609500"
31745,"Os02g0461800"
31746,"Os02g0120500"
31747,"Os02g0775400"
31748,"31748"
31749,"Os10g0499600"
31750,"Os01g0919200"
31751,"Os04g0659400"
31752,"Os05g0549100"
31753,"Os02g0498100"
31754,"Os08g0191000"
31755,"Os04g0526300"
31756,"Os06g0701100"
31757,"Os05g0102900"
31758,"Os03g0833700"
31759,"Os11g0620400"
31760,"Os12g0573700"
31761,"Os04g0450000"
31762,"Os03g0214600"
31763,"Os11g0545600"
31764,"Os09g0492700"
31765,"Os03g0359700"
31766,"Os03g0782300"
31767,"Os02g0652000"
31768,"Os01g0809300"
31769,"Os10g0559600"
31770,"Os07g0517000"
31771,"Os10g0545200"
31772,"Os07g0511900"
31773,"Os05g0438700"
31774,"Os08g0533600"
31775,"Os02g0320800"
31776,"Os08g0526300"
31777,"Os01g0814400"
31778,"Os03g0810800"
31779,"Os05g0375400"
31780,"Os11g0659200"
31781,"Os03g0818400"
31782,"Os12g0485700"
31783,"Os01g0691300"
31784,"Os06g0138600"
31785,"Os12g0525100"
31786,"Os09g0481800"
31787,"Os11g0211300"
31788,"Os01g0340600"
31789,"Os02g0142800"
31790,"Os06g0320200"
31791,"Os08g0245400"
31792,"Os03g0575500"
31793,"Os04g0463500"
31794,"Os01g0763900"
31795,"Os01g0276800"
31796,"Os12g0601300"
31797,"Os01g0268600"
31798,"Os08g0412200"
31799,"osa-miR399i"
31800,"Os09g0364400"
31801,"Os07g0623100"
31802,"Os03g0143600"
31803,"Os01g0897400"
31804,"Os01g0952900"
31805,"osa-miR530"
31806,"Os07g0573800"
31807,"Os02g0714000"
31808,"Os03g0737000"
31809,"Os01g0865600"
31810,"Os12g0180400"
31811,"Os06g0101600"
31812,"Os03g0761500"
31813,"Os01g0574500"
31814,"Os11g0119100"
31815,"Os01g0702500"
31816,"Os04g0439900"
31817,"Os03g0342100"
31818,"Os09g0464000"
31819,"Os07g0656700"
31820,"Os09g0134900"
31821,"Os07g0497000"
31822,"Os01g0137800"
31823,"Os01g0651300"
31824,"Os09g0552200"
31825,"Os11g0105900"
31826,"Os06g0522500"
31827,"Os02g0707200"
31828,"Os04g0459500"
31829,"Os11g0579300"
31830,"Os08g0113100"
31831,"Os08g0527400"
31832,"Os11g0197600"
31833,"Os04g0510600"
31834,"Os03g0701700"
31835,"Os04g0515300"
31836,"Os04g0532100"
31837,"Os01g0775400"
31838,"Os03g0188900"
31839,"POsControl0031"
31840,"Os02g0653900"
31841,"Os03g0857900"
31842,"Os02g0713700"
31843,"Os07g0252800"
31844,"Os06g0194900"
31845,"Os02g0330000"
31846,"Os03g0434800"
31847,"Os03g0184600"
31848,"Os03g0774200"
31849,"Os07g0250300"
31850,"Os01g0292200"
31851,"Os02g0608100"
31852,"Os12g0290600"
31853,"Os02g0220700"
31854,"Os02g0591600"
31855,"Os06g0682500"
31856,"Os02g0625900"
31857,"Os01g0707300"
31858,"Os12g0205500"
31859,"Os03g0756800"
31860,"Os11g0227600"
31861,"Os02g0147800"
31862,"Os02g0806000"
31863,"Os05g0500200"
31864,"Os08g0167500"
31865,"Os01g0683100"
31866,"Os05g0176100"
31867,"Os12g0535600"
31868,"Os01g0811100"
31869,"Os08g0107700"
31870,"Os06g0630200"
31871,"Os03g0401300"
31872,"Os05g0144200"
31873,"Os02g0791500"
31874,"Os07g0258400"
31875,"31875"
31876,"Os07g0603700"
31877,"PGmControl0003"
31878,"Os03g0840800"
31879,"Os05g0200100"
31880,"Os06g0195600"
31881,"Os07g0106200"
31882,"Os02g0814100"
31883,"Os05g0133900"
31884,"Os02g0235500"
31885,"Os01g0109000"
31886,"Os02g0530600"
31887,"Os09g0538700"
31888,"Os06g0128200"
31889,"Os09g0440300"
31890,"Os04g0442300"
31891,"Os06g0610500"
31892,"Os02g0785800"
31893,"Os07g0173100"
31894,"Os02g0136800"
31895,"Os05g0271400"
31896,"Os09g0445500"
31897,"Os08g0107800"
31898,"Os08g0543100"
31899,"Os06g0568000"
31900,"Os05g0458100"
31901,"Os10g0409500"
31902,"31902"
31903,"Os03g0745500"
31904,"Os08g0520700"
31905,"Os07g0580900"
31906,"Os02g0580800"
31907,"Os03g0680800"
31908,"Os11g0275000"
31909,"Os01g0838200"
31910,"Os06g0104400"
31911,"Os01g0901900"
31912,"Os07g0574800"
31913,"Os07g0652200"
31914,"Os12g0600400"
31915,"Os10g0167700"
31916,"Os09g0441900"
31917,"Os06g0541600"
31918,"Os10g0148100"
31919,"Os12g0116200"
31920,"osa-miR156l"
31921,"Os05g0412800"
31922,"Os02g0249700"
31923,"Os05g0573700"
31924,"Os01g0817800"
31925,"Os04g0573900"
31926,"Os05g0270400"
31927,"Os07g0532600"
31928,"Os05g0582800"
31929,"Os07g0432800"
31930,"31930"
31931,"POsControl0002"
31932,"POsControl0006"
31933,"Os01g0248600"
31934,"Os12g0614300"
31935,"Os04g0353200"
31936,"Os03g0851900"
31937,"Os10g0425900"
31938,"Os07g0588700"
31939,"Os11g0446000"
31940,"Os06g0604300"
31941,"Os02g0117600"
31942,"Os03g0309800"
31943,"Os06g0319400"
31944,"Os06g0611900"
31945,"Os07g0572600"
31946,"Os03g0345300"
31947,"Os12g0538100"
31948,"Os07g0622200"
31949,"Os03g0739500"
31950,"Os04g0438200"
31951,"Os09g0383400"
31952,"Os04g0658800"
31953,"Os12g0112600"
31954,"Os02g0477700"
31955,"Os03g0742300"
31956,"Os03g0851800"
31957,"Os04g0547600"
31958,"Os11g0284600"
31959,"osa-miR439e"
31960,"Os09g0423400"
31961,"Os08g0522600"
31962,"Os08g0476400"
31963,"Os03g0586400"
31964,"Os08g0477500"
31965,"Os03g0824600"
31966,"Os09g0478900"
31967,"Os02g0735200"
31968,"Os11g0245200"
31969,"Os11g0644700"
31970,"Os12g0262700"
31971,"Os05g0143700"
31972,"Os03g0300600"
31973,"Os08g0455300"
31974,"Os03g0332900"
31975,"Os07g0148600"
31976,"Os01g0351100"
31977,"Os01g0594900"
31978,"Os12g0515500"
31979,"Os08g0512600"
31980,"Os02g0125100"
31981,"Os04g0591300"
31982,"Os05g0351500"
31983,"Os07g0554600"
31984,"Os01g0944100"
31985,"Os02g0164900"
31986,"Os04g0527900"
31987,"31987"
31988,"Os03g0808100"
31989,"Os09g0550000"
31990,"Os02g0134100"
31991,"Os07g0223400"
31992,"Os03g0655700"
31993,"Os12g0265000"
31994,"Os08g0416000"
31995,"Os03g0243300"
31996,"Os06g0211300"
31997,"Os12g0518900"
31998,"Os02g0197600"
31999,"Os05g0469600"
32000,"Os01g0169500"
32001,"Os11g0114300"
32002,"Os06g0255200"
32003,"Os03g0249800"
32004,"Os11g0515500"
32005,"Os02g0205000"
32006,"Os08g0562800"
32007,"32007"
32008,"32008"
32009,"Os05g0358700"
32010,"Os02g0616100"
32011,"Os06g0106800"
32012,"Os03g0158800"
32013,"Os06g0184300"
32014,"Os03g0243200"
32015,"Os02g0470400"
32016,"Os03g0152900"
32017,"Os02g0745200"
32018,"Os01g0679700"
32019,"Os01g0198200"
32020,"Os08g0200300"
32021,"Os12g0263200"
32022,"Os12g0584200"
32023,"Os07g0693000"
32024,"Os01g0754200"
32025,"Os04g0511400"
32026,"Os07g0134600"
32027,"32027"
32028,"Os01g0872300"
32029,"Os01g0142200"
32030,"Os12g0433500"
32031,"Os03g0586900"
32032,"Os12g0210800"
32033,"Os01g0609900"
32034,"Os02g0329300"
32035,"Os10g0579200"
32036,"Os05g0521600"
32037,"Os05g0372100"
32038,"Os01g0564300"
32039,"Os05g0144100"
32040,"Os01g0976700"
32041,"Os02g0456800"
32042,"Os07g0490500"
32043,"Os03g0598100"
32044,"Os09g0560000"
32045,"Os05g0333200"
32046,"Os06g0243700"
32047,"POsControl0019"
32048,"Os01g0688600"
32049,"Os11g0628800"
32050,"Os03g0752800"
32051,"Os01g0141100"
32052,"Os02g0487300"
32053,"Os02g0616100"
32054,"Os11g0552000"
32055,"Os01g0188400"
32056,"Os08g0141300"
32057,"Os01g0855400"
32058,"Os01g0958000"
32059,"Os09g0258000"
32060,"Os11g0485500"
32061,"Os02g0559300"
32062,"Os03g0355600"
32063,"Os07g0124500"
32064,"32064"
32065,"Os01g0300200"
32066,"Os04g0648600"
32067,"Os03g0684800"
32068,"Os10g0542800"
32069,"Os08g0390700"
32070,"Os01g0923300"
32071,"Os02g0111900"
32072,"Os10g0537800"
32073,"Os08g0332800"
32074,"Os09g0536200"
32075,"Os01g0510800"
32076,"Os06g0233800"
32077,"Os01g0946200"
32078,"Os04g0505200"
32079,"Os10g0548800"
32080,"Os01g0172800"
32081,"Os10g0132500"
32082,"Os12g0615300"
32083,"Os05g0164900"
32084,"Os09g0339000"
32085,"Os05g0208000"
32086,"Os05g0129200"
32087,"Os02g0189300"
32088,"Os11g0545300"
32089,"Os04g0643600"
32090,"Os02g0245000"
32091,"Os08g0254200"
32092,"Os02g0177900"
32093,"Os04g0479900"
32094,"Os01g0663300"
32095,"Os08g0359200"
32096,"Os01g0317800"
32097,"Os06g0165100"
32098,"Os12g0190000"
32099,"Os01g0620900"
32100,"Os10g0416100"
32101,"Os09g0457800"
32102,"Os05g0563300"
32103,"Os01g0557500"
32104,"Os03g0356700"
32105,"32105"
32106,"Os03g0310800"
32107,"Os06g0708000"
32108,"Os08g0148900"
32109,"Os02g0758100"
32110,"Os05g0396700"
32111,"Os02g0802400"
32112,"Os03g0104600"
32113,"Os04g0441900"
32114,"Os01g0630300"
32115,"Os10g0113000"
32116,"Os12g0566700"
32117,"Os02g0307800"
32118,"Os09g0287000"
32119,"Os01g0237000"
32120,"Os09g0275400"
32121,"Os02g0139000"
32122,"Os04g0565300"
32123,"Os03g0570100"
32124,"Os06g0317600"
32125,"Os02g0556900"
32126,"Os01g0855000"
32127,"Os07g0635700"
32128,"Os09g0353200"
32129,"Os05g0209600"
32130,"Os01g0710800"
32131,"Os06g0126000"
32132,"Os04g0563300"
32133,"Os06g0359400"
32134,"Os08g0565600"
32135,"Os10g0472900"
32136,"Os01g0858900"
32137,"Os08g0467600"
32138,"Os05g0353400"
32139,"Os03g0598600"
32140,"Os03g0241800"
32141,"Os02g0270300"
32142,"Os10g0457000"
32143,"Os04g0679400"
32144,"Os12g0248900"
32145,"Os05g0559000"
32146,"Os11g0661800"
32147,"Os11g0568200"
32148,"Os11g0244800"
32149,"Os08g0230300"
32150,"Os02g0800900"
32151,"Os12g0131000"
32152,"POsControl0011"
32153,"Os09g0257900"
32154,"osa-miR156a"
32155,"Os02g0826400"
32156,"Os01g0874900"
32157,"Os02g0313700"
32158,"Os10g0577500"
32159,"Os08g0503200"
32160,"Os12g0417100"
32161,"Os08g0530400"
32162,"Os01g0319400"
32163,"Os03g0227500"
32164,"Os10g0572800"
32165,"Os01g0743800"
32166,"Os10g0462300"
32167,"Os04g0645100"
32168,"Os11g0300400"
32169,"Os06g0474200"
32170,"Os01g0736000"
32171,"Os04g0347800"
32172,"Os03g0859100"
32173,"32173"
32174,"Os02g0794400"
32175,"Os08g0397900"
32176,"Os11g0580800"
32177,"Os08g0326300"
32178,"Os07g0683200"
32179,"Os04g0687100"
32180,"Os02g0111800"
32181,"Os09g0541900"
32182,"Os02g0120000"
32183,"Os01g0917500"
32184,"Os02g0816400"
32185,"Os12g0548800"
32186,"Os08g0414300"
32187,"Os11g0134400"
32188,"Os12g0288600"
32189,"Os06g0116500"
32190,"Os02g0621600"
32191,"Os01g0524700"
32192,"Os04g0182300"
32193,"Os01g0107700"
32194,"osa-miR531"
32195,"Os06g0650800"
32196,"Os01g0594500"
32197,"Os06g0273200"
32198,"osa-miR395b"
32199,"Os01g0242300"
32200,"Os07g0485000"
32201,"Os03g0375300"
32202,"Os08g0123600"
32203,"Os02g0831700"
32204,"Os02g0699900"
32205,"Os05g0542300"
32206,"Os02g0115900"
32207,"Os06g0561100"
32208,"Os01g0559100"
32209,"32209"
32210,"Os01g0954400"
32211,"Os06g0231300"
32212,"osa-miR166e"
32213,"Os03g0265500"
32214,"PGmControl0003"
32215,"Os05g0401500"
32216,"Os06g0676300"
32217,"Os08g0436700"
32218,"Os07g0507300"
32219,"Os08g0221300"
32220,"osa-miR439a"
32221,"32221"
32222,"Os09g0518700"
32223,"Os02g0518400"
32224,"Os08g0151800"
32225,"Os10g0330000"
32226,"Os09g0134900"
32227,"Os03g0772800"
32228,"Os06g0589800"
32229,"Os03g0186600"
32230,"Os06g0713000"
32231,"Os02g0775900"
32232,"Os07g0542600"
32233,"Os04g0532500"
32234,"Os07g0680500"
32235,"Os02g0118900"
32236,"Os05g0166600"
32237,"Os02g0794700"
32238,"Os03g0607800"
32239,"Os04g0103700"
32240,"Os07g0674900"
32241,"Os01g0761300"
32242,"Os07g0642100"
32243,"Os03g0738800"
32244,"Os04g0627400"
32245,"Os07g0648700"
32246,"Os07g0644300"
32247,"32247"
32248,"Os10g0343100"
32249,"Os02g0116300"
32250,"Os05g0372300"
32251,"Os09g0442100"
32252,"Os03g0741100"
32253,"Os04g0501000"
32254,"Os11g0592200"
32255,"Os02g0197600"
32256,"Os11g0599400"
32257,"Os08g0537900"
32258,"Os06g0175500"
32259,"Os05g0513200"
32260,"Os02g0727200"
32261,"Os10g0488800"
32262,"Os03g0308200"
32263,"Os11g0647800"
32264,"Os06g0695600"
32265,"Os02g0543000"
32266,"Os04g0304200"
32267,"Os08g0260600"
32268,"Os01g0258100"
32269,"Os05g0144800"
32270,"Os12g0264500"
32271,"Os08g0178700"
32272,"Os12g0124000"
32273,"Os03g0289800"
32274,"Os02g0126300"
32275,"Os11g0431700"
32276,"Os03g0657000"
32277,"Os06g0286700"
32278,"Os04g0211900"
32279,"Os12g0166700"
32280,"Os10g0438600"
32281,"Os07g0273900"
32282,"Os01g0510800"
32283,"Os07g0227400"
32284,"Os04g0386700"
32285,"Os04g0584100"
32286,"Os07g0454200"
32287,"Os08g0116500"
32288,"Os10g0466700"
32289,"Os12g0617000"
32290,"Os11g0708100"
32291,"Os07g0148900"
32292,"Os01g0244000"
32293,"Os09g0565400"
32294,"Os03g0678100"
32295,"Os01g0580000"
32296,"Os06g0300800"
32297,"Os06g0647900"
32298,"Os02g0527100"
32299,"Os09g0327000"
32300,"Os02g0323000"
32301,"Os09g0406900"
32302,"Os03g0701700"
32303,"Os01g0138300"
32304,"Os08g0435900"
32305,"Os08g0474500"
32306,"Os01g0753800"
32307,"Os01g0342900"
32308,"osa-miR319b"
32309,"Os08g0392100"
32310,"Os05g0121200"
32311,"Os05g0436400"
32312,"Os03g0670100"
32313,"Os03g0356700"
32314,"Os12g0574800"
32315,"Os12g0561900"
32316,"Os11g0701800"
32317,"Os01g0229800"
32318,"Os01g0760600"
32319,"Os05g0591900"
32320,"Os09g0413700"
32321,"Os06g0284200"
32322,"Os08g0562600"
32323,"Os06g0685100"
32324,"Os12g0171500"
32325,"Os03g0137200"
32326,"Os04g0394200"
32327,"Os04g0162800"
32328,"32328"
32329,"Os07g0288700"
32330,"Os12g0639100"
32331,"Os08g0424100"
32332,"Os09g0123200"
32333,"Os06g0117000"
32334,"Os04g0692200"
32335,"Os03g0297100"
32336,"osa-miR396d"
32337,"Os11g0607200"
32338,"Os09g0420300"
32339,"Os08g0381600"
32340,"Os08g0262500"
32341,"Os07g0561500"
32342,"Os06g0679700"
32343,"Os11g0139900"
32344,"Os05g0414200"
32345,"Os07g0273700"
32346,"Os11g0559200"
32347,"Os09g0538000"
32348,"Os12g0470700"
32349,"Os01g0711500"
32350,"Os02g0726300"
32351,"Os01g0611900"
32352,"Os01g0512300"
32353,"Os03g0578500"
32354,"Os08g0156800"
32355,"Os11g0444700"
32356,"Os12g0266200"
32357,"Os03g0848400"
32358,"Os08g0433300"
32359,"Os03g0236900"
32360,"Os12g0541400"
32361,"Os02g0102900"
32362,"Os01g0110700"
32363,"Os02g0778300"
32364,"Os03g0368000"
32365,"Os01g0538000"
32366,"Os02g0669500"
32367,"32367"
32368,"Os04g0469000"
32369,"osa-miR395c"
32370,"Os10g0444700"
32371,"Os06g0556200"
32372,"Os07g0239600"
32373,"Os01g0720600"
32374,"Os08g0138500"
32375,"Os12g0179700"
32376,"Os06g0664200"
32377,"Os09g0130800"
32378,"Os01g0306400"
32379,"Os02g0719800"
32380,"Os08g0411700"
32381,"Os11g0707700"
32382,"Os01g0857000"
32383,"Os03g0187500"
32384,"Os07g0461500"
32385,"Os04g0444400"
32386,"Os12g0289800"
32387,"Os11g0294600"
32388,"Os11g0247800"
32389,"Os09g0466100"
32390,"Os09g0419200"
32391,"Os01g0120800"
32392,"Os06g0625900"
32393,"Os02g0805500"
32394,"Os01g0358100"
32395,"Os05g0465100"
32396,"Os10g0450800"
32397,"Os08g0424600"
32398,"Os11g0139700"
32399,"Os07g0507000"
32400,"Os02g0824100"
32401,"Os08g0289300"
32402,"Os07g0636100"
32403,"Os06g0688100"
32404,"Os08g0536800"
32405,"Os02g0164300"
32406,"Os07g0469100"
32407,"Os10g0413900"
32408,"Os02g0171600"
32409,"Os11g0128700"
32410,"Os05g0509300"
32411,"Os08g0109100"
32412,"Os03g0590700"
32413,"Os03g0620800"
32414,"Os10g0143000"
32415,"Os07g0549300"
32416,"Os01g0149200"
32417,"Os09g0283800"
32418,"Os04g0607200"
32419,"Os04g0576800"
32420,"Os07g0598000"
32421,"Os01g0960300"
32422,"Os06g0604500"
32423,"osa-miR395u"
32424,"Os05g0409500"
32425,"Os04g0509000"
32426,"Os02g0630300"
32427,"Os08g0412100"
32428,"Os05g0404500"
32429,"Os03g0617500"
32430,"Os02g0215200"
32431,"Os12g0155000"
32432,"Os05g0498400"
32433,"Os01g0933500"
32434,"Os05g0103500"
32435,"Os11g0206600"
32436,"Os05g0186900"
32437,"Os06g0490200"
32438,"Os02g0283200"
32439,"Os06g0522300"
32440,"Os10g0452500"
32441,"Os03g0831700"
32442,"osa-miR420"
32443,"Os10g0371000"
32444,"Os04g0610200"
32445,"Os11g0689100"
32446,"Os01g0768700"
32447,"Os12g0156000"
32448,"Os10g0483400"
32449,"Os01g0971000"
32450,"Os06g0154400"
32451,"Os07g0160400"
32452,"Os01g0897800"
32453,"Os01g0575000"
32454,"Os11g0666300"
32455,"Os05g0495300"
32456,"Os04g0578800"
32457,"Os05g0155200"
32458,"Os06g0574900"
32459,"Os11g0153300"
32460,"Os05g0461400"
32461,"Os10g0528300"
32462,"Os11g0492800"
32463,"osa-miR531"
32464,"Os10g0107600"
32465,"Os01g0656600"
32466,"Os12g0171900"
32467,"Os01g0897800"
32468,"Os01g0784000"
32469,"Os01g0645900"
32470,"Os07g0516700"
32471,"Os08g0522500"
32472,"Os01g0846900"
32473,"Os01g0723800"
32474,"Os06g0346900"
32475,"Os02g0182700"
32476,"Os06g0147700"
32477,"Os06g0360600"
32478,"Os07g0161000"
32479,"Os06g0705400"
32480,"Os01g0934500"
32481,"32481"
32482,"Os12g0129800"
32483,"Os01g0758700"
32484,"Os05g0126100"
32485,"Os01g0252600"
32486,"Os04g0497200"
32487,"Os01g0819200"
32488,"Os05g0126500"
32489,"Os02g0720900"
32490,"Os07g0237900"
32491,"Os12g0246700"
32492,"Os06g0279900"
32493,"Os09g0135200"
32494,"PZmControl0003"
32495,"32495"
32496,"Os07g0296000"
32497,"Os11g0701800"
32498,"Os07g0687800"
32499,"Os04g0105000"
32500,"Os09g0516200"
32501,"Os08g0248500"
32502,"Os05g0328800"
32503,"Os01g0745700"
32504,"Os06g0274800"
32505,"Os02g0751800"
32506,"Os06g0625700"
32507,"Os01g0204000"
32508,"Os03g0292600"
32509,"Os12g0181600"
32510,"Os02g0256800"
32511,"Os01g0944900"
32512,"Os11g0639000"
32513,"Os10g0323900"
32514,"Os06g0364300"
32515,"Os09g0469400"
32516,"Os01g0524100"
32517,"Os01g0253500"
32518,"Os10g0469700"
32519,"Os07g0406600"
32520,"osa-miR171c"
32521,"Os03g0293100"
32522,"Os12g0154900"
32523,"Os08g0380100"
32524,"Os03g0794500"
32525,"Os10g0363600"
32526,"Os07g0298700"
32527,"Os03g0668300"
32528,"Os04g0576400"
32529,"Os02g0504100"
32530,"Os04g0617200"
32531,"Os11g0260000"
32532,"Os01g0846600"
32533,"Os01g0725600"
32534,"Os08g0471800"
32535,"Os12g0181300"
32536,"Os01g0908700"
32537,"Os06g0498400"
32538,"Os03g0772600"
32539,"Os12g0571500"
32540,"Os01g0642200"
32541,"Os06g0562600"
32542,"Os03g0187000"
32543,"Os11g0594200"
32544,"Os01g0164400"
32545,"POsControl0028"
32546,"Os07g0459000"
32547,"Os01g0847100"
32548,"Os05g0402900"
32549,"Os05g0232500"
32550,"32550"
32551,"Os03g0211700"
32552,"Os04g0571800"
32553,"Os03g0236200"
32554,"Os05g0579900"
32555,"Os07g0690400"
32556,"osa-miR395m"
32557,"Os07g0693500"
32558,"Os04g0311400"
32559,"Os01g0508000"
32560,"Os11g0501500"
32561,"osa-miR172a"
32562,"Os06g0318700"
32563,"Os06g0212300"
32564,"Os01g0749200"
32565,"Os03g0261900"
32566,"Os01g0850200"
32567,"Os02g0160000"
32568,"Os04g0675700"
32569,"Os12g0433200"
32570,"Os08g0124000"
32571,"Os09g0394900"
32572,"Os03g0205700"
32573,"Os07g0563300"
32574,"Os03g0760800"
32575,"Os11g0257800"
32576,"Os06g0255100"
32577,"Os10g0561900"
32578,"Os04g0511200"
32579,"Os03g0707200"
32580,"Os03g0240700"
32581,"Os04g0619400"
32582,"Os01g0369700"
32583,"Os02g0179200"
32584,"Os02g0727300"
32585,"Os06g0730900"
32586,"Os05g0590000"
32587,"Os03g0135300"
32588,"Os02g0530300"
32589,"Os03g0574600"
32590,"Os04g0244500"
32591,"Os03g0146300"
32592,"Os11g0686100"
32593,"Os03g0657000"
32594,"Os02g0194400"
32595,"Os07g0693800"
32596,"Os03g0247900"
32597,"Os01g0734200"
32598,"Os03g0150600"
32599,"Os04g0685900"
32600,"32600"
32601,"osa-miR397a"
32602,"osa-miR441c"
32603,"Os12g0546800"
32604,"Os07g0150100"
32605,"Os11g0145000"
32606,"Os04g0103300"
32607,"Os09g0245500"
32608,"Os02g0199800"
32609,"Os04g0390000"
32610,"Os03g0647800"
32611,"Os12g0587300"
32612,"Os12g0503000"
32613,"Os03g0820400"
32614,"Os07g0218000"
32615,"Os03g0838100"
32616,"Os02g0485100"
32617,"Os04g0464400"
32618,"Os02g0815900"
32619,"Os04g0616400"
32620,"Os03g0755100"
32621,"Os06g0151200"
32622,"Os10g0520700"
32623,"Os09g0509500"
32624,"Os01g0896800"
32625,"Os01g0223900"
32626,"Os09g0306800"
32627,"Os07g0676700"
32628,"Os12g0541200"
32629,"Os04g0380800"
32630,"Os07g0159800"
32631,"Os07g0608100"
32632,"Os09g0527100"
32633,"Os04g0678000"
32634,"Os08g0287200"
32635,"Os03g0828300"
32636,"Os07g0148200"
32637,"Os03g0422800"
32638,"Os12g0207600"
32639,"Os03g0293500"
32640,"Os02g0710900"
32641,"Os01g0667200"
32642,"Os08g0431900"
32643,"Os04g0683500"
32644,"Os02g0817500"
32645,"Os02g0162500"
32646,"Os04g0644400"
32647,"Os05g0386000"
32648,"Os06g0662500"
32649,"Os05g0428600"
32650,"Os01g0934300"
32651,"Os11g0123500"
32652,"Os03g0829000"
32653,"Os01g0284700"
32654,"Os12g0130500"
32655,"Os10g0124100"
32656,"Os03g0351500"
32657,"Os02g0570700"
32658,"Os11g0525200"
32659,"Os01g0942300"
32660,"Os12g0212900"
32661,"Os05g0457100"
32662,"Os06g0317200"
32663,"Os11g0240600"
32664,"Os03g0556500"
32665,"Os12g0583500"
32666,"Os01g0385900"
32667,"32667"
32668,"Os08g0496800"
32669,"Os09g0513400"
32670,"Os01g0528800"
32671,"Os09g0405500"
32672,"Os08g0389700"
32673,"Os12g0447000"
32674,"Os09g0525500"
32675,"Os02g0102300"
32676,"Os08g0555800"
32677,"Os02g0196600"
32678,"Os06g0122500"
32679,"Os06g0234100"
32680,"PZmControl0003"
32681,"Os10g0431900"
32682,"Os03g0336600"
32683,"Os03g0731900"
32684,"Os01g0191800"
32685,"Os12g0601200"
32686,"Os07g0124800"
32687,"Os04g0461100"
32688,"Os08g0268800"
32689,"Os08g0220900"
32690,"Os02g0458800"
32691,"Os08g0190100"
32692,"Os02g0317000"
32693,"Os12g0560700"
32694,"Os12g0638900"
32695,"Os09g0352400"
32696,"osa-miR156k"
32697,"Os11g0691100"
32698,"Os04g0395700"
32699,"Os02g0633100"
32700,"Os04g0321800"
32701,"Os11g0250100"
32702,"Os08g0233000"
32703,"Os03g0292900"
32704,"Os05g0207300"
32705,"Os09g0307800"
32706,"Os09g0345000"
32707,"Os04g0517300"
32708,"Os05g0256000"
32709,"Os02g0135800"
32710,"Os10g0563800"
32711,"Os03g0624300"
32712,"Os06g0155900"
32713,"Os02g0775300"
32714,"Os09g0538000"
32715,"Os09g0459800"
32716,"Os03g0832800"
32717,"Os03g0267500"
32718,"Os01g0200700"
32719,"Os01g0694000"
32720,"Os03g0331700"
32721,"Os11g0431400"
32722,"Os05g0526800"
32723,"Os02g0552800"
32724,"Os04g0481200"
32725,"Os10g0549900"
32726,"osa-miR399b"
32727,"Os04g0414300"
32728,"Os07g0524300"
32729,"Os12g0564600"
32730,"Os03g0439900"
32731,"Os01g0658400"
32732,"Os11g0439600"
32733,"Os01g0210300"
32734,"Os06g0691000"
32735,"Os05g0595100"
32736,"Os06g0116400"
32737,"Os07g0479200"
32738,"Os11g0229600"
32739,"Os08g0557600"
32740,"Os03g0837900"
32741,"Os07g0634400"
32742,"Os11g0286300"
32743,"Os02g0256200"
32744,"Os02g0627100"
32745,"Os04g0461700"
32746,"Os06g0606000"
32747,"Os10g0196400"
32748,"Os03g0790600"
32749,"Os07g0222700"
32750,"Os03g0190100"
32751,"Os04g0227500"
32752,"Os02g0745400"
32753,"Os12g0287300"
32754,"Os09g0528100"
32755,"Os11g0597400"
32756,"Os02g0612300"
32757,"Os02g0669100"
32758,"osa-miR395j"
32759,"Os04g0541700"
32760,"Os05g0552800"
32761,"Os04g0323500"
32762,"32762"
32763,"Os06g0626600"
32764,"32764"
32765,"Os05g0480200"
32766,"Os01g0915800"
32767,"Os03g0714400"
32768,"Os08g0278600"
32769,"Os03g0839600"
32770,"Os01g0875000"
32771,"Os02g0204400"
32772,"Os03g0639300"
32773,"Os01g0292700"
32774,"Os03g0796000"
32775,"Os01g0150100"
32776,"Os12g0547600"
32777,"Os01g0550900"
32778,"Os11g0639400"
32779,"Os04g0691700"
32780,"Os01g0658500"
32781,"Os04g0628400"
32782,"Os04g0498100"
32783,"Os04g0618100"
32784,"Os05g0195700"
32785,"Os09g0528200"
32786,"Os01g0118300"
32787,"Os03g0847600"
32788,"Os10g0331700"
32789,"Os09g0325000"
32790,"Os08g0189100"
32791,"Os01g0201700"
32792,"Os02g0232900"
32793,"Os05g0333200"
32794,"Os05g0458600"
32795,"Os08g0100500"
32796,"Os01g0814900"
32797,"Os11g0142400"
32798,"Os03g0657000"
32799,"Os12g0163700"
32800,"Os06g0544100"
32801,"Os04g0602800"
32802,"Os06g0148800"
32803,"Os11g0213700"
32804,"Os03g0719500"
32805,"Os09g0542100"
32806,"Os06g0486400"
32807,"Os10g0203000"
32808,"Os10g0529900"
32809,"Os03g0343500"
32810,"Os12g0226900"
32811,"Os06g0642800"
32812,"Os08g0360200"
32813,"Os12g0133600"
32814,"Os04g0438500"
32815,"Os01g0242500"
32816,"Os07g0248800"
32817,"Os10g0486300"
32818,"Os05g0457000"
32819,"Os01g0346400"
32820,"Os01g0523000"
32821,"Os02g0775600"
32822,"Os02g0663900"
32823,"Os11g0672900"
32824,"Os05g0147700"
32825,"Os04g0390000"
32826,"Os08g0198900"
32827,"Os01g0220300"
32828,"Os07g0571300"
32829,"Os03g0687900"
32830,"Os01g0585100"
32831,"Os08g0374100"
32832,"Os10g0465600"
32833,"Os06g0731900"
32834,"Os08g0376200"
32835,"POsControl0034"
32836,"Os03g0310000"
32837,"Os12g0164300"
32838,"Os01g0935800"
32839,"Os11g0615000"
32840,"osa-miR162b"
32841,"Os01g0666700"
32842,"Os02g0173100"
32843,"Os02g0204500"
32844,"Os05g0557800"
32845,"Os03g0337800"
32846,"Os01g0137400"
32847,"Os12g0168100"
32848,"Os03g0197100"
32849,"Os03g0826000"
32850,"Os11g0138400"
32851,"Os04g0665400"
32852,"Os02g0266500"
32853,"Os04g0528300"
32854,"Os09g0538800"
32855,"Os01g0234800"
32856,"Os01g0172400"
32857,"Os01g0179000"
32858,"Os06g0221200"
32859,"Os01g0775200"
32860,"Os08g0192800"
32861,"Os01g0976500"
32862,"Os04g0585100"
32863,"POsControl0021"
32864,"Os04g0413900"
32865,"Os05g0334800"
32866,"Os11g0216900"
32867,"Os02g0586400"
32868,"Os09g0400000"
32869,"Os08g0490900"
32870,"Os02g0255900"
32871,"Os02g0166800"
32872,"Os11g0573000"
32873,"Os09g0340400"
32874,"Os05g0157500"
32875,"Os03g0252800"
32876,"Os01g0215500"
32877,"Os11g0637700"
32878,"osa-miR159b"
32879,"Os08g0565700"
32880,"Os10g0151800"
32881,"Os07g0581000"
32882,"Os09g0133200"
32883,"Os03g0285700"
32884,"Os01g0833100"
32885,"Os03g0349000"
32886,"Os03g0274400"
32887,"Os12g0612400"
32888,"Os01g0617500"
32889,"Os07g0197100"
32890,"Os07g0668200"
32891,"Os06g0554800"
32892,"Os02g0239400"
32893,"Os01g0332900"
32894,"Os04g0600400"
32895,"Os02g0519900"
32896,"Os03g0690600"
32897,"Os11g0120800"
32898,"Os01g0956300"
32899,"32899"
32900,"Os05g0111300"
32901,"Os09g0339800"
32902,"Os02g0440000"
32903,"Os03g0399600"
32904,"Os01g0650900"
32905,"Os04g0478600"
32906,"Os10g0499200"
32907,"Os10g0145100"
32908,"Os01g0228400"
32909,"Os04g0184700"
32910,"Os08g0547900"
32911,"Os07g0226200"
32912,"Os02g0210000"
32913,"Os01g0600500"
32914,"Os03g0769100"
32915,"POsControl0016"
32916,"Os07g0466500"
32917,"Os08g0524200"
32918,"Os07g0500000"
32919,"Os02g0832600"
32920,"Os10g0439600"
32921,"Os12g0409900"
32922,"Os01g0562600"
32923,"Os07g0134000"
32924,"Os01g0213400"
32925,"PGmControl0002"
32926,"Os03g0833600"
32927,"Os02g0192400"
32928,"Os10g0393800"
32929,"Os01g0120400"
32930,"Os02g0481900"
32931,"Os06g0343500"
32932,"Os03g0307900"
32933,"Os07g0563600"
32934,"Os09g0559900"
32935,"Os09g0120900"
32936,"osa-miR156h"
32937,"Os06g0152800"
32938,"Os03g0432100"
32939,"Os08g0379300"
32940,"Os01g0338000"
32941,"Os11g0633500"
32942,"Os11g0186300"
32943,"Os03g0416400"
32944,"Os02g0200900"
32945,"Os08g0548200"
32946,"Os04g0607400"
32947,"Os01g0174900"
32948,"Os11g0132600"
32949,"osa-miR396a"
32950,"Os10g0418900"
32951,"Os08g0531700"
32952,"Os04g0517500"
32953,"Os12g0460000"
32954,"Os07g0167000"
32955,"Os01g0297000"
32956,"Os07g0687700"
32957,"Os01g0349400"
32958,"Os04g0165200"
32959,"Os08g0475500"
32960,"Os03g0685500"
32961,"Os05g0387600"
32962,"Os08g0138900"
32963,"POsControl0009"
32964,"Os03g0238300"
32965,"Os02g0214300"
32966,"Os03g0432100"
32967,"Os08g0119800"
32968,"Os08g0157100"
32969,"Os12g0547600"
32970,"Os01g0327000"
32971,"Os02g0235000"
32972,"Os06g0663400"
32973,"Os07g0668700"
32974,"Os02g0313500"
32975,"Os09g0480100"
32976,"Os07g0605200"
32977,"Os05g0565900"
32978,"Os08g0184600"
32979,"Os08g0515600"
32980,"Os02g0612300"
32981,"Os02g0754400"
32982,"Os01g0125600"
32983,"Os10g0188800"
32984,"Os12g0244100"
32985,"Os05g0537300"
32986,"Os03g0681900"
32987,"Os03g0351500"
32988,"Os06g0664400"
32989,"Os01g0561500"
32990,"Os07g0479200"
32991,"Os10g0572900"
32992,"Os03g0100200"
32993,"Os08g0452900"
32994,"Os10g0130800"
32995,"Os09g0328900"
32996,"Os04g0653000"
32997,"Os04g0682900"
32998,"Os04g0234600"
32999,"Os01g0800300"
33000,"Os12g0498900"
33001,"Os08g0355400"
33002,"Os04g0623400"
33003,"Os03g0133600"
33004,"Os12g0548100"
33005,"Os12g0137900"
33006,"Os11g0521900"
33007,"Os08g0193100"
33008,"Os05g0428700"
33009,"Os11g0536000"
33010,"Os06g0694200"
33011,"Os02g0161200"
33012,"Os04g0349700"
33013,"Os02g0520800"
33014,"Os09g0395600"
33015,"Os08g0513300"
33016,"Os01g0292900"
33017,"Os01g0733100"
33018,"Os03g0596300"
33019,"Os02g0577100"
33020,"Os01g0729900"
33021,"Os01g0969700"
33022,"Os09g0566400"
33023,"Os05g0456700"
33024,"Os05g0548300"
33025,"Os07g0467600"
33026,"Os02g0128800"
33027,"Os06g0649600"
33028,"Os09g0469600"
33029,"Os01g0710700"
33030,"Os04g0685400"
33031,"Os02g0821600"
33032,"Os12g0583000"
33033,"Os07g0236200"
33034,"Os07g0285200"
33035,"Os05g0581800"
33036,"Os01g0109700"
33037,"Os03g0251500"
33038,"Os12g0623900"
33039,"Os12g0194400"
33040,"Os07g0693100"
33041,"Os01g0749100"
33043,"Os01g0128000"
33044,"Os09g0110100"
33045,"Os11g0246900"
33046,"Os05g0353300"
33047,"Os04g0346800"
33048,"Os01g0866400"
33049,"Os01g0878000"
33050,"Os10g0481400"
33051,"Os05g0366300"
33052,"osa-miR156h"
33053,"Os06g0135000"
33054,"Os01g0813100"
33055,"Os06g0152300"
33056,"Os02g0316800"
33057,"33057"
33058,"Os03g0281300"
33059,"Os01g0343300"
33060,"Os12g0108500"
33061,"Os07g0456700"
33062,"Os03g0164300"
33063,"Os06g0677000"
33064,"33064"
33065,"Os02g0453300"
33066,"Os03g0145700"
33067,"Os02g0125700"
33068,"Os10g0492800"
33069,"Os01g0373400"
33070,"Os05g0330100"
33071,"Os07g0668200"
33072,"Os03g0832800"
33073,"Os07g0147900"
33074,"Os01g0810800"
33075,"Os11g0644900"
33076,"Os10g0567400"
33077,"Os01g0841600"
33078,"33078"
33079,"Os12g0267500"
33080,"Os03g0100200"
33081,"Os10g0446400"
33082,"Os02g0690000"
33083,"Os03g0767600"
33084,"Os05g0509200"
33085,"Os06g0506600"
33086,"Os01g0250600"
33087,"Os11g0602600"
33088,"Os04g0453400"
33089,"Os06g0264300"
33090,"Os03g0291800"
33091,"Os12g0287200"
33092,"Os06g0583400"
33093,"33093"
33094,"Os06g0719500"
33095,"POsControl0040"
33096,"Os06g0592500"
33097,"Os02g0677800"
33098,"Os12g0190400"
33099,"Os07g0144500"
33100,"Os04g0492900"
33101,"Os03g0735000"
33102,"Os06g0346400"
33103,"Os03g0397600"
33104,"Os01g0878900"
33105,"Os01g0232100"
33106,"Os04g0593800"
33107,"Os02g0252400"
33108,"Os04g0669800"
33109,"Os06g0707800"
33110,"Os04g0506900"
33111,"Os08g0558400"
33112,"Os04g0500500"
33113,"Os02g0730400"
33114,"Os05g0475400"
33115,"Os09g0560100"
33116,"Os04g0399300"
33117,"Os10g0429300"
33118,"Os04g0357300"
33119,"Os06g0675200"
33120,"Os07g0605200"
33121,"Os03g0583800"
33122,"Os08g0108200"
33123,"POsControl0001"
33124,"Os03g0130100"
33125,"Os06g0638900"
33126,"Os11g0216900"
33127,"Os09g0537200"
33128,"Os04g0321600"
33129,"Os06g0498500"
33130,"Os04g0525700"
33131,"Os03g0281600"
33132,"Os02g0639800"
33133,"Os05g0215000"
33134,"Os01g0940800"
33135,"Os09g0343400"
33136,"Os01g0924900"
33137,"Os02g0507600"
33138,"Os11g0702400"
33139,"Os04g0584600"
33140,"Os03g0817800"
33141,"Os09g0438700"
33142,"33142"
33143,"Os06g0165800"
33144,"Os04g0418000"
33145,"Os08g0430500"
33146,"Os06g0602400"
33147,"osa-miR441b"
33148,"Os12g0405200"
33149,"Os05g0189300"
33150,"Os07g0533600"
33151,"Os03g0622500"
33152,"33152"
33153,"Os01g0909200"
33154,"Os02g0547100"
33155,"Os01g0958500"
33156,"Os02g0114200"
33157,"Os06g0225100"
33158,"Os06g0143000"
33159,"Os11g0642400"
33160,"Os08g0293200"
33161,"Os07g0557400"
33162,"Os06g0572600"
33163,"Os09g0400300"
33164,"Os10g0495900"
33165,"Os01g0839700"
33166,"Os11g0544500"
33167,"Os03g0347200"
33168,"Os01g0866700"
33169,"Os02g0457500"
33170,"Os01g0172400"
33171,"Os03g0726100"
33172,"Os03g0692700"
33173,"33173"
33174,"Os03g0825600"
33175,"Os08g0550700"
33176,"Os06g0298100"
33177,"Os01g0196300"
33178,"Os02g0244700"
33179,"Os02g0489400"
33180,"Os03g0625300"
33181,"Os02g0109800"
33182,"PAtControl0001"
33183,"Os05g0527300"
33184,"33184"
33185,"Os06g0332400"
33186,"POsControl0043"
33187,"Os01g0389700"
33188,"Os03g0738000"
33189,"Os09g0321900"
33190,"Os07g0540800"
33191,"Os01g0209500"
33192,"Os10g0516900"
33193,"Os08g0338000"
33194,"Os04g0671800"
33195,"Os01g0822900"
33196,"osa-miR399f"
33197,"Os01g0253100"
33198,"Os09g0460500"
33199,"Os11g0127900"
33200,"Os04g0528300"
33201,"Os07g0230500"
33202,"Os06g0171500"
33203,"Os01g0813700"
33204,"POsControl0045"
33205,"Os04g0623200"
33206,"33206"
33207,"Os04g0127500"
33208,"Os09g0568000"
33209,"Os01g0910200"
33210,"Os07g0166800"
33211,"Os03g0314700"
33212,"Os01g0246700"
33213,"Os02g0734600"
33214,"Os05g0145100"
33215,"Os08g0109800"
33216,"Os12g0165700"
33217,"Os01g0673800"
33218,"osa-miR415"
33219,"Os03g0579300"
33220,"Os02g0833600"
33221,"Os02g0255100"
33222,"Os04g0671900"
33223,"Os12g0569500"
33224,"Os11g0220800"
33225,"Os04g0676700"
33226,"Os03g0298300"
33227,"Os01g0135400"
33228,"Os03g0645000"
33229,"Os03g0768800"
33230,"Os11g0311900"
33231,"Os01g0252100"
33232,"Os03g0669800"
33233,"Os02g0742700"
33234,"Os03g0744300"
33235,"Os05g0545700"
33236,"Os08g0292600"
33237,"Os01g0180800"
33238,"Os05g0555100"
33239,"Os10g0510000"
33240,"Os02g0601300"
33241,"Os10g0103800"
33242,"Os03g0612600"
33243,"osa-miR162b"
33244,"Os02g0824000"
33245,"Os08g0555000"
33246,"Os05g0364500"
33247,"Os08g0130500"
33248,"Os01g0360200"
33249,"Os06g0640800"
33250,"Os04g0222200"
33251,"Os11g0206600"
33252,"Os03g0709200"
33253,"Os11g0661200"
33254,"Os05g0400700"
33255,"Os03g0800500"
33256,"Os05g0257100"
33257,"Os02g0806400"
33258,"Os03g0214000"
33259,"Os04g0619600"
33260,"Os12g0605100"
33261,"Os05g0241400"
33262,"Os02g0723700"
33263,"Os02g0215600"
33264,"Os10g0212100"
33265,"Os01g0796400"
33266,"Os03g0183100"
33267,"Os02g0463000"
33268,"Os03g0130400"
33269,"Os01g0144100"
33270,"Os09g0301700"
33271,"Os10g0370000"
33272,"Os07g0215500"
33273,"Os03g0794900"
33274,"Os01g0951500"
33275,"Os07g0613800"
33276,"osa-miR171g"
33277,"Os01g0953500"
33278,"Os04g0431000"
33279,"Os01g0551100"
33280,"Os01g0618400"
33281,"Os09g0441900"
33282,"Os05g0345100"
33283,"Os03g0111700"
33284,"Os01g0971000"
33285,"Os11g0208900"
33286,"Os07g0690500"
33287,"Os02g0212500"
33288,"Os05g0172300"
33289,"Os03g0255200"
33290,"Os06g0586000"
33291,"Os11g0637700"
33292,"Os08g0389800"
33293,"Os07g0176200"
33294,"Os01g0558200"
33295,"Os01g0541700"
33296,"Os10g0569100"
33297,"Os03g0150800"
33298,"Os06g0726800"
33299,"Os03g0267100"
33300,"Os10g0358700"
33301,"Os11g0247300"
33302,"Os03g0598200"
33303,"Os09g0482400"
33304,"Os07g0212300"
33305,"Os12g0133100"
33306,"Os03g0167800"
33307,"Os09g0519200"
33308,"Os04g0274400"
33309,"Os01g0676800"
33310,"Os03g0178100"
33311,"Os02g0118300"
33312,"Os01g0914300"
33313,"Os11g0133300"
33314,"Os09g0337500"
33315,"Os01g0165100"
33316,"Os01g0915900"
33317,"Os11g0654000"
33318,"Os06g0147600"
33319,"Os09g0309100"
33320,"Os10g0155300"
33321,"Os02g0708600"
33322,"Os10g0478900"
33323,"Os02g0242900"
33324,"Os07g0558400"
33325,"Os06g0475000"
33326,"Os08g0101100"
33327,"Os10g0527800"
33328,"Os01g0730800"
33329,"Os03g0843300"
33330,"Os09g0259200"
33331,"Os02g0192200"
33332,"Os06g0485100"
33333,"Os05g0496500"
33334,"Os02g0739000"
33335,"Os11g0109500"
33336,"Os05g0328000"
33337,"Os10g0394100"
33338,"Os04g0295400"
33339,"Os02g0523800"
33340,"Os07g0602800"
33341,"Os02g0686400"
33342,"Os03g0241100"
33343,"Os10g0569800"
33344,"Os02g0232500"
33345,"Os10g0574400"
33346,"Os12g0409800"
33347,"Os05g0134700"
33348,"Os05g0341100"
33349,"Os07g0663600"
33350,"Os04g0316200"
33351,"Os01g0846500"
33352,"Os07g0588200"
33353,"Os07g0235200"
33354,"Os08g0239300"
33355,"Os04g0685100"
33356,"Os10g0558200"
33357,"Os09g0489500"
33358,"Os11g0689000"
33359,"Os03g0411000"
33360,"Os02g0130300"
33361,"Os11g0157200"
33362,"Os01g0802600"
33363,"Os11g0201800"
33364,"Os05g0461900"
33365,"Os12g0513900"
33366,"osa-miR169g"
33367,"Os10g0142500"
33368,"Os01g0611900"
33369,"Os10g0389800"
33370,"Os01g0369300"
33371,"Os07g0566200"
33372,"Os04g0686800"
33373,"Os03g0178000"
33374,"Os10g0471700"
33375,"Os05g0465000"
33376,"Os07g0477000"
33377,"Os06g0275600"
33378,"Os05g0110200"
33379,"Os02g0726500"
33380,"Os04g0339000"
33381,"Os01g0872900"
33382,"33382"
33383,"Os05g0162200"
33384,"Os11g0154800"
33385,"Os12g0508300"
33386,"Os06g0526800"
33387,"Os10g0402400"
33388,"Os06g0470700"
33389,"Os02g0808500"
33390,"Os06g0140400"
33391,"Os03g0643700"
33392,"Os07g0640100"
33393,"Os07g0568700"
33394,"Os08g0151600"
33395,"Os03g0781200"
33396,"Os05g0177400"
33397,"Os04g0488700"
33398,"Os07g0577400"
33399,"Os05g0291700"
33400,"osa-miR166h"
33401,"Os02g0289000"
33402,"Os10g0351600"
33403,"Os01g0271400"
33404,"Os02g0782600"
33405,"Os07g0689300"
33406,"Os02g0120400"
33407,"Os10g0340800"
33408,"Os03g0698900"
33409,"Os05g0477800"
33410,"Os04g0179200"
33411,"Os11g0153300"
33412,"Os07g0657300"
33413,"Os06g0543400"
33414,"Os02g0734500"
33415,"Os10g0330400"
33416,"33416"
33417,"Os10g0529300"
33418,"Os05g0528300"
33419,"Os11g0163600"
33420,"Os01g0653700"
33421,"Os01g0632700"
33422,"Os05g0515400"
33423,"Os01g0538000"
33424,"Os03g0739700"
33425,"Os01g0666000"
33426,"Os03g0122000"
33427,"Os12g0191900"
33428,"Os07g0475700"
33429,"Os06g0601100"
33430,"Os07g0446100"
33431,"Os01g0547200"
33432,"Os01g0115700"
33433,"Os12g0546800"
33434,"Os03g0438100"
33435,"Os11g0148700"
33436,"Os05g0463000"
33437,"osa-miR156f"
33438,"33438"
33439,"osa-miR160b"
33440,"33440"
33441,"Os04g0667800"
33442,"Os09g0421300"
33443,"Os02g0676000"
33444,"POsControl0013"
33445,"Os05g0581800"
33446,"Os03g0355000"
33447,"Os03g0643200"
33448,"Os06g0134800"
33449,"Os03g0289100"
33450,"Os03g0738400"
33451,"Os02g0254700"
33452,"Os04g0603400"
33453,"Os04g0677400"
33454,"Os01g0232700"
33455,"Os05g0494800"
33456,"Os02g0797600"
33457,"Os05g0133900"
33458,"osa-miR167g"
33459,"Os02g0109100"
33460,"Os08g0482100"
33461,"Os07g0468100"
33462,"Os01g0640800"
33463,"Os03g0184700"
33464,"Os03g0180400"
33465,"Os05g0139300"
33466,"Os06g0267900"
33467,"Os11g0566800"
33468,"Os01g0974200"
33469,"Os05g0425700"
33470,"Os02g0651900"
33471,"Os11g0599000"
33472,"Os06g0272800"
33473,"Os07g0506000"
33474,"Os11g0673200"
33475,"Os01g0132500"
33476,"Os03g0733800"
33477,"Os09g0416400"
33478,"Os11g0180200"
33479,"Os01g0191100"
33480,"Os09g0516600"
33481,"Os03g0266300"
33482,"Os06g0309400"
33483,"Os05g0119300"
33484,"Os01g0247600"
33485,"Os11g0104800"
33486,"Os08g0384700"
33487,"Os03g0659400"
33488,"Os02g0807800"
33489,"Os06g0106000"
33490,"Os02g0226900"
33491,"Os12g0485500"
33492,"POsControl0003"
33493,"Os02g0656100"
33494,"Os09g0427100"
33495,"Os01g0729500"
33496,"Os07g0517600"
33497,"33497"
33498,"Os09g0338400"
33499,"Os08g0502400"
33500,"Os03g0852800"
33501,"Os04g0423600"
33502,"Os01g0102000"
33503,"Os02g0680400"
33504,"Os09g0569800"
33505,"Os07g0657500"
33506,"Os06g0129900"
33507,"Os11g0604600"
33508,"Os03g0761100"
33509,"Os01g0706000"
33510,"Os02g0265900"
33511,"Os08g0520700"
33512,"Os12g0136600"
33513,"Os08g0122700"
33514,"Os01g0951200"
33515,"Os10g0481400"
33516,"Os04g0576700"
33517,"Os09g0499600"
33518,"Os03g0248600"
33519,"Os04g0469800"
33520,"Os12g0410300"
33521,"Os06g0159400"
33522,"Os08g0136600"
33523,"Os02g0665200"
33524,"Os05g0401100"
33525,"Os11g0490300"
33526,"Os02g0626100"
33527,"Os08g0396700"
33528,"Os07g0539300"
33529,"Os01g0252900"
33530,"Os03g0338400"
33531,"Os06g0270900"
33532,"Os03g0339300"
33533,"Os07g0572000"
33534,"Os09g0434100"
33535,"Os06g0622400"
33536,"Os02g0705500"
33537,"Os04g0447600"
33538,"Os04g0488000"
33539,"Os03g0782900"
33540,"Os02g0160400"
33541,"Os07g0690200"
33542,"Os04g0353000"
33543,"Os09g0392400"
33544,"Os01g0158900"
33545,"Os01g0349600"
33546,"Os02g0597800"
33547,"Os07g0661500"
33548,"Os11g0525500"
33549,"Os10g0427100"
33550,"Os10g0572100"
33551,"Os01g0694500"
33552,"Os11g0455500"
33553,"Os06g0724900"
33554,"Os07g0666900"
33555,"Os04g0526800"
33556,"Os03g0849700"
33557,"Os10g0316500"
33558,"Os01g0715400"
33559,"Os01g0750800"
33560,"Os02g0300700"
33561,"Os09g0505700"
33562,"Os11g0671100"
33563,"33563"
33564,"Os07g0209100"
33565,"Os11g0545300"
33566,"Os06g0555500"
33567,"Os10g0529300"
33568,"Os03g0848000"
33569,"Os01g0883900"
33570,"Os07g0593600"
33571,"Os01g0606900"
33572,"Os06g0134000"
33573,"Os07g0297400"
33574,"Os12g0217300"
33575,"Os02g0517300"
33576,"Os03g0790600"
33577,"Os10g0497300"
33578,"Os02g0700600"
33579,"Os02g0785600"
33580,"Os10g0564200"
33581,"Os03g0246800"
33582,"Os07g0558200"
33583,"Os10g0101900"
33584,"Os04g0665800"
33585,"Os05g0323800"
33586,"Os12g0123600"
33587,"Os09g0534600"
33588,"Os10g0476900"
33589,"Os07g0554900"
33590,"Os06g0729000"
33591,"Os06g0351500"
33592,"Os08g0472000"
33593,"Os03g0805900"
33594,"Os01g0315700"
33595,"Os07g0599000"
33596,"Os03g0364000"
33597,"Os04g0564600"
33598,"Os02g0664300"
33599,"Os07g0521200"
33600,"33600"
33601,"Os01g0220900"
33602,"Os01g0886200"
33603,"Os10g0546300"
33604,"Os06g0707700"
33605,"Os12g0578400"
33606,"Os03g0681300"
33607,"Os02g0627900"
33608,"Os01g0541900"
33609,"Os12g0538500"
33610,"Os06g0321300"
33611,"Os02g0216300"
33612,"Os08g0378800"
33613,"Os01g0856800"
33614,"Os07g0611600"
33615,"Os03g0389900"
33616,"Os04g0302300"
33617,"Os03g0374100"
33618,"osa-miR164d"
33619,"Os07g0577600"
33620,"Os05g0145700"
33621,"Os01g0872600"
33622,"Os08g0500300"
33623,"Os02g0120600"
33624,"Os03g0331900"
33625,"Os08g0436200"
33626,"Os11g0156200"
33627,"Os10g0136500"
33628,"Os01g0177100"
33629,"Os02g0275200"
33630,"Os09g0419100"
33631,"Os01g0108600"
33632,"Os04g0211700"
33633,"Os09g0266400"
33634,"Os09g0294000"
33635,"Os04g0429100"
33636,"Os06g0547900"
33637,"Os01g0907600"
33638,"Os11g0638000"
33639,"Os07g0471000"
33640,"osa-miR528"
33641,"Os12g0244100"
33642,"Os03g0376800"
33643,"Os01g0962500"
33644,"Os06g0268600"
33645,"Os06g0731100"
33646,"Os02g0160100"
33647,"Os06g0552400"
33648,"33648"
33649,"Os05g0374000"
33650,"Os08g0124600"
33651,"Os03g0628900"
33652,"osa-miR418"
33653,"Os07g0618400"
33654,"Os03g0357800"
33655,"Os10g0400800"
33656,"Os06g0265000"
33657,"Os07g0576700"
33658,"Os11g0432400"
33659,"Os01g0229400"
33660,"Os11g0525200"
33661,"Os01g0818300"
33662,"Os02g0510400"
33663,"Os04g0637500"
33664,"Os06g0162700"
33665,"Os02g0753700"
33666,"Os07g0591100"
33667,"Os01g0321800"
33668,"33668"
33669,"Os08g0139000"
33670,"Os10g0577400"
33671,"Os07g0508500"
33672,"Os06g0256800"
33673,"Os02g0238400"
33674,"Os01g0878700"
33675,"Os11g0638000"
33676,"Os07g0475900"
33677,"Os07g0622700"
33678,"Os06g0164500"
33679,"Os10g0321700"
33680,"Os07g0472500"
33681,"Os03g0655600"
33682,"Os01g0889200"
33683,"Os11g0427500"
33684,"Os02g0168300"
33685,"Os05g0396900"
33686,"Os09g0543100"
33687,"Os02g0562100"
33688,"Os07g0139400"
33689,"Os03g0225900"
33690,"osa-miR167f"
33691,"Os03g0691200"
33692,"osa-miR168a"
33693,"Os03g0648100"
33694,"Os08g0213400"
33695,"Os01g0817000"
33696,"Os09g0467200"
33697,"Os03g0359600"
33698,"Os02g0438700"
33699,"Os10g0189100"
33700,"Os11g0707000"
33701,"Os06g0714400"
33702,"Os08g0191600"
33703,"osa-miR415"
33704,"Os04g0269600"
33705,"Os01g0343100"
33706,"Os06g0468400"
33707,"osa-miR169l"
33708,"Os11g0603200"
33709,"Os04g0584800"
33710,"33710"
33711,"Os08g0450100"
33712,"Os08g0564800"
33713,"Os06g0325500"
33714,"Os01g0831900"
33715,"Os05g0421100"
33716,"Os03g0659700"
33717,"Os03g0711800"
33718,"Os01g0711200"
33719,"Os01g0973100"
33720,"Os06g0693700"
33721,"Os01g0899500"
33722,"Os03g0268100"
33723,"Os03g0127000"
33724,"Os09g0240600"
33725,"Os03g0381000"
33726,"Os11g0235500"
33727,"Os10g0476700"
33728,"POsControl0037"
33729,"PTaControl0002"
33730,"Os10g0530900"
33731,"Os06g0219700"
33732,"Os04g0687100"
33733,"Os07g0109500"
33734,"Os04g0226500"
33735,"Os11g0137100"
33736,"Os05g0512600"
33737,"Os08g0416000"
33738,"Os06g0500300"
33739,"Os06g0608400"
33740,"Os02g0603800"
33741,"osa-miR399b"
33742,"Os04g0638800"
33743,"Os02g0705600"
33744,"Os02g0833900"
33745,"Os03g0197200"
33746,"Os06g0142200"
33747,"Os03g0368900"
33748,"Os09g0560200"
33749,"Os02g0597200"
33750,"Os02g0818900"
33751,"Os04g0650500"
33752,"Os09g0376600"
33753,"Os11g0160900"
33754,"Os03g0746800"
33755,"Os02g0135200"
33756,"Os07g0636400"
33757,"Os10g0501900"
33758,"Os04g0509300"
33759,"Os03g0679700"
33760,"Os01g0819100"
33761,"Os01g0695600"
33762,"Os01g0844200"
33763,"Os05g0374200"
33764,"Os03g0690600"
33765,"Os06g0485100"
33766,"Os06g0528700"
33767,"Os01g0173900"
33768,"osa-miR408"
33769,"Os04g0632200"
33770,"Os11g0642400"
33771,"Os05g0457800"
33772,"Os09g0300400"
33773,"Os03g0170200"
33774,"Os03g0308800"
33775,"Os11g0636200"
33776,"POsControl0023"
33777,"Os06g0284900"
33778,"Os05g0553000"
33779,"Os09g0567900"
33780,"Os04g0229100"
33781,"Os07g0661700"
33782,"Os09g0539000"
33783,"Os01g0687400"
33784,"Os09g0290200"
33785,"Os10g0343000"
33786,"Os08g0424200"
33787,"Os05g0128100"
33788,"Os03g0229000"
33789,"Os05g0592600"
33790,"Os09g0425900"
33791,"Os07g0618700"
33792,"Os01g0914100"
33793,"Os06g0189600"
33794,"Os02g0464700"
33795,"Os02g0184400"
33796,"Os07g0503700"
33797,"Os01g0259200"
33798,"Os05g0541500"
33799,"33799"
33800,"Os01g0731100"
33801,"Os08g0500300"
33802,"Os02g0152500"
33803,"Os12g0283900"
33804,"Os03g0242200"
33805,"POsControl0006"
33806,"Os09g0389000"
33807,"Os07g0419800"
33808,"osa-miR426"
33809,"Os08g0493800"
33810,"Os06g0194900"
33811,"Os04g0184100"
33812,"Os11g0130100"
33813,"Os11g0242600"
33814,"Os04g0527800"
33815,"Os07g0180900"
33816,"Os06g0510200"
33817,"Os02g0606200"
33818,"Os08g0113900"
33819,"Os03g0668000"
33820,"Os01g0946100"
33821,"Os12g0236400"
33822,"Os11g0702700"
33823,"33823"
33824,"Os09g0559500"
33825,"Os11g0261600"
33826,"Os02g0717600"
33827,"Os01g0687400"
33828,"Os10g0140300"
33829,"Os05g0196800"
33830,"Os05g0185700"
33831,"Os02g0529900"
33832,"POsControl0036"
33833,"Os03g0112800"
33834,"Os01g0866800"
33835,"Os01g0118100"
33836,"Os04g0587300"
33837,"Os11g0157200"
33838,"Os04g0613900"
33839,"Os09g0360500"
33840,"Os01g0184200"
33841,"Os09g0396300"
33842,"Os02g0655500"
33843,"Os02g0105100"
33844,"Os01g0758300"
33845,"Os05g0366300"
33846,"Os01g0746200"
33847,"Os03g0815100"
33848,"Os03g0425400"
33849,"Os03g0584300"
33850,"Os05g0515400"
33851,"Os03g0805100"
33852,"Os12g0516000"
33853,"Os02g0510600"
33854,"Os09g0537700"
33855,"Os06g0353400"
33856,"Os10g0485500"
33857,"Os05g0549900"
33858,"Os06g0578200"
33859,"Os09g0538000"
33860,"Os10g0437000"
33861,"Os03g0136700"
33862,"Os10g0478100"
33863,"Os11g0677000"
33864,"osa-miR395o"
33865,"Os01g0549400"
33866,"Os01g0202300"
33867,"Os07g0432300"
33868,"Os07g0622400"
33869,"Os12g0231700"
33870,"Os03g0167200"
33871,"Os03g0718100"
33872,"Os09g0557400"
33873,"Os01g0151200"
33874,"33874"
33875,"Os04g0382700"
33876,"Os06g0699400"
33877,"Os12g0193100"
33878,"Os06g0103500"
33879,"Os08g0120000"
33880,"Os05g0119300"
33881,"Os02g0253300"
33882,"Os07g0558300"
33883,"Os03g0239300"
33884,"Os08g0566700"
33885,"Os07g0112100"
33886,"Os06g0616900"
33887,"Os08g0499900"
33888,"Os08g0196700"
33889,"Os06g0229800"
33890,"Os11g0644100"
33891,"Os09g0339200"
33892,"Os12g0407500"
33893,"Os07g0663800"
33894,"Os03g0227700"
33895,"Os08g0221800"
33896,"Os08g0378800"
33897,"Os04g0225100"
33898,"Os10g0411700"
33899,"Os11g0147800"
33900,"Os01g0133200"
33901,"osa-miR395w"
33902,"Os02g0635200"
33903,"Os06g0603600"
33904,"Os11g0581700"
33905,"Os08g0347500"
33906,"Os07g0538300"
33907,"Os05g0508300"
33908,"Os01g0765400"
33909,"Os04g0658000"
33910,"Os12g0270300"
33911,"Os07g0581000"
33912,"Os01g0622800"
33913,"Os11g0170400"
33914,"Os03g0183800"
33915,"Os01g0722100"
33916,"Os06g0336200"
33917,"Os01g0886300"
33918,"Os03g0213200"
33919,"Os07g0472500"
33920,"Os03g0825300"
33921,"Os04g0615200"
33922,"Os11g0226000"
33923,"Os01g0737100"
33924,"Os01g0905700"
33925,"Os09g0537700"
33926,"Os05g0576600"
33927,"Os07g0580800"
33928,"Os03g0803000"
33929,"Os09g0544000"
33930,"Os11g0701800"
33931,"Os03g0559700"
33932,"Os10g0371600"
33933,"Os05g0263300"
33934,"Os06g0164800"
33935,"Os02g0813800"
33936,"Os01g0902100"
33937,"Os04g0282200"
33938,"Os06g0163800"
33939,"Os10g0498700"
33940,"Os03g0349200"
33941,"33941"
33942,"Os08g0293300"
33943,"Os05g0451100"
33944,"Os07g0523300"
33945,"Os03g0322800"
33946,"POsControl0002"
33947,"Os02g0141500"
33948,"Os06g0548500"
33949,"Os03g0729100"
33950,"Os12g0582600"
33951,"Os06g0678100"
33952,"Os03g0396200"
33953,"Os02g0695200"
33954,"Os01g0881900"
33955,"Os03g0687700"
33956,"Os01g0937900"
33957,"Os06g0571400"
33958,"Os05g0582100"
33959,"Os01g0850000"
33960,"Os03g0423000"
33961,"osa-miR172b"
33962,"Os10g0497600"
33963,"osa-miR160f"
33964,"Os12g0636800"
33965,"Os12g0539700"
33966,"Os09g0553700"
33967,"Os07g0129300"
33968,"Os03g0586500"
33969,"Os11g0505300"
33970,"Os05g0419100"
33971,"Os07g0636200"
33972,"Os05g0410800"
33973,"Os06g0678200"
33974,"Os12g0562600"
33975,"Os01g0699100"
33976,"Os08g0254500"
33977,"Os05g0378800"
33978,"Os04g0229100"
33979,"Os02g0787300"
33980,"POsControl0028"
33981,"Os05g0199700"
33982,"Os07g0225300"
33983,"Os01g0543100"
33984,"Os03g0648900"
33985,"Os02g0219400"
33986,"Os01g0746200"
33987,"Os04g0430200"
33988,"Os04g0678200"
33989,"Os03g0278300"
33990,"Os04g0388900"
33991,"Os02g0179400"
33992,"Os02g0187500"
33993,"Os10g0209700"
33994,"Os03g0712600"
33995,"Os05g0143500"
33996,"Os01g0280400"
33997,"Os07g0196900"
33998,"Os06g0671900"
33999,"Os01g0679500"
34000,"Os03g0673700"
34001,"Os01g0117900"
34002,"Os07g0621400"
34003,"Os02g0150100"
34004,"Os12g0467200"
34005,"Os08g0207700"
34006,"Os03g0696300"
34007,"Os08g0137200"
34008,"Os12g0628100"
34009,"Os02g0137400"
34010,"Os02g0300700"
34011,"Os10g0432200"
34012,"Os11g0528200"
34013,"Os05g0150300"
34014,"Os06g0545900"
34015,"Os08g0387700"
34016,"Os12g0613200"
34017,"Os08g0320200"
34018,"Os02g0158800"
34019,"Os06g0116400"
34020,"Os03g0766900"
34021,"Os08g0519800"
34022,"Os05g0380200"
34023,"Os10g0453200"
34024,"Os01g0898900"
34025,"Os08g0112500"
34026,"Os01g0921100"
34027,"Os10g0550400"
34028,"Os12g0123900"
34029,"Os03g0747600"
34030,"Os09g0427200"
34031,"Os03g0113100"
34032,"Os11g0579000"
34033,"Os01g0934100"
34034,"Os03g0821700"
34035,"Os02g0328300"
34036,"Os02g0705300"
34037,"34037"
34038,"Os05g0113000"
34039,"Os12g0137300"
34040,"Os09g0537700"
34041,"Os03g0116900"
34042,"Os07g0659300"
34043,"Os05g0380800"
34044,"Os03g0570800"
34045,"Os08g0299000"
34046,"Os01g0110100"
34047,"Os07g0470900"
34048,"Os02g0490200"
34049,"Os03g0769100"
34050,"Os01g0681200"
34051,"Os01g0384800"
34052,"Os03g0669100"
34053,"Os01g0191300"
34054,"Os06g0308100"
34055,"Os03g0369700"
34056,"Os05g0586200"
34057,"Os02g0493200"
34058,"Os09g0551200"
34059,"Os08g0320900"
34060,"Os01g0844400"
34061,"Os12g0183100"
34062,"34062"
34063,"Os03g0183300"
34064,"Os05g0267100"
34065,"Os03g0212300"
34066,"Os01g0264700"
34067,"Os11g0602900"
34068,"34068"
34069,"Os07g0684300"
34070,"Os08g0531200"
34071,"Os11g0249300"
34072,"Os10g0133500"
34073,"Os09g0573200"
34074,"Os10g0111700"
34075,"Os04g0205200"
34076,"Os11g0179700"
34077,"Os06g0262500"
34078,"Os12g0153800"
34079,"Os09g0465500"
34080,"Os04g0581800"
34081,"Os04g0395800"
34082,"Os02g0781800"
34083,"Os11g0648000"
34084,"Os05g0112200"
34085,"Os04g0105700"
34086,"Os04g0492100"
34087,"Os10g0166300"
34088,"Os02g0102600"
34089,"Os01g0159000"
34090,"Os07g0107300"
34091,"Os01g0704200"
34092,"Os02g0593500"
34093,"Os01g0116300"
34094,"Os09g0551100"
34095,"Os01g0779800"
34096,"Os02g0678400"
34097,"Os07g0691100"
34098,"Os01g0143100"
34099,"Os08g0184800"
34100,"Os12g0124900"
34101,"Os03g0745200"
34102,"Os05g0165400"
34103,"Os01g0698800"
34104,"Os12g0443800"
34105,"Os12g0638200"
34106,"Os03g0278200"
34107,"Os03g0330300"
34108,"Os01g0894600"
34109,"Os11g0426000"
34110,"Os06g0561000"
34111,"Os01g0722300"
34112,"Os04g0613000"
34113,"Os06g0343000"
34114,"Os02g0202200"
34115,"Os04g0602900"
34116,"Os07g0583700"
34117,"Os07g0613500"
34118,"Os09g0570600"
34119,"Os09g0520200"
34120,"Os09g0305300"
34121,"Os03g0819900"
34122,"Os04g0543200"
34123,"Os01g0970400"
34124,"Os10g0575200"
34125,"Os03g0829200"
34126,"Os03g0213100"
34127,"Os11g0211200"
34128,"Os03g0276500"
34129,"Os06g0143900"
34130,"Os01g0110500"
34131,"Os08g0282200"
34132,"Os07g0193200"
34133,"Os08g0143900"
34134,"Os12g0163500"
34135,"Os01g0539400"
34136,"Os10g0177200"
34137,"Os01g0700900"
34138,"Os05g0187100"
34139,"Os07g0681100"
34140,"Os09g0434600"
34141,"Os01g0856900"
34142,"34142"
34143,"Os03g0341200"
34144,"Os09g0448900"
34145,"Os01g0852500"
34146,"Os03g0255500"
34147,"Os11g0618800"
34148,"Os01g0155600"
34149,"Os06g0549900"
34150,"Os05g0272300"
34151,"Os07g0621200"
34152,"Os02g0518600"
34153,"Os12g0191200"
34154,"Os01g0506100"
34155,"Os11g0175300"
34156,"Os02g0790600"
34157,"Os02g0727000"
34158,"osa-miR160a"
34159,"Os04g0677300"
34160,"Os09g0572700"
34161,"osa-miR166h"
34162,"Os08g0481000"
34163,"Os07g0424400"
34164,"Os03g0218400"
34165,"Os04g0129900"
34166,"Os05g0429100"
34167,"Os08g0120500"
34168,"Os08g0510400"
34169,"Os04g0539000"
34170,"Os01g0675700"
34171,"Os03g0217400"
34172,"Os12g0554400"
34173,"Os01g0123900"
34174,"Os02g0230100"
34175,"Os07g0456900"
34176,"Os02g0755000"
34177,"Os11g0120600"
34178,"Os06g0531200"
34179,"Os12g0183300"
34180,"Os01g0105800"
34181,"Os04g0619600"
34182,"Os02g0111500"
34183,"Os05g0289400"
34184,"Os05g0346300"
34185,"POsControl0038"
34186,"Os01g0279100"
34187,"Os01g0692300"
34188,"Os09g0284300"
34189,"Os12g0612700"
34190,"Os03g0429900"
34191,"osa-miR395s"
34192,"Os05g0489700"
34193,"Os04g0458300"
34194,"Os11g0471300"
34195,"Os03g0408300"
34196,"Os01g0186700"
34197,"Os02g0301100"
34198,"Os09g0242700"
34199,"Os07g0597100"
34200,"Os08g0548600"
34201,"Os03g0394900"
34202,"Os09g0418000"
34203,"Os01g0273100"
34204,"Os11g0202600"
34205,"Os05g0534800"
34206,"Os04g0287400"
34207,"Os08g0263300"
34208,"Os01g0604600"
34209,"Os09g0511000"
34210,"Os09g0474800"
34211,"Os01g0607600"
34212,"POsControl0030"
34213,"Os11g0189900"
34214,"Os06g0643700"
34215,"34215"
34216,"Os06g0254700"
34217,"Os06g0248600"
34218,"Os02g0764400"
34219,"Os07g0490200"
34220,"Os04g0501100"
34221,"Os06g0166500"
34222,"Os03g0758000"
34223,"Os04g0172100"
34224,"Os01g0358300"
34225,"Os01g0797800"
34226,"Os06g0247500"
34227,"Os04g0219000"
34228,"Os11g0246400"
34229,"Os10g0427800"
34230,"Os02g0150100"
34231,"Os01g0963600"
34232,"Os02g0634800"
34233,"Os04g0224000"
34234,"Os04g0610700"
34235,"Os09g0421300"
34237,"Os06g0639600"
34238,"osa-miR169g"
34239,"Os01g0112300"
34240,"Os11g0256200"
34241,"Os11g0617800"
34242,"Os07g0531700"
34243,"Os11g0118600"
34244,"Os04g0602300"
34245,"Os07g0671800"
34246,"Os07g0443500"
34247,"POsControl0027"
34248,"Os01g0919900"
34249,"Os01g0351400"
34250,"Os05g0430900"
34251,"Os12g0165500"
34252,"Os10g0465800"
34253,"Os09g0412400"
34254,"Os06g0287700"
34255,"Os06g0102100"
34256,"Os01g0277600"
34257,"Os07g0472400"
34258,"Os10g0355000"
34259,"Os11g0677400"
34260,"Os06g0474300"
34261,"Os06g0643000"
34262,"Os02g0768000"
34263,"Os05g0300200"
34264,"Os08g0473900"
34265,"Os03g0193400"
34266,"Os10g0555700"
34267,"Os05g0156300"
34268,"Os01g0278600"
34269,"Os03g0805700"
34270,"Os06g0483500"
34271,"Os07g0695700"
34272,"Os02g0807000"
34273,"Os01g0518800"
34274,"Os01g0788200"
34275,"Os09g0455900"
34276,"Os04g0561500"
34277,"Os06g0611000"
34278,"Os02g0103800"
34279,"Os03g0394900"
34280,"Os10g0173000"
34281,"Os07g0563000"
34282,"Os11g0112300"
34283,"Os03g0661600"
34284,"Os11g0655100"
34285,"Os05g0552400"
34286,"Os01g0633800"
34287,"Os06g0710400"
34288,"Os06g0653100"
34289,"Os07g0609700"
34290,"Os01g0805400"
34291,"Os04g0657900"
34292,"Os05g0455800"
34293,"Os05g0587400"
34294,"Os07g0625500"
34295,"Os08g0520000"
34296,"Os06g0686400"
34297,"Os01g0692100"
34298,"Os01g0328700"
34299,"Os01g0746400"
34300,"Os04g0503800"
34301,"Os03g0771500"
34302,"Os03g0265900"
34303,"Os01g0839200"
34304,"Os05g0563500"
34305,"Os07g0627300"
34306,"Os02g0643000"
34307,"Os12g0409000"
34308,"Os11g0152500"
34309,"Os05g0105200"
34310,"Os12g0270500"
34311,"Os01g0555100"
34312,"Os01g0135900"
34313,"PAtControl0001"
34314,"Os05g0217800"
34315,"Os07g0689900"
34316,"Os09g0348600"
34317,"Os09g0451900"
34318,"Os08g0158500"
34319,"Os08g0524100"
34320,"Os03g0119500"
34321,"Os01g0501800"
34322,"Os03g0579200"
34323,"Os04g0684800"
34324,"Os01g0613300"
34325,"Os03g0625700"
34326,"Os05g0537200"
34327,"Os01g0849000"
34328,"Os08g0534200"
34329,"Os04g0432600"
34330,"Os12g0210000"
34331,"Os01g0101200"
34332,"Os01g0612700"
34333,"Os06g0309200"
34334,"Os06g0727900"
34335,"Os03g0833300"
34336,"Os05g0459300"
34337,"Os02g0706500"
34338,"Os01g0626400"
34339,"Os02g0184600"
34340,"Os07g0117400"
34341,"Os02g0515000"
34342,"Os03g0184300"
34343,"Os09g0544800"
34344,"Os09g0498800"
34345,"Os10g0150600"
34346,"Os12g0128800"
34347,"Os01g0621900"
34348,"Os12g0536000"
34349,"34349"
34350,"Os07g0243200"
34351,"Os09g0404900"
34352,"Os03g0101700"
34353,"Os05g0353400"
34354,"Os02g0285900"
34355,"Os01g0925400"
34356,"Os03g0284400"
34357,"Os01g0610100"
34358,"Os06g0663100"
34359,"Os02g0197600"
34360,"Os01g0254000"
34361,"Os11g0457700"
34362,"Os11g0707800"
34363,"Os02g0303500"
34364,"Os03g0598800"
34365,"Os01g0382000"
34366,"Os01g0819700"
34367,"Os08g0538200"
34368,"Os08g0520700"
34369,"34369"
34370,"Os04g0580200"
34371,"Os07g0273600"
34372,"osa-miR166d"
34373,"osa-miR167j"
34374,"Os03g0140300"
34375,"Os01g0749400"
34376,"Os06g0472700"
34377,"Os02g0226400"
34378,"Os11g0506800"
34379,"Os10g0390500"
34380,"Os01g0796000"
34381,"Os02g0123600"
34382,"Os03g0858100"
34383,"Os11g0551800"
34384,"Os03g0269700"
34385,"Os06g0208700"
34386,"Os03g0724700"
34387,"Os11g0689400"
34388,"Os12g0233200"
34389,"Os09g0455400"
34390,"osa-miR443"
34391,"Os01g0554900"
34392,"Os10g0190000"
34393,"Os02g0638200"
34394,"Os02g0225900"
34395,"Os06g0227200"
34396,"Os04g0574500"
34397,"Os01g0102800"
34398,"Os02g0553500"
34399,"Os03g0212400"
34400,"Os07g0687200"
34401,"Os03g0857400"
34402,"Os08g0539300"
34403,"Os04g0435100"
34404,"Os03g0351500"
34405,"Os04g0569400"
34406,"Os07g0467800"
34407,"Os07g0562700"
34408,"Os04g0452700"
34409,"Os08g0130000"
34410,"Os01g0228300"
34411,"Os03g0123100"
34412,"Os07g0119400"
34413,"Os05g0474500"
34414,"osa-miR171g"
34415,"Os09g0103400"
34416,"Os07g0523400"
34417,"Os11g0703400"
34418,"Os01g0219500"
34419,"Os10g0522000"
34420,"Os06g0682300"
34421,"Os06g0483900"
34422,"osa-miR395j"
34423,"Os09g0324400"
34424,"Os06g0367100"
34425,"Os01g0913300"
34426,"Os12g0641400"
34427,"Os04g0573900"
34428,"Os12g0116300"
34429,"Os11g0707800"
34430,"Os06g0678700"
34431,"Os11g0184500"
34432,"Os05g0410900"
34433,"34433"
34434,"Os05g0273000"
34435,"Os05g0107700"
34436,"POsControl0012"
34437,"Os09g0519200"
34438,"Os11g0647000"
34439,"Os01g0883200"
34440,"Os01g0891000"
34441,"Os10g0437000"
34442,"Os01g0136600"
34443,"Os08g0517200"
34444,"Os08g0263100"
34445,"Os04g0121800"
34446,"Os09g0530000"
34447,"Os08g0435900"
34448,"34448"
34449,"Os02g0724000"
34450,"Os01g0648000"
34451,"Os07g0624700"
34452,"Os05g0300700"
34453,"Os08g0104100"
34454,"Os08g0273600"
34455,"Os02g0289700"
34456,"Os05g0429600"
34457,"Os10g0507500"
34458,"Os11g0471200"
34459,"Os02g0240500"
34460,"Os03g0384800"
34461,"Os12g0298700"
34462,"Os01g0114300"
34463,"Os06g0514000"
34464,"Os03g0737600"
34465,"Os04g0518900"
34466,"Os03g0644700"
34467,"Os05g0549100"
34468,"Os04g0462500"
34469,"Os01g0205900"
34470,"Os01g0170600"
34471,"POsControl0045"
34472,"Os03g0269300"
34473,"Os03g0213800"
34474,"Os11g0556400"
34475,"Os03g0674700"
34476,"Os10g0534100"
34477,"Os05g0271900"
34478,"Os03g0221000"
34479,"Os05g0495300"
34480,"Os08g0154300"
34481,"Os05g0389500"
34482,"Os01g0776600"
34483,"Os02g0120300"
34484,"Os01g0675500"
34485,"Os09g0547200"
34486,"Os01g0874800"
34487,"Os12g0573000"
34488,"Os02g0719000"
34489,"osa-miR167a"
34490,"Os02g0629200"
34491,"Os10g0510000"
34492,"Os02g0681200"
34493,"osa-miR164f"
34494,"Os11g0649900"
34495,"Os03g0216000"
34496,"Os10g0108700"
34497,"Os09g0107600"
34498,"Os03g0856400"
34499,"Os03g0264000"
34500,"Os10g0328800"
34501,"Os01g0646400"
34502,"Os10g0476700"
34503,"Os10g0527900"
34504,"Os06g0208200"
34505,"Os07g0633100"
34506,"Os10g0177400"
34507,"Os07g0458700"
34508,"Os08g0517000"
34509,"Os04g0630800"
34510,"Os03g0748300"
34511,"Os04g0589800"
34512,"Os07g0545800"
34513,"Os01g0685300"
34514,"34514"
34515,"Os03g0128100"
34516,"Os02g0749900"
34517,"Os03g0157900"
34518,"Os04g0463300"
34519,"Os03g0271200"
34520,"Os12g0501400"
34521,"Os03g0194900"
34522,"Os04g0635100"
34523,"Os11g0573000"
34524,"Os10g0160000"
34525,"Os01g0976800"
34526,"Os02g0792600"
34527,"Os08g0565900"
34528,"Os10g0542900"
34529,"Os01g0965400"
34530,"Os05g0101200"
34531,"Os08g0171100"
34532,"Os12g0511300"
34533,"Os08g0188000"
34534,"Os04g0635000"
34535,"Os06g0677700"
34536,"Os11g0192600"
34537,"Os02g0129000"
34538,"Os10g0446400"
34539,"Os05g0468800"
34540,"Os07g0481400"
34541,"Os03g0302100"
34542,"Os10g0122600"
34543,"Os08g0111200"
34544,"Os09g0478500"
34545,"Os08g0168000"
34546,"Os01g0314000"
34547,"Os01g0842200"
34548,"Os07g0626600"
34549,"Os06g0247800"
34550,"Os02g0614400"
34551,"Os05g0393200"
34552,"Os01g0248300"
34553,"Os02g0608400"
34554,"Os01g0621900"
34555,"Os01g0533900"
34556,"Os04g0450900"
34557,"Os10g0489900"
34558,"Os06g0664800"
34559,"Os03g0215000"
34560,"Os01g0550300"
34561,"Os07g0608900"
34562,"Os10g0565600"
34563,"Os06g0199200"
34564,"Os01g0842600"
34565,"Os02g0169800"
34566,"Os05g0458000"
34567,"Os04g0623500"
34568,"osa-miR395a"
34569,"Os08g0101700"
34570,"Os06g0149900"
34571,"Os06g0106800"
34572,"Os07g0633700"
34573,"Os07g0451300"
34574,"Os11g0685400"
34575,"Os04g0204200"
34576,"osa-miR156e"
34577,"Os01g0922700"
34578,"Os06g0112400"
34579,"Os01g0220000"
34580,"Os02g0203700"
34581,"Os10g0561400"
34582,"Os04g0676400"
34583,"Os09g0128600"
34584,"Os05g0143600"
34585,"Os01g0951900"
34586,"Os10g0363100"
34587,"Os03g0117200"
34588,"Os05g0111300"
34589,"Os08g0143700"
34590,"Os01g0719100"
34591,"Os06g0342100"
34592,"Os03g0562200"
34593,"Os06g0141100"
34594,"Os10g0580800"
34595,"Os04g0654700"
34596,"Os10g0360700"
34597,"34597"
34598,"Os04g0567800"
34599,"Os03g0161500"
34600,"Os11g0472500"
34602,"Os05g0529500"
34603,"Os12g0114800"
34604,"Os05g0125900"
34605,"Os06g0538000"
34606,"Os06g0622900"
34607,"Os03g0251800"
34608,"Os06g0659100"
34609,"Os01g0315800"
34610,"Os11g0166300"
34611,"Os12g0641100"
34612,"Os12g0143300"
34613,"Os02g0590800"
34614,"Os04g0615200"
34615,"Os02g0713900"
34616,"Os07g0447000"
34617,"Os04g0616200"
34618,"Os04g0573200"
34619,"Os04g0600900"
34620,"Os10g0405300"
34621,"Os01g0104800"
34622,"Os10g0412100"
34623,"Os11g0427700"
34624,"Os12g0503000"
34625,"Os04g0572400"
34626,"Os10g0390900"
34627,"Os02g0587300"
34628,"Os06g0664000"
34629,"Os06g0230200"
34630,"Os02g0793800"
34631,"Os02g0215100"
34632,"Os10g0539400"
34633,"Os11g0672400"
34634,"Os03g0108800"
34635,"Os04g0647900"
34636,"Os02g0550600"
34637,"Os02g0614600"
34638,"Os05g0570200"
34639,"Os01g0880200"
34640,"Os03g0406200"
34641,"Os11g0606400"
34642,"Os10g0509700"
34643,"Os04g0228400"
34644,"Os11g0564900"
34645,"Os06g0112800"
34646,"Os05g0161500"
34647,"Os05g0571600"
34648,"Os06g0122600"
34649,"Os11g0280500"
34650,"Os10g0410700"
34651,"Os03g0425000"
34652,"Os07g0530200"
34653,"Os12g0576600"
34654,"Os08g0224100"
34655,"Os05g0386700"
34656,"Os05g0370000"
34657,"Os09g0518500"
34658,"Os04g0487300"
34659,"Os03g0766600"
34660,"Os02g0771700"
34661,"Os02g0550800"
34662,"Os08g0320300"
34663,"osa-miR166g"
34664,"Os07g0569500"
34665,"Os02g0553200"
34666,"Os05g0586900"
34667,"Os04g0544900"
34668,"Os02g0559400"
34669,"Os03g0199500"
34670,"Os12g0614900"
34671,"Os01g0113300"
34672,"Os02g0635600"
34673,"Os10g0150700"
34674,"Os07g0687100"
34675,"Os08g0372600"
34676,"Os03g0265300"
34677,"Os04g0505700"
34678,"Os05g0372200"
34679,"Os01g0876400"
34680,"Os03g0854300"
34681,"Os02g0288200"
34682,"Os07g0199000"
34683,"Os06g0607700"
34684,"Os08g0490000"
34685,"Os04g0452500"
34686,"Os09g0538200"
34687,"Os07g0516900"
34688,"Os12g0636000"
34689,"Os07g0622000"
34690,"Os02g0148000"
34691,"Os06g0318600"
34692,"osa-miR395d"
34693,"osa-miR395e"
34694,"Os11g0267000"
34695,"Os02g0603800"
34696,"Os05g0409300"
34697,"Os11g0684100"
34698,"Os02g0793100"
34699,"Os02g0818000"
34700,"Os01g0772100"
34701,"34701"
34702,"Os01g0391100"
34703,"Os09g0123100"
34704,"Os07g0174900"
34705,"Os07g0435400"
34706,"Os01g0100400"
34707,"Os01g0321700"
34708,"Os04g0116200"
34709,"Os12g0122400"
34710,"Os06g0484300"
34711,"Os02g0720500"
34712,"Os01g0882800"
34713,"Os02g0232400"
34714,"Os04g0370300"
34715,"Os02g0759500"
34716,"34716"
34717,"Os04g0405600"
34718,"Os02g0123700"
34719,"Os12g0417600"
34720,"Os11g0177200"
34721,"Os06g0714000"
34722,"Os02g0768600"
34723,"Os10g0510700"
34724,"34724"
34725,"Os10g0576100"
34726,"Os07g0558500"
34727,"Os07g0631300"
34728,"Os06g0285200"
34729,"Os01g0916600"
34730,"Os01g0234100"
34731,"Os10g0382300"
34732,"Os06g0323000"
34733,"34733"
34734,"Os03g0712200"
34735,"Os08g0116500"
34736,"Os03g0221300"
34737,"Os10g0161400"
34738,"Os02g0599400"
34739,"Os03g0639400"
34740,"Os08g0238200"
34741,"Os12g0583700"
34742,"Os07g0548900"
34743,"Os06g0694300"
34744,"Os02g0830200"
34745,"34745"
34746,"Os01g0298400"
34747,"Os05g0576500"
34748,"Os03g0830800"
34749,"34749"
34750,"Os08g0522500"
34751,"Os06g0165500"
34752,"Os08g0159500"
34753,"Os12g0564600"
34754,"Os06g0104100"
34755,"Os03g0307200"
34756,"Os04g0381600"
34757,"Os03g0822100"
34758,"Os03g0792900"
34759,"Os12g0203000"
34760,"Os05g0342600"
34761,"Os02g0713500"
34762,"Os03g0395300"
34763,"Os01g0897800"
34764,"Os01g0814400"
34765,"Os02g0256100"
34766,"Os10g0422200"
34767,"Os02g0616100"
34768,"Os11g0648800"
34769,"Os05g0384600"
34770,"Os01g0841600"
34771,"Os08g0365900"
34772,"Os10g0483500"
34773,"Os01g0769700"
34774,"Os12g0623400"
34775,"Os01g0179800"
34776,"Os09g0460300"
34777,"Os03g0254900"
34778,"Os03g0815200"
34779,"Os05g0404400"
34780,"Os08g0238100"
34781,"Os09g0481600"
34782,"Os03g0769600"
34783,"Os01g0764000"
34784,"Os02g0197600"
34785,"Os07g0188800"
34786,"Os01g0175600"
34787,"Os07g0645000"
34788,"Os05g0196100"
34789,"osa-miR437"
34790,"34790"
34791,"Os06g0580100"
34792,"Os04g0476800"
34793,"Os11g0216400"
34794,"Os02g0132200"
34795,"Os08g0411800"
34796,"Os05g0529700"
34797,"Os06g0701700"
34799,"Os11g0302700"
34800,"Os10g0542100"
34801,"Os12g0485300"
34802,"Os06g0148600"
34803,"Os02g0728100"
34804,"Os02g0771100"
34805,"Os01g0363600"
34806,"Os04g0497700"
34807,"Os03g0327100"
34808,"Os12g0128300"
34809,"Os01g0666200"
34810,"Os02g0135900"
34811,"Os06g0215600"
34812,"POsControl0026"
34813,"Os01g0188400"
34814,"Os01g0136400"
34815,"Os03g0113000"
34816,"Os03g0115400"
34817,"Os05g0371200"
34818,"Os07g0688700"
34819,"Os01g0720700"
34820,"Os08g0250200"
34821,"Os02g0664300"
34822,"Os10g0196000"
34823,"Os01g0111100"
34824,"Os11g0652600"
34825,"Os05g0552500"
34826,"Os03g0655400"
34827,"Os08g0314800"
34828,"Os02g0551600"
34829,"Os10g0186800"
34830,"Os06g0607800"
34831,"Os05g0372800"
34832,"Os12g0183200"
34833,"Os10g0530400"
34834,"Os02g0790500"
34835,"Os06g0134300"
34836,"Os04g0103300"
34837,"Os09g0298200"
34838,"Os01g0276100"
34839,"osa-miR439c"
34840,"Os11g0673100"
34841,"Os12g0616000"
34842,"Os03g0733000"
34843,"Os02g0573200"
34844,"Os03g0746900"
34845,"Os06g0632200"
34846,"Os01g0867800"
34847,"Os09g0365300"
34848,"Os04g0627200"
34849,"Os10g0552100"
34850,"Os02g0216300"
34851,"osa-miR167g"
34852,"Os02g0467300"
34853,"Os05g0109500"
34854,"Os03g0169400"
34855,"Os02g0754300"
34856,"Os11g0640300"
34857,"Os07g0516200"
34858,"Os01g0725400"
34859,"Os09g0372100"
34860,"Os07g0634600"
34861,"Os06g0534800"
34862,"34862"
34863,"Os11g0265600"
34864,"Os07g0572800"
34865,"Os01g0897500"
34866,"Os03g0579900"
34867,"Os05g0217800"
34868,"Os05g0217800"
34869,"Os07g0186500"
34870,"Os03g0368300"
34871,"Os03g0596400"
34872,"Os06g0156600"
34873,"Os07g0648300"
34874,"Os02g0205000"
34875,"Os01g0763700"
34876,"Os12g0271600"
34877,"POsControl0028"
34878,"Os10g0508600"
34879,"Os01g0142600"
34880,"Os06g0342600"
34881,"Os08g0559200"
34882,"Os01g0270000"
34883,"34883"
34884,"Os09g0321900"
34885,"Os08g0448000"
34886,"Os04g0679400"
34887,"Os03g0100900"
34888,"Os09g0517700"
34889,"Os06g0479400"
34890,"Os03g0667100"
34891,"Os12g0626400"
34893,"Os03g0717900"
34894,"Os07g0468100"
34895,"Os01g0827600"
34896,"Os02g0192700"
34897,"Os07g0668200"
34898,"Os10g0571100"
34899,"PAtControl0001"
34900,"Os02g0747600"
34901,"Os01g0911600"
34902,"Os09g0343600"
34903,"Os04g0489600"
34904,"Os03g0579000"
34905,"34905"
34906,"Os01g0878400"
34907,"Os02g0770000"
34908,"POsControl0031"
34909,"Os03g0251000"
34910,"Os06g0591600"
34911,"Os01g0127000"
34912,"Os06g0239500"
34913,"Os07g0122100"
34914,"Os01g0912900"
34915,"Os01g0159600"
34916,"Os08g0377100"
34917,"Os08g0473600"
34918,"Os02g0822700"
34919,"34919"
34920,"Os01g0749200"
34921,"Os07g0130500"
34922,"Os04g0471700"
34923,"Os07g0653100"
34924,"Os08g0168700"
34925,"Os11g0686100"
34926,"Os01g0647800"
34927,"Os03g0129400"
34928,"Os03g0855600"
34929,"Os01g0878900"
34930,"Os04g0595700"
34931,"Os11g0144900"
34932,"Os04g0423400"
34933,"Os01g0796500"
34934,"Os07g0517700"
34935,"Os03g0383800"
34936,"Os01g0804900"
34937,"Os07g0657200"
34938,"Os07g0631900"
34939,"Os02g0783700"
34940,"Os10g0568900"
34941,"Os03g0797700"
34942,"Os04g0614700"
34943,"Os07g0664100"
34944,"Os03g0344700"
34945,"POsControl0005"
34946,"Os02g0816300"
34947,"Os05g0558400"
34948,"Os07g0202100"
34949,"Os03g0736000"
34950,"Os03g0592500"
34951,"Os04g0562000"
34952,"Os09g0294000"
34953,"Os09g0560400"
34954,"Os01g0192000"
34955,"Os04g0405900"
34956,"Os03g0791800"
34957,"Os07g0487100"
34958,"Os07g0599700"
34959,"Os09g0567300"
34960,"Os11g0146500"
34961,"Os04g0583000"
34962,"Os02g0751600"
34963,"Os08g0106400"
34964,"Os01g0180700"
34965,"Os02g0725700"
34966,"Os05g0516300"
34967,"Os07g0195900"
34968,"Os03g0253800"
34969,"Os09g0242600"
34970,"Os04g0321700"
34971,"Os04g0481400"
34972,"Os01g0933400"
34973,"Os03g0293900"
34974,"Os11g0239900"
34975,"Os04g0552300"
34976,"Os01g0909500"
34977,"Os06g0335500"
34978,"Os08g0456600"
34979,"Os09g0537600"
34980,"Os04g0550500"
34981,"Os06g0284200"
34982,"Os05g0289400"
34983,"Os08g0509200"
34984,"Os05g0324600"
34985,"Os06g0625500"
34986,"Os04g0645100"
34987,"Os07g0637300"
34988,"Os04g0636600"
34989,"Os10g0397400"
34990,"Os05g0405500"
34991,"POsControl0025"
34992,"Os01g0357800"
34993,"Os06g0103700"
34994,"Os02g0814200"
34995,"Os02g0208700"
34996,"Os06g0126500"
34997,"Os03g0275900"
34998,"osa-miR156a"
34999,"Os08g0359900"
35000,"Os01g0748200"
35001,"Os05g0480700"
35002,"Os07g0676600"
35003,"Os10g0482000"
35004,"Os03g0244600"
35005,"Os04g0474700"
35006,"Os07g0689400"
35007,"Os03g0244200"
35008,"Os01g0300900"
35009,"osa-miR171h"
35010,"Os09g0108400"
35011,"Os01g0390900"
35012,"Os01g0708400"
35013,"Os03g0237500"
35014,"Os03g0336000"
35015,"35015"
35016,"Os07g0573100"
35017,"Os02g0747500"
35018,"Os06g0218500"
35019,"Os06g0679500"
35020,"Os01g0348600"
35021,"Os03g0776000"
35022,"Os09g0498600"
35023,"35023"
35024,"Os01g0872500"
35025,"Os11g0444000"
35026,"Os05g0186000"
35027,"Os06g0255300"
35028,"Os09g0251500"
35029,"Os09g0546400"
35030,"Os08g0509400"
35031,"Os12g0109700"
35032,"Os02g0695900"
35033,"Os07g0684100"
35034,"Os10g0565300"
35035,"Os04g0618200"
35036,"Os08g0508600"
35037,"Os04g0458600"
35038,"Os02g0799500"
35039,"Os06g0194900"
35040,"Os04g0689000"
35041,"Os01g0616100"
35042,"Os02g0271600"
35043,"Os09g0323100"
35044,"Os05g0549300"
35045,"Os04g0636800"
35046,"Os03g0391000"
35047,"Os02g0228400"
35048,"Os09g0466100"
35049,"osa-miR395m"
35050,"Os01g0846600"
35051,"Os07g0195100"
35052,"Os03g0345100"
35053,"Os05g0224700"
35054,"Os07g0574500"
35055,"Os01g0959900"
35056,"osa-miR167h"
35057,"Os07g0536100"
35058,"Os11g0247300"
35059,"Os01g0241000"
35060,"Os06g0158100"
35061,"Os06g0625500"
35062,"Os08g0567200"
35063,"Os12g0617900"
35064,"Os08g0486500"
35065,"Os05g0408900"
35066,"Os03g0434400"
35067,"Os04g0459500"
35068,"Os05g0141400"
35069,"Os05g0555600"
35070,"Os07g0264800"
35071,"Os04g0439600"
35072,"Os06g0480800"
35073,"Os07g0673400"
35074,"Os03g0583000"
35075,"Os06g0210500"
35076,"Os05g0592500"
35077,"Os12g0226300"
35078,"Os01g0938200"
35079,"Os05g0473600"
35080,"Os05g0198100"
35081,"Os02g0122600"
35082,"Os01g0160100"
35083,"Os04g0652700"
35084,"Os07g0158800"
35085,"Os02g0761300"
35086,"Os01g0348900"
35087,"Os01g0323000"
35088,"Os04g0418000"
35089,"Os09g0527900"
35090,"Os08g0120000"
35091,"Os04g0681600"
35092,"Os01g0679300"
35093,"Os02g0240100"
35094,"Os02g0122800"
35095,"Os05g0358200"
35096,"Os07g0408800"
35097,"Os02g0120600"
35098,"Os02g0130000"
35099,"Os09g0540600"
35100,"Os06g0132200"
35101,"Os03g0254800"
35102,"Os03g0269700"
35103,"Os01g0132800"
35104,"Os04g0423400"
35105,"Os03g0699300"
35106,"Os01g0828100"
35107,"Os02g0750600"
35108,"Os02g0506500"
35109,"Os03g0261500"
35110,"Os12g0588800"
35111,"Os02g0221900"
35112,"Os07g0120200"
35113,"Os03g0170900"
35114,"Os03g0702700"
35115,"Os01g0534800"
35116,"Os02g0701300"
35117,"Os04g0178400"
35118,"Os05g0167600"
35119,"Os08g0402700"
35120,"Os12g0115300"
35121,"Os05g0162600"
35122,"Os04g0608100"
35123,"Os02g0710700"
35124,"Os09g0463300"
35125,"Os05g0110500"
35126,"Os01g0829900"
35127,"Os06g0519400"
35128,"Os06g0547900"
35129,"Os01g0175000"
35130,"Os08g0551500"
35131,"Os03g0180600"
35132,"Os02g0197600"
35133,"Os07g0175700"
35134,"Os01g0235900"
35135,"Os05g0319700"
35136,"Os04g0549600"
35137,"35137"
35138,"Os07g0564800"
35139,"Os04g0616500"
35140,"Os03g0633900"
35141,"Os01g0563000"
35142,"Os05g0323900"
35143,"Os05g0107900"
35144,"Os04g0486900"
35145,"Os02g0819600"
35146,"osa-miR166m"
35147,"Os03g0214100"
35148,"Os04g0319800"
35149,"Os11g0701300"
35150,"Os03g0819700"
35151,"osa-miR167d"
35152,"Os01g0939700"
35153,"Os05g0320500"
35154,"osa-miR156f"
35155,"Os02g0634900"
35156,"Os03g0292700"
35157,"Os09g0133700"
35158,"Os02g0564000"
35159,"POsControl0015"
35160,"Os01g0895000"
35161,"Os04g0640600"
35162,"Os06g0581500"
35163,"Os01g0968100"
35164,"Os03g0120300"
35165,"Os06g0315900"
35166,"Os06g0695100"
35167,"Os03g0271900"
35168,"Os01g0248400"
35169,"Os02g0794500"
35170,"Os08g0566900"
35171,"Os03g0576800"
35172,"Os08g0241300"
35173,"Os03g0743500"
35174,"Os01g0823900"
35175,"Os10g0416800"
35176,"Os11g0479100"
35177,"Os07g0224900"
35178,"Os04g0434500"
35179,"Os01g0221600"
35180,"Os02g0147700"
35181,"Os03g0741700"
35182,"Os07g0558400"
35183,"Os07g0647800"
35184,"Os04g0538700"
35185,"Os01g0721100"
35186,"Os02g0217800"
35187,"Os08g0559600"
35188,"Os03g0143600"
35189,"Os06g0184400"
35190,"Os08g0510300"
35191,"Os03g0645900"
35193,"Os03g0639200"
35194,"Os08g0306200"
35195,"Os03g0391400"
35196,"Os06g0701100"
35197,"Os04g0401400"
35198,"Os10g0502900"
35199,"Os02g0557000"
35200,"Os10g0105800"
35201,"Os11g0703500"
35202,"Os03g0305200"
35203,"Os05g0352800"
35204,"Os04g0459500"
35205,"osa-miR396c"
35206,"Os12g0169600"
35207,"Os11g0541800"
35208,"Os08g0495800"
35209,"Os06g0711100"
35210,"Os04g0607200"
35211,"Os12g0485400"
35212,"Os01g0783500"
35213,"Os07g0457600"
35214,"Os02g0520500"
35215,"Os02g0512200"
35216,"Os10g0410700"
35217,"Os06g0552900"
35218,"Os04g0573200"
35219,"Os08g0544800"
35220,"Os01g0700500"
35221,"Os07g0666200"
35222,"Os06g0724500"
35223,"Os03g0114600"
35224,"Os02g0227400"
35225,"Os10g0329300"
35226,"Os04g0634400"
35227,"Os06g0553200"
35228,"Os01g0871200"
35229,"Os03g0342900"
35230,"Os04g0559100"
35231,"Os11g0503900"
35232,"Os09g0401600"
35233,"Os04g0679800"
35234,"Os05g0237100"
35235,"Os07g0257200"
35236,"Os07g0228900"
35237,"Os01g0252000"
35238,"35238"
35239,"POsControl0001"
35240,"Os03g0764900"
35241,"Os01g0210500"
35242,"Os02g0288400"
35243,"Os11g0162000"
35244,"Os12g0444800"
35245,"Os05g0397000"
35246,"35246"
35247,"Os01g0803200"
35248,"Os03g0758100"
35249,"Os01g0910500"
35250,"Os12g0490000"
35251,"Os06g0285400"
35252,"Os02g0308400"
35253,"Os11g0477400"
35254,"Os11g0250000"
35255,"Os01g0248000"
35256,"Os03g0247200"
35257,"Os02g0148400"
35258,"Os02g0304900"
35259,"Os12g0595500"
35260,"Os01g0720500"
35261,"Os02g0504500"
35262,"Os02g0192200"
35263,"Os01g0728100"
35264,"Os02g0586000"
35265,"Os07g0675400"
35266,"Os06g0231400"
35267,"Os01g0544200"
35268,"Os12g0179800"
35269,"Os03g0633400"
35270,"Os01g0709500"
35271,"Os06g0524300"
35272,"Os04g0259200"
35273,"Os02g0606300"
35274,"Os01g0184700"
35275,"Os04g0516900"
35276,"Os12g0135700"
35277,"Os09g0545700"
35278,"Os03g0179400"
35279,"Os04g0269600"
35280,"Os11g0551800"
35281,"Os11g0157200"
35282,"Os07g0164700"
35283,"Os01g0286200"
35284,"Os02g0156300"
35285,"Os03g0152100"
35286,"Os03g0400200"
35287,"Os07g0645100"
35288,"Os02g0772900"
35289,"Os05g0323900"
35290,"Os02g0234800"
35291,"Os04g0111900"
35292,"Os05g0470100"
35293,"Os11g0234100"
35294,"Os07g0552800"
35295,"Os04g0107900"
35296,"osa-miR395j"
35297,"POsControl0018"
35298,"Os04g0501600"
35299,"Os12g0589400"
35300,"Os05g0452800"
35301,"Os03g0225300"
35302,"Os04g0208200"
35303,"Os05g0404200"
35304,"Os09g0555500"
35305,"Os04g0476100"
35306,"Os01g0823700"
35307,"Os07g0661000"
35308,"Os12g0123800"
35309,"Os02g0216300"
35310,"Os07g0301200"
35311,"Os02g0793700"
35312,"Os09g0531900"
35313,"Os11g0143200"
35314,"Os06g0652000"
35315,"Os04g0316800"
35316,"Os09g0514600"
35317,"Os06g0112000"
35318,"Os03g0745000"
35319,"Os06g0163300"
35320,"Os07g0486100"
35321,"Os09g0457400"
35322,"Os03g0449400"
35323,"Os06g0569700"
35324,"Os12g0115100"
35325,"Os03g0437200"
35326,"Os06g0565900"
35327,"Os03g0635100"
35328,"Os07g0100200"
35329,"Os03g0854900"
35330,"Os02g0197500"
35331,"Os02g0598500"
35332,"Os01g0745300"
35333,"Os03g0257900"
35334,"Os07g0447800"
35335,"Os10g0529700"
35336,"Os03g0842700"
35337,"Os01g0390400"
35338,"Os03g0205500"
35339,"POsControl0047"
35340,"Os02g0258300"
35341,"Os02g0698800"
35342,"Os04g0460300"
35343,"Os11g0118200"
35344,"Os09g0512900"
35345,"Os01g0673600"
35346,"Os03g0377600"
35347,"Os05g0270000"
35348,"Os05g0202800"
35349,"Os10g0455100"
35350,"Os01g0892200"
35351,"Os07g0599900"
35352,"Os04g0462300"
35353,"Os05g0543400"
35354,"Os06g0705500"
35355,"Os11g0117900"
35356,"Os01g0581300"
35357,"Os01g0181000"
35358,"Os01g0758300"
35359,"Os10g0147400"
35360,"Os06g0356200"
35361,"Os05g0318100"
35362,"Os08g0276100"
35363,"Os08g0340900"
35364,"osa-miR396a"
35365,"Os06g0645400"
35366,"Os11g0587300"
35367,"Os06g0548200"
35368,"Os08g0120000"
35369,"Os02g0646400"
35370,"Os07g0422100"
35371,"Os06g0184700"
35372,"Os03g0154300"
35373,"Os03g0684400"
35374,"Os07g0176300"
35375,"Os08g0100700"
35376,"Os06g0219800"
35377,"Os03g0148300"
35378,"Os02g0218200"
35379,"Os01g0796400"
35380,"Os09g0565200"
35381,"Os09g0541100"
35382,"Os07g0501800"
35383,"Os03g0100300"
35384,"Os08g0174100"
35385,"Os03g0175800"
35386,"Os12g0441300"
35387,"Os12g0492900"
35388,"Os05g0187500"
35389,"Os02g0180100"
35390,"Os10g0560900"
35391,"Os04g0584600"
35392,"Os07g0549700"
35393,"Os03g0854800"
35394,"Os12g0562400"
35395,"Os08g0449300"
35396,"Os04g0350300"
35397,"Os03g0792400"
35398,"Os06g0218900"
35399,"Os06g0165600"
35400,"Os08g0256700"
35401,"Os12g0451300"
35402,"Os04g0489400"
35403,"Os09g0294000"
35404,"Os03g0160200"
35405,"Os02g0234700"
35406,"Os04g0182900"
35407,"Os12g0618000"
35408,"Os04g0512200"
35409,"Os04g0546900"
35410,"Os06g0711700"
35411,"Os05g0381500"
35412,"Os06g0144800"
35413,"Os05g0124000"
35414,"Os06g0625500"
35415,"Os07g0111100"
35416,"Os03g0198600"
35417,"Os12g0625200"
35418,"Os02g0642600"
35419,"Os04g0527100"
35420,"Os02g0769800"
35421,"Os02g0768200"
35422,"Os09g0298100"
35423,"Os06g0481000"
35424,"Os01g0886300"
35425,"Os03g0794200"
35426,"Os02g0664400"
35427,"Os03g0132200"
35428,"Os06g0602900"
35429,"Os04g0273100"
35430,"Os08g0175600"
35431,"Os04g0449000"
35432,"Os02g0116400"
35433,"Os06g0183100"
35434,"Os11g0707000"
35435,"Os07g0240600"
35436,"Os06g0595900"
35437,"Os04g0107900"
35438,"Os10g0502500"
35439,"Os11g0471700"
35440,"Os01g0266200"
35441,"Os12g0469600"
35442,"Os03g0125000"
35443,"Os07g0244900"
35444,"Os02g0122300"
35445,"PZmControl0002"
35446,"Os12g0547500"
35447,"Os05g0122600"
35448,"Os08g0543600"
35449,"Os02g0634500"
35450,"Os07g0291100"
35451,"Os02g0738400"
35452,"Os01g0730200"
35453,"Os06g0678200"
35454,"Os07g0686800"
35455,"Os04g0212100"
35456,"Os11g0610300"
35457,"Os01g0596300"
35458,"Os02g0653900"
35459,"Os03g0281800"
35460,"Os07g0197100"
35461,"Os06g0281300"
35462,"Os12g0613300"
35463,"Os09g0456900"
35464,"Os12g0549700"
35465,"Os01g0667100"
35466,"Os07g0195300"
35467,"Os02g0774800"
35468,"Os02g0616100"
35469,"Os02g0727200"
35470,"Os10g0551600"
35471,"Os04g0610600"
35472,"Os02g0826300"
35473,"Os04g0544400"
35474,"Os10g0411500"
35475,"Os04g0524600"
35476,"Os05g0112000"
35477,"Os02g0276400"
35478,"Os05g0132400"
35479,"Os04g0497000"
35480,"Os03g0430400"
35481,"Os03g0163400"
35482,"Os01g0694100"
35483,"Os02g0509500"
35484,"Os06g0146900"
35485,"Os12g0633200"
35486,"Os02g0650900"
35487,"Os06g0714600"
35488,"Os03g0233200"
35489,"Os07g0206400"
35490,"Os02g0826300"
35491,"Os12g0416900"
35492,"Os03g0223100"
35493,"Os06g0484400"
35494,"Os03g0319300"
35495,"Os07g0251900"
35496,"Os05g0280700"
35497,"Os01g0831200"
35498,"Os11g0146300"
35499,"Os11g0292000"
35500,"Os01g0176800"
35501,"Os12g0144700"
35502,"Os01g0899500"
35503,"Os05g0116700"
35504,"Os05g0194600"
35505,"Os10g0171500"
35506,"Os08g0120500"
35507,"Os10g0546300"
35508,"Os08g0462700"
35509,"Os12g0112300"
35510,"Os05g0364900"
35511,"PGmControl0002"
35512,"Os09g0471900"
35513,"Os06g0137500"
35514,"Os01g0967600"
35515,"Os12g0198000"
35516,"Os01g0162300"
35517,"Os03g0125000"
35518,"Os02g0744200"
35519,"Os02g0815700"
35520,"Os12g0125000"
35521,"Os11g0178800"
35522,"Os07g0280200"
35523,"Os08g0244100"
35524,"Os02g0101700"
35525,"Os03g0657000"
35526,"Os07g0264000"
35527,"Os03g0300400"
35528,"Os03g0844500"
35529,"Os07g0457700"
35530,"osa-miR445d"
35531,"Os07g0639900"
35532,"Os01g0241100"
35533,"Os01g0191700"
35534,"Os07g0446800"
35535,"Os06g0112400"
35536,"Os10g0356000"
35537,"Os08g0180100"
35538,"Os02g0631700"
35539,"Os07g0620500"
35540,"Os12g0604600"
35541,"Os06g0727200"
35542,"Os01g0555400"
35543,"Os03g0279600"
35544,"Os11g0208000"
35545,"Os10g0343300"
35546,"Os02g0829600"
35547,"Os11g0233900"
35548,"Os01g0876100"
35549,"Os12g0552500"
35550,"Os06g0704300"
35551,"Os09g0109800"
35552,"Os04g0496400"
35553,"Os03g0774700"
35554,"Os02g0591700"
35555,"Os11g0241200"
35556,"Os06g0677400"
35557,"Os01g0278000"
35558,"Os12g0121200"
35559,"Os02g0244300"
35560,"Os08g0126300"
35561,"Os03g0712300"
35562,"Os08g0207000"
35563,"Os10g0317900"
35564,"Os07g0274100"
35565,"Os07g0182200"
35566,"Os01g0878300"
35567,"Os10g0514600"
35568,"Os03g0759500"
35569,"Os05g0365300"
35570,"Os01g0628900"
35571,"Os08g0206600"
35572,"Os03g0731500"
35573,"Os01g0911700"
35574,"Os10g0138600"
35575,"Os09g0321600"
35576,"Os03g0731500"
35577,"Os07g0675000"
35578,"Os07g0626800"
35579,"Os03g0152700"
35580,"Os09g0321900"
35581,"Os09g0267600"
35582,"Os02g0308800"
35583,"Os03g0307100"
35584,"Os12g0599800"
35585,"Os11g0209700"
35586,"Os10g0409900"
35587,"Os12g0583900"
35588,"Os01g0339600"
35589,"Os03g0174300"
35590,"Os12g0461300"
35591,"Os03g0617800"
35592,"Os02g0171100"
35593,"Os01g0598900"
35594,"Os05g0242000"
35595,"Os01g0929600"
35596,"Os09g0515200"
35597,"Os09g0249100"
35598,"Os08g0296900"
35599,"Os05g0418000"
35600,"osa-miR395e"
35601,"Os03g0599800"
35602,"Os02g0782200"
35603,"Os05g0278500"
35604,"Os05g0466200"
35605,"Os07g0413800"
35606,"Os04g0649700"
35607,"Os02g0172600"
35608,"Os06g0354700"
35609,"Os03g0121200"
35610,"Os09g0287300"
35611,"Os01g0711400"
35612,"osa-miR166n"
35613,"Os10g0113900"
35614,"Os11g0133100"
35615,"Os09g0265300"
35616,"Os07g0534100"
35617,"Os06g0685700"
35618,"Os04g0401700"
35619,"Os03g0835900"
35620,"Os04g0569300"
35621,"Os01g0658400"
35622,"Os03g0133800"
35623,"POsControl0027"
35624,"Os07g0635900"
35625,"osa-miR172b"
35626,"osa-miR156h"
35627,"osa-miR160e"
35628,"Os01g0102700"
35629,"osa-miR159b"
35630,"Os11g0682600"
35631,"Os01g0923900"
35632,"Os09g0279800"
35633,"Os07g0409100"
35634,"Os11g0671000"
35635,"Os01g0261200"
35636,"35636"
35637,"Os10g0155800"
35638,"Os06g0331300"
35639,"Os05g0316100"
35640,"Os09g0439500"
35641,"Os09g0518400"
35642,"Os03g0757700"
35643,"Os02g0524300"
35644,"Os06g0604000"
35645,"Os09g0255300"
35646,"Os09g0255400"
35647,"Os01g0803900"
35648,"Os02g0661900"
35649,"Os12g0283800"
35650,"Os01g0598200"
35651,"Os04g0378200"
35652,"Os09g0569400"
35653,"Os02g0101700"
35654,"Os06g0115300"
35655,"Os03g0718100"
35656,"Os06g0152100"
35657,"Os02g0155000"
35658,"Os01g0873800"
35659,"Os01g0232000"
35660,"osa-miR164d"
35661,"osa-miR156h"
35662,"Os07g0414800"
35663,"Os02g0732300"
35664,"Os02g0116300"
35665,"Os04g0259800"
35666,"Os10g0317900"
35667,"Os02g0716500"
35668,"Os10g0181100"
35669,"Os07g0607800"
35670,"Os04g0105100"
35671,"Os06g0356400"
35672,"Os07g0258700"
35673,"Os04g0525600"
35674,"Os05g0408300"
35675,"Os01g0549200"
35676,"Os12g0188700"
35677,"Os03g0657000"
35678,"Os09g0526200"
35679,"Os09g0131000"
35680,"Os06g0116600"
35681,"Os02g0605500"
35682,"Os04g0165500"
35683,"Os07g0272400"
35684,"Os06g0665500"
35685,"Os02g0620100"
35686,"Os07g0133700"
35687,"Os01g0918200"
35688,"Os09g0297100"
35689,"Os03g0393700"
35690,"Os05g0269100"
35691,"Os11g0265900"
35692,"Os06g0182100"
35693,"Os09g0419500"
35694,"Os02g0567100"
35695,"Os03g0330300"
35696,"Os01g0837500"
35697,"Os03g0356700"
35698,"Os11g0135000"
35699,"Os03g0173500"
35700,"Os09g0284300"
35701,"Os11g0598300"
35702,"Os01g0367900"
35703,"Os08g0125200"
35704,"Os11g0479000"
35705,"Os03g0136900"
35706,"Os01g0748600"
35707,"Os07g0508000"
35708,"Os11g0151700"
35709,"Os03g0226200"
35710,"Os01g0218200"
35711,"Os03g0783800"
35712,"Os02g0471500"
35713,"Os03g0666500"
35714,"Os04g0680700"
35715,"Os02g0235600"
35716,"Os04g0525600"
35717,"35717"
35718,"Os07g0660200"
35719,"Os06g0186400"
35720,"Os01g0699400"
35721,"35721"
35722,"Os02g0141000"
35723,"Os03g0324300"
35724,"Os01g0369700"
35725,"Os01g0717700"
35726,"Os10g0546200"
35727,"Os06g0207500"
35728,"Os03g0736700"
35729,"Os12g0106100"
35730,"Os03g0181100"
35731,"Os04g0501500"
35732,"Os03g0223000"
35733,"Os04g0651000"
35734,"Os09g0487100"
35735,"Os03g0115500"
35736,"Os01g0937400"
35737,"Os01g0972000"
35738,"Os01g0612600"
35739,"Os02g0581400"
35740,"Os10g0471100"
35741,"Os04g0417400"
35742,"Os05g0455500"
35743,"osa-miR171b"
35744,"Os12g0233500"
35745,"Os12g0110300"
35746,"Os12g0616400"
35747,"Os10g0555900"
35748,"Os05g0565500"
35749,"35749"
35750,"Os06g0136800"
35751,"Os05g0519400"
35752,"Os01g0708300"
35753,"Os11g0655600"
35754,"Os07g0106200"
35755,"Os03g0784400"
35756,"Os10g0126500"
35757,"Os02g0655600"
35758,"Os09g0295200"
35759,"Os04g0553800"
35760,"Os04g0223500"
35761,"Os10g0550000"
35762,"Os03g0789900"
35763,"Os12g0634600"
35764,"Os04g0249500"
35765,"Os07g0508300"
35766,"Os06g0726600"
35767,"Os09g0132900"
35768,"Os10g0188100"
35769,"POsControl0015"
35770,"Os11g0173700"
35771,"Os08g0243100"
35772,"Os04g0539100"
35773,"Os07g0241800"
35774,"Os05g0221200"
35775,"Os12g0108900"
35776,"Os02g0265400"
35777,"Os11g0264300"
35778,"Os02g0760500"
35779,"Os01g0364100"
35780,"Os07g0597300"
35781,"POsControl0013"
35782,"Os07g0108400"
35783,"POsControl0024"
35784,"Os12g0420400"
35785,"Os12g0118300"
35786,"Os06g0728300"
35788,"Os09g0123200"
35789,"Os07g0576500"
35790,"Os05g0506500"
35791,"Os04g0560500"
35792,"Os01g0926400"
35793,"Os12g0132200"
35794,"Os06g0140300"
35795,"Os05g0517200"
35796,"Os02g0519800"
35797,"Os01g0631200"
35798,"Os03g0350100"
35799,"Os08g0557700"
35800,"Os01g0909500"
35801,"Os07g0130800"
35802,"Os07g0259100"
35803,"Os07g0409900"
35804,"Os04g0561500"
35805,"Os01g0171200"
35806,"Os06g0639100"
35807,"Os03g0750200"
35808,"Os01g0275900"
35809,"Os08g0407200"
35810,"Os02g0621100"
35811,"Os04g0529500"
35812,"Os03g0129300"
35813,"Os04g0331600"
35814,"Os02g0301100"
35815,"Os05g0514200"
35816,"Os07g0111700"
35817,"Os03g0648400"
35818,"Os06g0172000"
35819,"Os05g0569800"
35820,"Os10g0559500"
35821,"Os02g0732900"
35822,"Os11g0573200"
35823,"Os08g0367000"
35824,"Os03g0852200"
35825,"Os01g0167400"
35826,"Os04g0555300"
35827,"Os10g0530000"
35828,"Os01g0187500"
35829,"Os03g0180800"
35830,"Os01g0706100"
35831,"Os06g0530700"
35832,"Os05g0521900"
35833,"Os06g0569900"
35834,"Os07g0535800"
35835,"Os01g0200300"
35836,"Os03g0730500"
35837,"Os11g0233400"
35838,"Os08g0184800"
35839,"Os10g0539500"
35840,"Os11g0702400"
35841,"35841"
35842,"POsControl0010"
35843,"Os02g0175500"
35844,"Os11g0306400"
35845,"Os04g0496300"
35846,"Os04g0629100"
35847,"Os02g0318200"
35848,"Os11g0609600"
35849,"Os01g0917300"
35850,"Os10g0104500"
35851,"Os03g0116200"
35852,"Os06g0492000"
35853,"Os05g0169100"
35854,"Os03g0161800"
35855,"Os04g0678400"
35856,"Os07g0214100"
35857,"Os01g0255500"
35858,"Os03g0726500"
35859,"Os02g0590200"
35860,"Os06g0153800"
35861,"Os01g0856600"
35862,"Os10g0339400"
35863,"Os01g0618100"
35864,"Os04g0382200"
35865,"Os06g0334700"
35866,"Os12g0411900"
35867,"Os08g0500200"
35868,"Os12g0460800"
35869,"Os11g0588600"
35870,"Os01g0203300"
35871,"Os10g0468600"
35872,"35872"
35873,"Os06g0474800"
35874,"Os10g0190000"
35875,"Os01g0385600"
35876,"Os03g0157300"
35877,"Os10g0100300"
35878,"Os10g0370600"
35879,"Os01g0222700"
35880,"Os07g0173200"
35881,"Os08g0345800"
35882,"Os01g0919500"
35883,"Os04g0434900"
35884,"Os02g0555900"
35885,"Os09g0499700"
35886,"Os03g0843200"
35887,"Os05g0382000"
35888,"Os04g0422500"
35889,"Os01g0973400"
35890,"Os04g0488600"
35891,"Os05g0392300"
35892,"Os02g0234500"
35893,"Os11g0584100"
35894,"Os06g0714900"
35895,"Os01g0818700"
35896,"Os04g0676000"
35897,"Os08g0135900"
35898,"Os01g0852100"
35899,"Os05g0215000"
35900,"Os01g0852200"
35901,"Os01g0255000"
35902,"Os10g0554100"
35903,"Os11g0557700"
35904,"Os02g0159200"
35905,"Os11g0432800"
35906,"Os11g0655000"
35907,"Os01g0888900"
35908,"Os04g0439100"
35909,"Os04g0126800"
35910,"Os09g0478200"
35911,"Os03g0244000"
35912,"Os10g0371000"
35913,"Os07g0269000"
35914,"Os02g0834000"
35915,"Os07g0509200"
35916,"Os03g0273200"
35917,"Os01g0843700"
35918,"Os08g0120900"
35919,"Os03g0768600"
35920,"Os08g0100400"
35921,"Os10g0207500"
35922,"Os01g0605600"
35923,"Os02g0119700"
35924,"Os05g0212100"
35925,"Os03g0210800"
35926,"Os06g0291100"
35927,"Os09g0522200"
35928,"Os06g0609800"
35929,"Os05g0548700"
35930,"Os09g0341000"
35931,"Os04g0505000"
35932,"Os12g0408100"
35933,"Os02g0646500"
35934,"osa-miR171b"
35935,"osa-miR160d"
35936,"Os05g0520200"
35937,"Os03g0766100"
35938,"Os06g0652000"
35939,"Os03g0718100"
35940,"Os02g0469900"
35941,"Os02g0640700"
35942,"Os05g0555300"
35943,"Os08g0189600"
35944,"Os02g0814500"
35945,"Os08g0308800"
35946,"Os09g0442800"
35947,"Os04g0442000"
35948,"Os05g0182800"
35949,"Os03g0725100"
35950,"Os02g0105400"
35951,"Os03g0424000"
35952,"Os05g0121700"
35953,"Os02g0816300"
35954,"Os01g0506200"
35955,"Os05g0160200"
35956,"Os08g0441500"
35957,"Os05g0172100"
35958,"Os04g0548300"
35959,"Os01g0731900"
35960,"Os03g0349700"
35961,"Os08g0272800"
35962,"Os02g0695800"
35963,"Os06g0643600"
35964,"Os05g0566300"
35965,"Os10g0528900"
35966,"Os06g0113600"
35967,"Os02g0703900"
35968,"Os10g0577500"
35969,"Os07g0550300"
35970,"Os04g0499100"
35971,"Os02g0326000"
35972,"Os01g0707300"
35973,"Os02g0188500"
35974,"Os01g0585600"
35975,"Os09g0433900"
35976,"Os02g0769200"
35977,"Os01g0775600"
35978,"Os01g0801000"
35979,"Os03g0774400"
35980,"Os11g0165700"
35981,"Os08g0527600"
35982,"Os08g0524600"
35983,"Os12g0151900"
35984,"Os01g0696000"
35985,"Os06g0183800"
35986,"Os02g0504200"
35987,"Os05g0243200"
35988,"Os10g0529400"
35989,"Os03g0333300"
35990,"osa-miR169b"
35991,"Os12g0283400"
35992,"Os03g0852700"
35993,"Os12g0178300"
35994,"Os03g0390600"
35995,"Os06g0704700"
35996,"Os01g0617700"
35997,"Os04g0669100"
35998,"osa-miR319b"
35999,"Os04g0690500"
36000,"Os06g0271100"
36001,"Os01g0212000"
36002,"Os01g0501800"
36003,"Os06g0531000"
36004,"Os05g0217800"
36005,"Os06g0160400"
36006,"Os10g0555600"
36007,"Os12g0612700"
36008,"Os08g0554400"
36009,"Os03g0283300"
36010,"Os02g0494600"
36011,"Os06g0127700"
36012,"Os11g0115600"
36013,"Os03g0275300"
36014,"Os09g0322400"
36015,"Os01g0328600"
36016,"Os08g0131000"
36017,"Os05g0419800"
36018,"Os06g0490400"
36019,"osa-miR164e"
36020,"Os12g0507300"
36021,"Os02g0831900"
36022,"Os06g0155300"
36023,"Os09g0558000"
36024,"Os04g0413500"
36025,"Os11g0228600"
36026,"Os06g0652000"
36027,"Os05g0169600"
36028,"Os04g0474800"
36029,"Os04g0459700"
36030,"Os02g0207800"
36031,"Os07g0190900"
36032,"Os01g0974500"
36033,"Os04g0587900"
36034,"Os12g0579000"
36035,"Os01g0108600"
36036,"Os01g0103000"
36037,"Os01g0120700"
36038,"Os09g0473400"
36039,"Os01g0853400"
36040,"Os10g0457500"
36041,"Os07g0674300"
36042,"Os03g0146500"
36043,"Os06g0163000"
36044,"Os01g0615100"
36045,"Os05g0393700"
36046,"Os11g0153500"
36047,"osa-miR167i"
36048,"Os03g0374900"
36049,"Os08g0420700"
36050,"Os02g0830100"
36051,"POsControl0017"
36052,"Os01g0881500"
36053,"Os07g0613200"
36054,"Os02g0187800"
36055,"Os03g0381200"
36056,"Os09g0502200"
36057,"Os07g0442900"
36058,"Os04g0538000"
36059,"Os05g0356700"
36060,"Os03g0582300"
36061,"Os06g0299200"
36062,"36062"
36063,"Os01g0944000"
36064,"osa-miR399h"
36065,"Os12g0170700"
36066,"Os04g0688300"
36067,"Os11g0703900"
36068,"Os04g0667800"
36069,"Os01g0701900"
36070,"Os10g0420900"
36071,"Os08g0467300"
36072,"Os05g0283600"
36073,"Os02g0653400"
36074,"Os12g0405400"
36075,"Os09g0457400"
36076,"Os02g0550400"
36077,"Os05g0590300"
36078,"Os03g0122600"
36079,"Os10g0490200"
36080,"Os06g0475400"
36081,"Os03g0141700"
36082,"Os04g0359700"
36083,"Os04g0388700"
36084,"Os02g0603000"
36085,"Os06g0165600"
36086,"Os12g0176600"
36087,"Os01g0116100"
36088,"Os01g0532100"
36089,"Os02g0100100"
36090,"Os05g0129900"
36091,"Os01g0149800"
36092,"Os04g0568300"
36093,"Os11g0245800"
36094,"Os09g0454300"
36095,"Os01g0393000"
36096,"Os02g0261300"
36097,"Os01g0279200"
36098,"Os02g0586500"
36099,"Os01g0731600"
36100,"Os01g0940700"
36101,"Os11g0545800"
36102,"POsControl0048"
36103,"Os06g0568200"
36104,"Os03g0830500"
36105,"Os11g0550900"
36106,"Os10g0545300"
36108,"Os03g0802100"
36109,"Os10g0566900"
36110,"Os01g0320700"
36111,"Os06g0580100"
36112,"Os08g0119000"
36113,"Os07g0560100"
36114,"Os11g0533400"
36115,"Os07g0543000"
36116,"Os04g0449100"
36117,"Os08g0461100"
36118,"Os11g0417300"
36119,"Os02g0102700"
36120,"Os12g0136100"
36121,"Os02g0611200"
36122,"Os08g0137400"
36123,"Os07g0691200"
36124,"Os02g0123600"
36125,"Os11g0223000"
36126,"Os07g0650600"
36127,"Os01g0865400"
36128,"Os01g0104400"
36129,"Os01g0949500"
36130,"Os09g0330900"
36131,"Os01g0367100"
36132,"Os04g0546400"
36133,"Os11g0197200"
36134,"Os03g0243700"
36135,"Os08g0513300"
36136,"Os05g0549000"
36137,"Os04g0679400"
36138,"Os01g0223000"
36139,"Os05g0297300"
36140,"Os02g0731600"
36141,"Os02g0695600"
36142,"Os03g0729600"
36143,"Os12g0145500"
36144,"Os01g0100700"
36145,"Os06g0252300"
36146,"Os04g0569100"
36147,"Os08g0180100"
36148,"Os06g0675300"
36149,"Os11g0218000"
36150,"Os04g0126500"
36151,"Os04g0519900"
36152,"Os04g0641200"
36153,"Os05g0128300"
36154,"Os07g0679400"
36155,"Os06g0218800"
36156,"Os01g0715500"
36157,"Os08g0191900"
36158,"Os05g0548400"
36159,"Os10g0516200"
36160,"Os03g0213500"
36161,"Os04g0527500"
36162,"Os07g0258800"
36163,"Os04g0110100"
36164,"Os07g0539300"
36165,"Os07g0137000"
36166,"Os07g0622300"
36167,"Os03g0336700"
36168,"Os03g0719900"
36169,"Os11g0474500"
36170,"Os01g0945800"
36171,"Os04g0612600"
36172,"Os01g0727100"
36173,"Os09g0313600"
36174,"Os04g0401700"
36175,"Os01g0931400"
36176,"Os02g0817500"
36177,"Os07g0496000"
36178,"Os04g0623700"
36179,"Os05g0217800"
36180,"Os01g0610500"
36181,"Os06g0112400"
36182,"Os08g0340700"
36183,"Os09g0283600"
36184,"Os10g0580200"
36185,"Os02g0671200"
36186,"Os05g0173500"
36187,"osa-miR171g"
36188,"Os06g0663500"
36189,"Os01g0324500"
36190,"Os07g0568900"
36191,"Os01g0663500"
36192,"Os02g0216300"
36193,"Os07g0265600"
36194,"Os08g0566100"
36195,"Os11g0530600"
36196,"Os08g0152900"
36197,"Os01g0719200"
36198,"Os02g0606900"
36199,"Os12g0445300"
36200,"Os04g0528400"
36201,"36201"
36202,"Os12g0623700"
36203,"36203"
36204,"Os04g0206200"
36205,"Os06g0191200"
36206,"Os05g0346400"
36207,"Os06g0224900"
36208,"Os09g0537700"
36209,"Os05g0244600"
36210,"Os10g0469600"
36211,"Os03g0352300"
36212,"Os07g0490600"
36213,"Os07g0688100"
36214,"Os01g0617600"
36215,"Os03g0576400"
36216,"Os09g0560300"
36217,"Os07g0446000"
36218,"Os01g0933900"
36219,"Os10g0382400"
36220,"Os08g0101600"
36221,"Os09g0511600"
36222,"Os12g0291100"
36223,"Os01g0778700"
36224,"Os11g0157300"
36225,"Os07g0479100"
36226,"osa-miR156k"
36227,"Os07g0658400"
36228,"36228"
36229,"Os09g0112000"
36230,"Os02g0264800"
36231,"Os08g0439300"
36232,"Os06g0703200"
36233,"Os02g0580300"
36234,"Os07g0246200"
36235,"Os04g0440300"
36236,"Os05g0569700"
36237,"Os10g0493400"
36238,"Os03g0596600"
36239,"Os03g0817500"
36240,"Os03g0102100"
36241,"Os09g0506800"
36242,"Os03g0442900"
36243,"Os10g0518400"
36244,"Os11g0700900"
36245,"Os03g0136200"
36246,"Os11g0224900"
36247,"Os04g0389500"
36248,"Os10g0181200"
36249,"Os06g0210900"
36250,"osa-miR169a"
36251,"Os07g0192800"
36252,"Os07g0490600"
36253,"Os09g0340400"
36254,"Os02g0192500"
36255,"Os02g0831600"
36256,"Os04g0605300"
36257,"Os12g0559200"
36258,"osa-miR166b"
36259,"Os01g0535400"
36260,"Os03g0650000"
36261,"Os05g0343800"
36262,"Os08g0528900"
36263,"Os01g0977600"
36264,"Os01g0973400"
36265,"Os01g0231300"
36266,"Os03g0861000"
36267,"Os08g0342300"
36268,"Os01g0659400"
36269,"Os10g0118900"
36270,"Os11g0448000"
36271,"Os01g0185300"
36272,"Os03g0859700"
36273,"Os04g0322100"
36274,"Os08g0484600"
36275,"Os01g0213700"
36276,"Os09g0321900"
36277,"Os02g0807900"
36278,"Os03g0693800"
36279,"Os01g0706800"
36280,"Os10g0422700"
36281,"Os09g0237900"
36282,"Os03g0110500"
36283,"Os08g0170700"
36284,"Os03g0158200"
36285,"36285"
36286,"Os09g0367700"
36287,"Os07g0644200"
36288,"Os07g0219400"
36289,"Os08g0506500"
36290,"Os06g0650900"
36291,"Os03g0336200"
36292,"Os03g0668500"
36293,"Os02g0521800"
36294,"Os07g0133100"
36295,"Os07g0677200"
36296,"Os09g0384800"
36297,"Os03g0853200"
36298,"Os04g0173800"
36299,"Os04g0685700"
36300,"Os03g0655500"
36301,"Os04g0127200"
36302,"Os02g0148000"
36303,"Os11g0229200"
36304,"Os03g0157400"
36305,"Os01g0159000"
36306,"Os09g0555400"
36307,"Os05g0215600"
36308,"Os03g0283100"
36309,"Os11g0243300"
36310,"osa-miR159e"
36311,"Os03g0393700"
36312,"Os06g0111800"
36313,"POsControl0025"
36314,"Os12g0612600"
36315,"Os03g0777000"
36316,"Os09g0380000"
36317,"Os11g0606300"
36318,"Os03g0711200"
36319,"Os02g0694600"
36320,"Os05g0455700"
36321,"Os01g0871800"
36322,"Os04g0109200"
36323,"Os06g0287500"
36324,"Os05g0135500"
36325,"Os03g0170300"
36326,"Os01g0197700"
36327,"Os04g0399000"
36328,"Os01g0685800"
36329,"36329"
36330,"Os01g0639900"
36331,"Os04g0608700"
36332,"Os07g0181100"
36333,"Os05g0186000"
36334,"Os01g0806300"
36335,"Os05g0519200"
36336,"Os06g0499500"
36337,"Os10g0564700"
36338,"Os03g0325600"
36339,"Os03g0730500"
36340,"Os09g0546800"
36341,"Os08g0504700"
36342,"Os01g0121600"
36343,"Os01g0927500"
36344,"Os04g0493300"
36345,"Os12g0223700"
36346,"Os02g0517300"
36347,"Os01g0683700"
36348,"Os06g0140700"
36349,"Os04g0619500"
36350,"Os06g0344100"
36351,"Os12g0165000"
36352,"Os08g0363000"
36353,"Os08g0415600"
36354,"POsControl0015"
36355,"Os02g0204300"
36356,"Os08g0148600"
36357,"Os01g0231000"
36358,"Os06g0681300"
36359,"Os05g0176800"
36360,"Os04g0187800"
36361,"Os03g0847600"
36362,"Os08g0105700"
36363,"Os11g0700900"
36364,"Os06g0218600"
36365,"Os08g0408300"
36366,"Os06g0103400"
36367,"Os12g0626400"
36368,"Os12g0169200"
36369,"Os04g0184100"
36370,"osa-miR399c"
36371,"Os01g0932000"
36372,"Os05g0321900"
36373,"Os04g0527000"
36374,"Os03g0238700"
36375,"Os03g0167500"
36376,"Os11g0597400"
36377,"Os08g0422200"
36378,"Os09g0128400"
36379,"Os01g0531500"
36380,"Os03g0107300"
36381,"Os07g0694400"
36382,"Os06g0313900"
36383,"Os02g0749000"
36384,"POsControl0007"
36385,"Os09g0482400"
36386,"Os02g0118400"
36387,"Os08g0387700"
36388,"36388"
36389,"Os05g0146100"
36390,"Os04g0433600"
36391,"Os03g0700700"
36392,"Os02g0293300"
36393,"Os08g0549100"
36394,"Os10g0471000"
36395,"Os04g0529700"
36396,"POsControl0043"
36397,"Os02g0514600"
36398,"Os09g0514700"
36399,"Os08g0544600"
36400,"Os10g0516800"
36401,"Os12g0455000"
36402,"Os12g0437800"
36403,"Os09g0463800"
36404,"Os08g0393600"
36405,"Os03g0785300"
36406,"Os04g0596400"
36407,"osa-miR535"
36408,"Os05g0134000"
36409,"Os02g0686400"
36410,"Os02g0825600"
36411,"Os08g0390100"
36412,"Os04g0398400"
36413,"Os08g0511400"
36414,"Os03g0147400"
36415,"Os09g0474300"
36416,"Os06g0139900"
36417,"Os04g0690500"
36418,"Os03g0848700"
36419,"Os01g0772900"
36420,"Os01g0232500"
36421,"Os02g0814000"
36422,"Os09g0497400"
36423,"Os07g0629000"
36424,"Os03g0126600"
36425,"Os03g0172400"
36426,"Os04g0636000"
36427,"Os01g0368700"
36428,"Os04g0192200"
36429,"Os10g0419300"
36430,"Os02g0185300"
36431,"Os01g0206600"
36432,"Os03g0726100"
36433,"Os02g0120600"
36434,"Os05g0462800"
36435,"Os10g0465000"
36436,"Os01g0635400"
36437,"Os06g0627500"
36438,"Os04g0520700"
36439,"Os03g0309200"
36440,"Os09g0394300"
36441,"Os04g0540200"
36442,"Os10g0198300"
36443,"Os01g0637400"
36444,"Os02g0241500"
36445,"Os12g0581600"
36446,"Os07g0566500"
36447,"Os04g0550300"
36448,"osa-miR395u"
36449,"Os06g0192400"
36450,"Os01g0264800"
36451,"Os05g0430200"
36452,"Os02g0730100"
36453,"Os01g0239100"
36454,"Os03g0181100"
36455,"Os08g0442200"
36456,"Os09g0346400"
36457,"Os11g0530600"
36458,"Os05g0442700"
36459,"Os09g0407600"
36460,"osa-miR171h"
36461,"Os11g0142500"
36462,"Os10g0407200"
36463,"Os01g0103100"
36464,"Os04g0500700"
36465,"Os06g0703100"
36466,"Os11g0664700"
36467,"Os01g0590200"
36468,"Os12g0168800"
36469,"Os01g0915400"
36470,"Os08g0345700"
36471,"Os07g0619600"
36472,"Os10g0557800"
36473,"Os10g0518800"
36474,"POsControl0014"
36475,"Os01g0600300"
36476,"Os01g0847800"
36477,"Os08g0520500"
36478,"Os06g0717800"
36479,"Os04g0674800"
36480,"Os06g0688100"
36481,"Os06g0707800"
36482,"Os01g0330300"
36483,"osa-miR530"
36484,"Os08g0520600"
36485,"Os11g0171500"
36486,"Os03g0114900"
36487,"Os01g0532800"
36488,"Os09g0304400"
36489,"Os04g0670200"
36490,"Os01g0501800"
36491,"Os05g0508500"
36492,"Os08g0267900"
36493,"Os12g0468600"
36494,"Os02g0329600"
36495,"Os02g0152200"
36496,"Os03g0271100"
36497,"Os02g0637000"
36498,"Os05g0156600"
36499,"Os09g0532900"
36500,"Os01g0878800"
36501,"Os05g0217800"
36502,"Os05g0329100"
36503,"Os07g0222800"
36504,"Os02g0227200"
36505,"Os08g0255400"
36506,"Os03g0206100"
36507,"Os10g0124700"
36508,"Os11g0182200"
36509,"Os02g0742500"
36510,"Os02g0572900"
36511,"Os07g0439700"
36512,"Os07g0170500"
36513,"Os01g0206700"
36514,"Os02g0760700"
36515,"Os03g0334200"
36516,"Os08g0401500"
36517,"Os03g0289100"
36518,"Os06g0538200"
36519,"Os06g0194900"
36520,"Os03g0790900"
36521,"Os09g0243600"
36522,"Os07g0545400"
36523,"osa-miR395r"
36524,"Os10g0561200"
36525,"Os11g0605300"
36526,"Os09g0352000"
36527,"Os10g0164600"
36528,"Os03g0133100"
36529,"Os05g0176000"
36530,"Os07g0592000"
36531,"Os02g0259900"
36532,"Os03g0659800"
36533,"Os02g0465500"
36534,"Os03g0326100"
36535,"Os12g0630600"
36536,"Os10g0162200"
36537,"Os03g0796100"
36538,"Os08g0213400"
36539,"Os02g0597800"
36540,"Os12g0624200"
36541,"Os02g0236100"
36542,"Os02g0241100"
36543,"Os04g0504800"
36544,"Os02g0799600"
36545,"Os10g0531700"
36546,"osa-miR167b"
36547,"Os11g0606000"
36548,"Os03g0381200"
36549,"Os05g0376900"
36550,"Os01g0913800"
36551,"36551"
36552,"Os11g0234500"
36553,"Os08g0142900"
36554,"Os03g0654100"
36555,"Os11g0234300"
36556,"Os01g0267900"
36557,"Os10g0135200"
36558,"Os05g0376600"
36559,"Os06g0660800"
36560,"Os02g0668100"
36561,"Os08g0431100"
36562,"Os02g0537500"
36563,"Os11g0205500"
36564,"Os02g0726700"
36565,"Os05g0350700"
36566,"Os03g0575200"
36567,"Os11g0204600"
36568,"Os01g0719100"
36569,"Os03g0262500"
36570,"Os03g0568800"
36571,"Os02g0816200"
36572,"Os04g0659900"
36573,"Os02g0626400"
36574,"Os03g0640800"
36575,"Os02g0176700"
36576,"Os03g0638900"
36577,"Os09g0476100"
36578,"osa-miR445a"
36579,"Os06g0265000"
36580,"Os10g0400200"
36581,"Os05g0567100"
36582,"Os06g0728000"
36583,"Os03g0403100"
36584,"Os06g0712400"
36585,"Os03g0826200"
36586,"Os08g0305300"
36587,"Os04g0453500"
36588,"Os04g0667300"
36589,"Os12g0165000"
36590,"Os11g0423300"
36591,"Os05g0472700"
36592,"Os04g0310500"
36593,"Os06g0527800"
36594,"Os08g0231600"
36595,"Os07g0600000"
36596,"Os05g0585500"
36597,"Os02g0112900"
36598,"Os01g0184500"
36599,"Os01g0141700"
36600,"Os04g0626300"
36601,"Os06g0568800"
36602,"Os05g0578900"
36603,"Os08g0442300"
36604,"Os01g0213000"
36605,"Os05g0469800"
36606,"Os06g0688100"
36607,"Os04g0418000"
36608,"Os11g0114000"
36609,"Os01g0498300"
36610,"Os03g0285800"
36611,"Os09g0107900"
36612,"36612"
36613,"Os03g0568500"
36614,"Os09g0460100"
36615,"Os01g0271500"
36616,"Os12g0631200"
36617,"Os11g0602200"
36618,"Os07g0152700"
36619,"Os06g0226100"
36620,"Os08g0241500"
36621,"Os01g0725100"
36622,"Os05g0295100"
36623,"Os02g0143400"
36624,"36624"
36625,"Os10g0389100"
36626,"Os02g0216500"
36627,"Os10g0544500"
36628,"Os10g0518100"
36629,"Os03g0103400"
36630,"Os02g0177900"
36631,"Os09g0446200"
36632,"Os01g0846800"
36633,"Os09g0357500"
36634,"Os04g0659100"
36635,"Os02g0625100"
36636,"Os01g0269900"
36637,"Os06g0216000"
36638,"osa-miR156b"
36639,"Os08g0343000"
36640,"Os03g0646100"
36641,"Os07g0571700"
36642,"Os03g0839100"
36643,"Os04g0403600"
36644,"Os02g0106700"
36645,"Os02g0232500"
36646,"Os04g0555500"
36647,"Os09g0286600"
36648,"Os02g0433600"
36649,"Os01g0785700"
36650,"Os01g0823500"
36651,"Os01g0229200"
36652,"36652"
36653,"Os09g0532400"
36654,"Os09g0440700"
36655,"36655"
36656,"Os06g0144900"
36657,"Os02g0120000"
36658,"Os01g0887200"
36659,"Os11g0175500"
36660,"Os02g0220800"
36661,"Os11g0208900"
36662,"Os05g0464100"
36663,"osa-miR156b"
36664,"Os01g0339900"
36665,"Os09g0299200"
36666,"Os01g0360000"
36667,"Os05g0204900"
36668,"Os07g0126100"
36669,"Os07g0516500"
36670,"Os02g0327000"
36671,"osa-miR159c"
36672,"36672"
36673,"Os03g0710800"
36674,"Os04g0578600"
36675,"Os03g0351100"
36676,"Os03g0347200"
36677,"Os01g0673600"
36678,"Os06g0151700"
36679,"Os10g0167300"
36680,"Os01g0286100"
36681,"Os01g0636600"
36682,"Os01g0155600"
36684,"Os03g0213400"
36685,"Os07g0184100"
36686,"Os10g0180800"
36687,"Os01g0329300"
36688,"Os01g0605200"
36689,"Os10g0527200"
36690,"Os08g0210500"
36691,"Os10g0413700"
36692,"Os04g0436900"
36693,"Os07g0577600"
36694,"Os07g0498400"
36695,"Os02g0640500"
36696,"Os03g0363400"
36697,"Os03g0823200"
36698,"Os04g0590100"
36699,"Os01g0526100"
36700,"Os03g0255000"
36701,"36701"
36702,"Os02g0704000"
36703,"Os07g0664300"
36704,"Os06g0559500"
36705,"Os09g0453800"
36706,"Os08g0288200"
36707,"Os01g0323500"
36708,"osa-miR169j"
36709,"Os02g0715300"
36710,"36710"
36711,"Os10g0340200"
36712,"Os02g0126400"
36713,"Os04g0439400"
36714,"Os08g0142500"
36715,"Os01g0764600"
36716,"Os02g0121700"
36717,"Os01g0605500"
36718,"Os10g0128600"
36719,"Os03g0269000"
36720,"Os01g0103600"
36721,"Os08g0539700"
36722,"Os04g0105300"
36723,"Os07g0411200"
36724,"Os10g0374700"
36725,"Os09g0530200"
36726,"Os07g0174600"
36727,"osa-miR531"
36728,"Os10g0400500"
36729,"Os04g0326200"
36730,"Os03g0332700"
36731,"Os04g0513700"
36732,"Os12g0168700"
36733,"Os02g0173400"
36734,"osa-miR166k"
36735,"Os03g0254200"
36736,"Os03g0367000"
36737,"Os11g0122900"
36738,"Os02g0557500"
36739,"Os04g0431800"
36740,"Os07g0562700"
36741,"Os02g0618200"
36742,"Os10g0534900"
36743,"Os04g0562800"
36744,"Os03g0563600"
36745,"Os09g0567300"
36746,"Os01g0708300"
36747,"Os07g0495900"
36748,"Os01g0311700"
36749,"Os06g0617800"
36750,"Os07g0232800"
36751,"36751"
36752,"Os01g0663800"
36753,"Os01g0118600"
36754,"Os06g0322400"
36755,"Os05g0112000"
36756,"Os04g0400600"
36757,"Os05g0493400"
36758,"Os01g0276800"
36759,"Os04g0348100"
36760,"Os07g0264800"
36761,"Os07g0614000"
36762,"36762"
36763,"Os04g0644000"
36764,"Os01g0591300"
36765,"Os03g0385900"
36766,"Os12g0567300"
36767,"Os08g0207600"
36768,"Os05g0245700"
36769,"Os07g0572100"
36770,"Os03g0856200"
36771,"Os03g0238600"
36772,"Os10g0525000"
36773,"Os05g0343400"
36774,"36774"
36775,"Os03g0597800"
36776,"Os05g0412400"
36777,"Os03g0650800"
36778,"Os01g0546000"
36779,"Os02g0593400"
36780,"osa-miR439g"
36781,"Os08g0371200"
36782,"Os06g0495800"
36783,"Os06g0216200"
36784,"Os01g0627500"
36785,"Os03g0201600"
36786,"Os07g0584100"
36787,"Os04g0271700"
36788,"Os02g0529400"
36789,"Os06g0657500"
36790,"Os09g0551800"
36791,"Os04g0577200"
36792,"Os11g0136000"
36793,"Os05g0232700"
36794,"Os03g0128500"
36795,"Os03g0836000"
36796,"Os09g0246500"
36797,"Os03g0587200"
36798,"Os06g0213900"
36799,"Os11g0147500"
36800,"Os09g0405400"
36801,"osa-miR395o"
36802,"Os01g0698300"
36803,"Os06g0568200"
36804,"Os01g0238400"
36805,"Os10g0527400"
36806,"Os10g0174800"
36807,"Os03g0706500"
36808,"Os07g0577400"
36809,"Os10g0564300"
36810,"Os04g0399800"
36811,"Os10g0506200"
36812,"Os09g0530200"
36813,"Os01g0773000"
36814,"Os10g0158700"
36815,"Os11g0702100"
36816,"Os03g0680800"
36817,"Os07g0456400"
36818,"Os09g0521700"
36819,"Os02g0133800"
36820,"Os05g0217800"
36821,"Os12g0148400"
36822,"Os05g0113500"
36823,"Os07g0645300"
36824,"Os09g0109800"
36825,"Os06g0473800"
36826,"Os02g0226600"
36827,"Os09g0447000"
36828,"Os10g0346200"
36829,"Os02g0633100"
36830,"Os01g0750000"
36831,"36831"
36832,"Os03g0712700"
36833,"Os04g0507800"
36834,"Os06g0229900"
36835,"Os03g0679300"
36836,"Os02g0801600"
36837,"Os01g0870300"
36838,"Os09g0128600"
36839,"Os01g0577600"
36840,"Os01g0787000"
36841,"Os07g0150200"
36842,"Os04g0608500"
36843,"Os03g0131300"
36844,"Os05g0582400"
36845,"Os06g0542600"
36846,"Os09g0359800"
36847,"Os10g0421800"
36848,"Os01g0158000"
36849,"Os05g0506000"
36850,"Os05g0491000"
36851,"Os10g0580400"
36852,"Os05g0301700"
36853,"Os11g0602500"
36854,"Os06g0326000"
36855,"Os03g0761300"
36856,"Os01g0167700"
36857,"Os04g0518100"
36858,"Os01g0304100"
36859,"Os03g0310600"
36860,"Os01g0279000"
36861,"Os03g0372700"
36862,"Os01g0268300"
36863,"osa-miR166b"
36864,"Os12g0265100"
36865,"Os01g0928600"
36866,"Os02g0771400"
36867,"Os04g0412200"
36868,"Os01g0208600"
36869,"Os10g0568200"
36870,"Os01g0859500"
36871,"Os04g0266600"
36872,"Os01g0200100"
36873,"Os02g0797600"
36874,"Os07g0184800"
36875,"Os02g0233100"
36876,"Os02g0596000"
36877,"Os02g0158900"
36878,"Os01g0703000"
36879,"Os06g0708700"
36880,"Os04g0169100"
36881,"Os02g0308800"
36882,"POsControl0047"
36883,"Os08g0299900"
36884,"Os03g0685300"
36885,"Os04g0561600"
36886,"Os04g0677200"
36887,"Os12g0617900"
36888,"Os05g0213500"
36889,"Os07g0689800"
36890,"Os03g0183600"
36891,"Os04g0633800"
36892,"Os08g0494400"
36893,"Os03g0203800"
36894,"Os02g0672700"
36895,"Os05g0568900"
36896,"Os12g0133900"
36897,"Os12g0418600"
36898,"Os03g0322000"
36899,"Os03g0805300"
36900,"Os08g0407600"
36901,"Os01g0850700"
36902,"Os06g0699500"
36903,"Os06g0688800"
36904,"Os02g0604000"
36905,"Os05g0571400"
36906,"Os08g0485600"
36907,"Os02g0129800"
36908,"Os08g0475100"
36909,"Os01g0897800"
36910,"Os06g0669400"
36911,"Os06g0294600"
36912,"Os08g0490100"
36913,"Os11g0173600"
36914,"Os07g0691800"
36915,"Os03g0852000"
36916,"Os10g0549700"
36917,"Os04g0386900"
36918,"Os01g0221500"
36919,"Os07g0152000"
36920,"Os10g0563500"
36921,"Os01g0377500"
36922,"Os12g0104400"
36923,"Os11g0531900"
36924,"Os04g0341200"
36925,"Os01g0369200"
36926,"Os04g0620000"
36927,"Os03g0284100"
36928,"Os08g0203300"
36929,"Os09g0281900"
36930,"Os01g0738900"
36931,"Os11g0107700"
36932,"Os04g0623300"
36933,"Os01g0834500"
36934,"36934"
36935,"Os11g0673100"
36936,"Os03g0189600"
36937,"Os05g0594100"
36938,"Os12g0121600"
36939,"Os03g0751000"
36940,"Os07g0633200"
36941,"Os10g0513200"
36942,"Os08g0163400"
36943,"Os02g0655700"
36944,"Os03g0787300"
36945,"osa-miR319a"
36946,"osa-miR399c"
36947,"Os06g0598600"
36948,"Os08g0162600"
36949,"Os12g0571300"
36950,"Os12g0490100"
36951,"Os02g0760000"
36952,"36952"
36953,"Os07g0517100"
36954,"Os11g0150700"
36955,"Os06g0616400"
36956,"Os01g0131900"
36957,"Os01g0721900"
36958,"Os06g0537600"
36959,"osa-miR395t"
36960,"Os04g0632400"
36961,"Os02g0634600"
36962,"Os02g0249900"
36963,"Os01g0937100"
36964,"Os11g0153100"
36965,"Os06g0487900"
36966,"Os02g0310400"
36967,"Os10g0190000"
36968,"Os02g0179500"
36969,"Os01g0931000"
36970,"Os10g0419200"
36971,"Os06g0161300"
36972,"Os01g0661000"
36973,"Os10g0521100"
36974,"Os03g0238000"
36975,"Os08g0552500"
36976,"Os02g0326700"
36977,"Os04g0432400"
36978,"osa-miR166e"
36979,"Os03g0657000"
36980,"Os08g0331400"
36981,"Os10g0167600"
36982,"Os01g0153500"
36983,"Os08g0185300"
36984,"Os03g0678400"
36985,"Os03g0638300"
36986,"Os09g0129800"
36987,"osa-miR166b"
36988,"Os01g0807900"
36989,"Os05g0258400"
36990,"Os12g0235800"
36991,"Os07g0674400"
36992,"Os05g0157300"
36993,"Os03g0643900"
36994,"Os04g0613500"
36995,"Os02g0173900"
36996,"Os06g0114700"
36997,"Os08g0375200"
36998,"Os03g0679700"
36999,"Os03g0679100"
37000,"Os01g0654300"
37001,"Os10g0576900"
37002,"Os06g0196800"
37003,"Os01g0166800"
37004,"Os12g0416300"
37005,"Os01g0618900"
37006,"37006"
37007,"Os06g0111800"
37008,"Os04g0541900"
37009,"Os01g0319000"
37010,"Os06g0683900"
37011,"Os07g0516500"
37012,"Os04g0239600"
37013,"Os05g0566500"
37014,"Os01g0908400"
37015,"Os07g0674500"
37016,"Os01g0560000"
37017,"Os02g0120600"
37018,"Os11g0155100"
37019,"Os07g0154800"
37020,"Os11g0477400"
37021,"Os02g0636700"
37022,"Os04g0657500"
37023,"Os06g0574700"
37024,"Os06g0155500"
37025,"Os12g0263000"
37026,"Os01g0694600"
37027,"Os04g0675200"
37028,"Os02g0308800"
37029,"Os02g0267200"
37030,"Os02g0599100"
37031,"Os06g0596500"
37032,"Os05g0577700"
37033,"Os10g0126800"
37034,"Os10g0562100"
37035,"Os08g0359000"
37036,"Os07g0638800"
37037,"Os06g0663200"
37038,"Os07g0205000"
37039,"Os10g0203600"
37040,"Os02g0571300"
37041,"Os02g0189000"
37042,"Os12g0548700"
37043,"osa-miR439h"
37044,"Os03g0859900"
37045,"Os01g0533500"
37046,"Os06g0266500"
37047,"Os04g0599600"
37048,"Os03g0109900"
37049,"Os04g0464200"
37050,"Os04g0379700"
37051,"Os03g0387800"
37052,"Os11g0132600"
37053,"Os08g0523600"
37054,"Os06g0177700"
37055,"Os08g0182900"
37056,"Os07g0518500"
37057,"Os01g0574800"
37058,"Os11g0542800"
37059,"Os08g0542000"
37060,"Os01g0809900"
37061,"Os01g0195100"
37062,"Os07g0266700"
37063,"Os12g0198200"
37064,"Os03g0170900"
37065,"Os05g0317300"
37066,"Os06g0597200"
37067,"Os11g0689300"
37068,"Os12g0580300"
37069,"Os01g0196600"
37070,"Os09g0431200"
37071,"Os12g0539700"
37072,"Os11g0620500"
37073,"Os05g0126200"
37074,"Os06g0623200"
37075,"Os02g0186800"
37076,"PAtControl0003"
37077,"Os02g0505400"
37078,"Os03g0201100"
37079,"Os11g0697100"
37080,"Os04g0571700"
37081,"Os11g0170300"
37082,"Os05g0134300"
37083,"Os02g0178600"
37084,"Os10g0460800"
37085,"Os10g0340800"
37086,"Os01g0289900"
37087,"Os01g0958700"
37088,"Os03g0694500"
37089,"Os08g0108500"
37090,"Os01g0524500"
37091,"Os03g0142600"
37092,"Os03g0276700"
37093,"Os03g0162800"
37094,"Os06g0681600"
37095,"Os08g0411500"
37096,"Os07g0685600"
37097,"osa-miR395h"
37098,"Os06g0266100"
37099,"Os02g0266800"
37100,"Os11g0210500"
37101,"Os06g0232100"
37102,"Os03g0624900"
37103,"Os03g0820700"
37104,"Os02g0709000"
37105,"Os07g0644200"
37106,"Os05g0400700"
37107,"Os01g0169900"
37108,"Os10g0575700"
37109,"Os02g0148100"
37110,"Os09g0475400"
37111,"Os02g0525900"
37112,"Os04g0615000"
37113,"Os01g0199900"
37114,"Os05g0576700"
37115,"Os01g0835600"
37116,"Os10g0205500"
37117,"Os04g0534400"
37118,"Os04g0105400"
37119,"Os07g0549600"
37120,"Os04g0595300"
37121,"Os07g0604000"
37122,"Os03g0645200"
37123,"Os01g0764900"
37124,"Os09g0497700"
37125,"Os04g0540900"
37126,"Os06g0210200"
37127,"Os02g0575900"
37128,"Os02g0225500"
37129,"Os01g0184800"
37130,"Os12g0159600"
37131,"Os01g0628700"
37132,"Os08g0162300"
37133,"Os07g0687000"
37134,"Os05g0369300"
37135,"Os07g0267200"
37136,"Os03g0316900"
37137,"Os04g0616600"
37138,"Os03g0843100"
37139,"Os11g0459600"
37140,"Os06g0152100"
37141,"Os01g0913100"
37142,"Os07g0495300"
37143,"Os08g0365900"
37144,"Os10g0141600"
37145,"Os01g0266600"
37146,"Os09g0447500"
37147,"Os03g0661600"
37148,"Os03g0151800"
37149,"Os01g0945300"
37150,"Os10g0466200"
37151,"Os06g0490200"
37152,"Os06g0128500"
37153,"Os07g0503500"
37154,"osa-miR440"
37155,"Os04g0589600"
37156,"Os11g0157200"
37157,"Os04g0678700"
37158,"POsControl0038"
37159,"Os03g0655700"
37160,"Os07g0164900"
37161,"Os02g0629800"
37162,"Os12g0169100"
37163,"Os04g0391900"
37164,"Os04g0570500"
37165,"Os01g0933200"
37166,"Os01g0847100"
37167,"Os10g0158100"
37168,"Os08g0450800"
37169,"Os07g0152900"
37170,"Os02g0220600"
37171,"Os03g0189600"
37172,"Os06g0169900"
37173,"Os09g0513000"
37174,"Os02g0104800"
37175,"osa-miR168a"
37176,"Os12g0406000"
37177,"Os06g0609900"
37178,"Os01g0243400"
37179,"Os02g0759800"
37180,"Os01g0377700"
37181,"Os12g0595300"
37182,"Os07g0647500"
37183,"Os01g0749000"
37184,"POsControl0024"
37185,"Os06g0154600"
37186,"Os06g0112200"
37187,"Os01g0357200"
37188,"Os03g0767500"
37189,"POsControl0029"
37190,"Os01g0750100"
37191,"Os09g0409100"
37192,"Os12g0562000"
37193,"Os03g0122600"
37194,"Os03g0738200"
37195,"Os10g0153900"
37196,"Os07g0663100"
37197,"Os03g0844600"
37198,"Os03g0308800"
37199,"Os11g0207200"
37200,"Os11g0302500"
37201,"Os11g0251100"
37202,"Os03g0721900"
37203,"Os10g0548600"
37204,"Os03g0369800"
37205,"Os09g0568900"
37206,"Os11g0669100"
37207,"Os09g0516300"
37208,"Os01g0773700"
37209,"Os01g0931100"
37210,"Os04g0632600"
37211,"Os03g0268400"
37212,"osa-miR399k"
37213,"Os06g0341400"
37214,"Os11g0152600"
37215,"Os11g0175500"
37216,"Os08g0503200"
37217,"osa-miR535"
37218,"Os03g0687200"
37219,"Os04g0498600"
37220,"Os01g0144900"
37221,"Os02g0610600"
37222,"Os11g0209600"
37223,"Os07g0188200"
37224,"Os03g0250900"
37225,"Os04g0500600"
37226,"Os06g0136100"
37227,"Os04g0204000"
37228,"Os02g0527500"
37229,"Os01g0557400"
37230,"Os12g0287800"
37231,"Os11g0648000"
37232,"Os06g0178700"
37233,"Os08g0164000"
37234,"osa-miR162a"
37235,"Os03g0119700"
37236,"Os05g0113500"
37237,"Os12g0580300"
37238,"Os07g0645800"
37239,"Os04g0305700"
37240,"Os11g0521000"
37241,"Os07g0165100"
37242,"Os09g0528200"
37243,"Os04g0568600"
37244,"Os12g0405700"
37245,"Os04g0286500"
37246,"Os08g0222100"
37247,"Os11g0527300"
37248,"Os06g0722700"
37249,"Os01g0845000"
37250,"Os01g0937300"
37251,"Os12g0612100"
37252,"Os03g0417900"
37253,"Os06g0186500"
37254,"Os01g0896500"
37255,"Os05g0131200"
37256,"Os07g0687500"
37257,"Os03g0749300"
37258,"Os12g0565300"
37259,"Os01g0276700"
37260,"Os07g0663300"
37261,"Os02g0566300"
37262,"Os01g0176300"
37263,"Os12g0593000"
37264,"Os02g0767300"
37265,"Os05g0310800"
37266,"Os03g0620400"
37267,"Os01g0593600"
37268,"Os03g0729600"
37269,"Os07g0190700"
37270,"Os10g0349900"
37271,"Os10g0530800"
37272,"Os01g0891100"
37273,"Os01g0684200"
37274,"Os05g0333200"
37275,"Os04g0557800"
37276,"Os04g0625100"
37277,"Os10g0456800"
37278,"osa-miR167b"
37279,"Os02g0194100"
37280,"Os06g0307900"
37281,"Os02g0510200"
37282,"Os03g0811800"
37283,"Os01g0104200"
37284,"Os12g0438000"
37285,"Os03g0708500"
37286,"Os01g0920500"
37287,"Os07g0450000"
37288,"osa-miR171h"
37289,"Os01g0812200"
37290,"Os05g0506400"
37291,"Os06g0726200"
37292,"Os02g0572200"
37293,"Os03g0282900"
37294,"osa-miR399i"
37295,"Os05g0574700"
37296,"Os02g0517700"
37297,"Os12g0497800"
37298,"Os02g0161200"
37299,"Os04g0629300"
37300,"Os05g0542700"
37301,"Os04g0599900"
37302,"Os02g0208900"
37303,"Os03g0430500"
37304,"Os08g0374800"
37305,"Os08g0258500"
37306,"Os01g0708900"
37307,"Os08g0305000"
37308,"Os10g0382300"
37309,"Os05g0215000"
37310,"Os01g0100700"
37311,"Os05g0199800"
37312,"Os06g0137700"
37313,"Os09g0493700"
37314,"Os08g0130500"
37315,"Os03g0786100"
37316,"Os10g0567400"
37317,"Os07g0506300"
37318,"Os05g0331800"
37319,"Os01g0618900"
37320,"Os11g0109200"
37321,"Os03g0151000"
37322,"Os02g0507100"
37323,"Os10g0558700"
37324,"Os07g0675200"
37325,"Os07g0594400"
37326,"Os05g0169200"
37327,"Os02g0763000"
37328,"Os01g0966200"
37329,"Os01g0800400"
37330,"Os05g0100800"
37331,"Os03g0348800"
37332,"37332"
37333,"Os11g0226100"
37334,"Os10g0532000"
37335,"Os02g0168500"
37336,"37336"
37337,"Os11g0109700"
37338,"Os03g0782200"
37339,"Os07g0685000"
37340,"Os08g0162100"
37341,"Os07g0562800"
37342,"Os01g0769200"
37343,"Os01g0871200"
37344,"Os01g0295300"
37345,"Os10g0343000"
37346,"Os02g0601800"
37347,"Os01g0805900"
37348,"Os03g0844900"
37349,"Os01g0283500"
37350,"Os03g0626900"
37351,"Os02g0580600"
37352,"Os08g0421700"
37353,"Os02g0133000"
37354,"Os05g0152400"
37355,"Os02g0298600"
37356,"Os04g0644400"
37357,"Os05g0542500"
37358,"Os10g0412700"
37359,"Os01g0943800"
37360,"Os08g0553800"
37361,"Os03g0284800"
37362,"Os07g0479300"
37363,"Os09g0471200"
37364,"Os12g0272800"
37365,"Os08g0534200"
37366,"Os03g0235400"
37367,"Os11g0290600"
37368,"Os01g0817800"
37369,"Os02g0816200"
37370,"Os04g0472500"
37371,"Os11g0641800"
37372,"Os05g0237400"
37373,"Os03g0801600"
37374,"Os10g0571200"
37375,"Os05g0473400"
37376,"Os04g0529500"
37377,"Os01g0962700"
37378,"Os12g0568900"
37379,"Os01g0936500"
37380,"Os08g0440900"
37381,"Os01g0867400"
37382,"Os03g0651000"
37383,"Os06g0696900"
37384,"Os07g0165700"
37385,"Os05g0511000"
37386,"Os05g0462500"
37387,"Os05g0384400"
37388,"Os01g0105500"
37389,"Os03g0216300"
37390,"Os06g0147100"
37391,"Os02g0784000"
37392,"Os03g0137400"
37393,"Os09g0525500"
37394,"PAtControl0003"
37395,"Os06g0523800"
37396,"Os08g0486800"
37397,"Os04g0525100"
37398,"Os07g0661600"
37399,"Os05g0320700"
37400,"Os11g0673900"
37401,"Os10g0430800"
37402,"37402"
37403,"Os04g0503700"
37404,"Os06g0528800"
37405,"Os06g0725900"
37406,"Os07g0674100"
37407,"Os01g0775300"
37408,"Os03g0300200"
37409,"Os01g0827300"
37410,"Os06g0504100"
37411,"Os03g0324300"
37412,"Os06g0601500"
37413,"Os06g0134900"
37414,"Os03g0314500"
37415,"Os07g0598100"
37416,"Os02g0577500"
37417,"Os01g0133900"
37418,"Os09g0420800"
37419,"Os03g0616800"
37420,"Os11g0481600"
37421,"Os07g0618400"
37422,"Os01g0721000"
37423,"Os04g0624800"
37424,"Os12g0613600"
37425,"37425"
37426,"Os02g0801100"
37427,"Os12g0255200"
37428,"Os07g0193800"
37429,"osa-miR156i"
37430,"Os04g0514400"
37431,"Os05g0208000"
37432,"Os02g0136800"
37433,"Os12g0503300"
37434,"Os07g0177100"
37435,"Os05g0176100"
37436,"Os11g0593000"
37437,"Os03g0212700"
37438,"Os11g0255300"
37439,"Os11g0615700"
37440,"osa-miR531"
37441,"Os01g0656200"
37442,"Os06g0280500"
37443,"Os03g0575200"
37444,"Os07g0689600"
37445,"Os12g0270900"
37446,"Os09g0511600"
37447,"Os06g0564500"
37448,"Os09g0116400"
37449,"Os09g0246200"
37450,"Os02g0810400"
37451,"Os11g0275200"
37452,"Os04g0623800"
37453,"Os07g0118000"
37454,"Os10g0347000"
37455,"Os05g0406100"
37456,"Os02g0533300"
37457,"Os07g0274800"
37458,"Os05g0521300"
37459,"Os06g0260500"
37460,"Os04g0131900"
37461,"Os06g0302300"
37462,"Os06g0711000"
37463,"Os03g0129100"
37464,"Os02g0279800"
37465,"Os11g0184100"
37466,"Os01g0691600"
37467,"Os09g0532600"
37468,"Os03g0669000"
37469,"Os10g0323000"
37470,"Os01g0765000"
37471,"Os12g0448400"
37472,"Os03g0718100"
37473,"Os12g0150000"
37474,"Os10g0578700"
37475,"Os03g0666500"
37476,"Os09g0401300"
37477,"Os03g0798000"
37478,"Os03g0824100"
37479,"Os05g0161700"
37480,"Os01g0165000"
37481,"Os01g0332800"
37482,"Os11g0686400"
37483,"Os04g0491200"
37484,"Os03g0655400"
37485,"Os07g0525100"
37486,"Os07g0640700"
37487,"Os01g0916200"
37488,"osa-miR169a"
37489,"Os02g0665000"
37490,"Os08g0462700"
37491,"Os11g0204500"
37492,"Os03g0691700"
37493,"Os05g0145900"
37494,"Os11g0206400"
37495,"Os12g0571900"
37496,"Os04g0501600"
37497,"Os03g0108600"
37498,"Os09g0128400"
37499,"Os11g0117700"
37500,"Os12g0245100"
37501,"Os11g0112000"
37502,"Os03g0395700"
37503,"Os06g0256200"
37504,"Os09g0418000"
37505,"Os11g0129200"
37506,"Os04g0117100"
37507,"Os08g0175300"
37508,"Os09g0571400"
37509,"Os07g0227800"
37510,"Os01g0162900"
37511,"Os01g0701700"
37512,"Os01g0593000"
37513,"Os02g0119800"
37514,"Os02g0599800"
37515,"Os02g0758000"
37516,"Os08g0455800"
37517,"osa-miR162a"
37518,"Os08g0507400"
37519,"Os12g0583400"
37520,"Os03g0262700"
37521,"Os09g0399500"
37522,"Os08g0478000"
37523,"Os08g0492000"
37524,"Os12g0639100"
37525,"Os03g0747400"
37526,"Os09g0439000"
37527,"Os09g0133800"
37528,"Os11g0539000"
37529,"Os02g0761400"
37530,"Os01g0807900"
37531,"Os06g0164000"
37532,"Os01g0931400"
37533,"Os07g0563800"
37534,"Os11g0526200"
37535,"Os01g0256500"
37536,"Os09g0508000"
37537,"Os06g0216300"
37538,"Os03g0740600"
37539,"Os05g0145400"
37540,"Os07g0535100"
37541,"Os10g0561800"
37542,"Os01g0311500"
37543,"Os08g0541300"
37544,"Os03g0845800"
37545,"Os11g0572100"
37546,"Os01g0612100"
37547,"Os06g0329200"
37548,"Os07g0643000"
37549,"Os02g0138900"
37550,"Os08g0335000"
37551,"Os07g0677300"
37552,"POsControl0034"
37553,"Os05g0440100"
37554,"Os03g0151900"
37555,"Os01g0280000"
37556,"Os11g0261900"
37557,"Os08g0478200"
37558,"Os06g0582400"
37559,"Os08g0139100"
37560,"osa-miR395q"
37561,"Os02g0753300"
37562,"Os12g0163200"
37563,"Os02g0796300"
37564,"Os01g0922000"
37565,"Os09g0441900"
37566,"Os03g0786400"
37567,"Os03g0117900"
37568,"Os07g0435100"
37569,"Os04g0590200"
37570,"Os04g0432600"
37571,"Os06g0650800"
37572,"Os11g0508300"
37573,"Os11g0225000"
37574,"Os08g0447900"
37576,"Os03g0737400"
37577,"Os04g0394100"
37578,"Os02g0135200"
37579,"POsControl0041"
37580,"Os05g0570900"
37581,"Os11g0689100"
37582,"Os01g0645200"
37583,"Os04g0623400"
37584,"Os06g0530400"
37585,"Os12g0222300"
37586,"Os05g0422900"
37587,"Os04g0151800"
37588,"Os10g0339600"
37589,"Os01g0660900"
37590,"Os11g0590400"
37591,"Os08g0127200"
37592,"Os11g0210500"
37593,"Os02g0116700"
37594,"Os03g0216300"
37595,"Os03g0640000"
37596,"Os10g0445700"
37597,"Os03g0161800"
37598,"osa-miR166d"
37599,"Os02g0774200"
37600,"Os03g0721300"
37601,"Os01g0582600"
37602,"Os01g0687300"
37603,"Os03g0815800"
37604,"Os03g0128800"
37605,"Os03g0348900"
37606,"Os01g0500400"
37607,"Os01g0766300"
37608,"Os02g0621700"
37609,"Os01g0843700"
37610,"Os01g0698100"
37611,"37611"
37612,"Os12g0183300"
37613,"Os01g0605700"
37614,"Os01g0797600"
37615,"Os01g0678700"
37616,"Os03g0283600"
37617,"Os04g0459800"
37618,"Os04g0545000"
37619,"Os04g0470600"
37620,"Os04g0462700"
37621,"Os09g0451100"
37622,"Os07g0637800"
37623,"Os01g0905800"
37624,"Os12g0620400"
37625,"Os04g0629000"
37626,"Os04g0654500"
37627,"Os11g0116000"
37628,"Os05g0130300"
37629,"Os06g0608600"
37630,"Os04g0486400"
37631,"Os03g0294800"
37632,"Os10g0557900"
37633,"Os03g0454100"
37634,"Os05g0106600"
37635,"Os03g0747100"
37636,"Os03g0712900"
37637,"Os08g0533600"
37638,"Os08g0271400"
37639,"Os01g0183500"
37640,"Os03g0307500"
37641,"Os01g0716200"
37642,"Os07g0115700"
37643,"osa-miR395n"
37644,"Os03g0811200"
37645,"Os02g0716500"
37646,"Os09g0472200"
37647,"Os11g0547000"
37648,"Os03g0172100"
37649,"Os09g0451800"
37650,"Os02g0475300"
37651,"Os02g0705000"
37652,"Os02g0510600"
37653,"Os02g0774200"
37654,"Os03g0212800"
37655,"Os09g0560300"
37656,"Os01g0583300"
37657,"Os01g0958900"
37658,"Os08g0109900"
37659,"Os04g0635600"
37660,"Os02g0505400"
37661,"Os01g0372500"
37662,"Os01g0342800"
37663,"Os01g0522100"
37664,"Os10g0443300"
37665,"Os03g0191100"
37666,"Os04g0320700"
37667,"Os01g0230200"
37668,"Os03g0758300"
37669,"Os10g0198900"
37670,"Os04g0687900"
37671,"Os01g0816100"
37672,"Os01g0886300"
37673,"Os08g0386800"
37674,"Os06g0332900"
37675,"Os04g0646100"
37676,"Os08g0480100"
37677,"Os01g0879400"
37678,"Os05g0373700"
37679,"Os08g0416400"
37680,"Os04g0440100"
37681,"Os10g0188100"
37682,"Os07g0201500"
37683,"Os12g0152200"
37684,"Os06g0318200"
37685,"Os09g0461900"
37686,"Os12g0615100"
37687,"Os08g0369700"
37688,"Os08g0295300"
37689,"Os05g0592300"
37690,"Os06g0348800"
37691,"Os03g0347800"
37692,"Os05g0587000"
37693,"Os09g0252000"
37694,"Os03g0297000"
37695,"Os08g0524000"
37696,"Os02g0166200"
37697,"Os01g0621400"
37698,"Os02g0816300"
37699,"Os12g0514300"
37700,"Os01g0959100"
37701,"37701"
37702,"Os02g0249800"
37703,"Os01g0764900"
37704,"POsControl0039"
37705,"Os05g0114400"
37706,"Os02g0750600"
37707,"Os02g0628900"
37708,"Os01g0830300"
37709,"Os02g0721200"
37710,"Os03g0248300"
37711,"Os12g0571200"
37712,"Os03g0143600"
37713,"Os02g0648900"
37714,"Os03g0808500"
37715,"Os01g0634900"
37716,"Os03g0249700"
37717,"Os04g0521800"
37718,"Os05g0389500"
37719,"Os01g0869800"
37720,"Os06g0677300"
37721,"Os04g0376400"
37722,"Os06g0595800"
37723,"osa-miR441c"
37724,"Os02g0123200"
37725,"Os03g0861800"
37726,"Os03g0854500"
37727,"Os02g0573200"
37728,"osa-miR169d"
37729,"Os05g0508500"
37730,"Os07g0152900"
37731,"Os03g0572300"
37732,"Os07g0622100"
37733,"Os10g0520600"
37734,"Os03g0277100"
37735,"Os09g0573000"
37736,"Os03g0137600"
37737,"Os06g0194900"
37738,"Os07g0429200"
37739,"Os10g0500700"
37740,"Os05g0553700"
37741,"Os02g0147600"
37742,"Os03g0857000"
37743,"Os06g0217300"
37744,"Os04g0228400"
37745,"Os02g0133700"
37746,"Os06g0136000"
37747,"Os12g0638300"
37748,"Os05g0474700"
37749,"Os07g0546600"
37750,"Os09g0395600"
37751,"Os01g0103900"
37752,"Os01g0938100"
37753,"Os01g0834700"
37754,"Os04g0429000"
37755,"Os02g0678800"
37756,"Os03g0793700"
37757,"Os01g0890300"
37758,"37758"
37759,"Os01g0364500"
37760,"Os09g0572200"
37761,"Os03g0737000"
37762,"Os05g0182700"
37763,"Os01g0801700"
37764,"Os01g0823900"
37765,"Os02g0601100"
37766,"Os05g0102300"
37767,"Os05g0550600"
37768,"POsControl0024"
37769,"Os03g0818200"
37770,"Os04g0585600"
37771,"Os07g0573400"
37772,"Os03g0106100"
37773,"Os08g0545800"
37774,"POsControl0025"
37775,"Os06g0103600"
37776,"Os04g0614500"
37777,"Os01g0846500"
37778,"Os12g0596000"
37779,"Os01g0767100"
37780,"Os03g0342100"
37781,"POsControl0023"
37782,"Os09g0469300"
37783,"Os03g0128700"
37784,"Os04g0296700"
37785,"Os07g0136300"
37786,"Os09g0510000"
37787,"Os04g0549600"
37788,"Os11g0248200"
37789,"Os03g0440200"
37790,"Os09g0493400"
37791,"Os03g0385400"
37792,"Os05g0525600"
37793,"Os12g0233800"
37794,"Os03g0115100"
37795,"37795"
37796,"Os02g0140500"
37797,"Os01g0811100"
37798,"Os04g0671800"
37799,"Os03g0186100"
37800,"Os02g0657000"
37801,"Os06g0590700"
37802,"Os10g0419600"
37803,"Os01g0510100"
37804,"Os03g0680800"
37805,"Os03g0299800"
37806,"Os02g0137800"
37807,"Os06g0153200"
37808,"Os02g0824300"
37809,"Os06g0524700"
37810,"Os02g0503500"
37811,"Os11g0639100"
37812,"37812"
37813,"Os01g0727100"
37814,"Os02g0555600"
37815,"Os08g0160700"
37816,"Os11g0115400"
37817,"37817"
37818,"Os11g0645800"
37819,"Os12g0245000"
37820,"Os05g0395300"
37821,"Os08g0539400"
37822,"Os02g0753700"
37823,"Os01g0837300"
37824,"Os07g0599500"
37825,"Os04g0556300"
37826,"Os03g0758700"
37827,"Os08g0472800"
37828,"Os04g0112100"
37829,"Os05g0454400"
37830,"Os11g0703600"
37831,"Os01g0877500"
37832,"POsControl0024"
37833,"Os08g0478500"
37834,"osa-miR169b"
37835,"Os01g0117800"
37836,"Os07g0695100"
37837,"Os05g0481000"
37838,"Os04g0107700"
37839,"Os06g0130800"
37840,"Os01g0219300"
37841,"Os04g0444600"
37842,"Os10g0412100"
37843,"Os02g0701700"
37844,"Os04g0278900"
37845,"Os02g0511900"
37846,"Os10g0478100"
37847,"Os01g0917400"
37848,"Os02g0129300"
37849,"Os05g0495900"
37850,"Os07g0577400"
37851,"Os01g0635400"
37852,"Os01g0286000"
37853,"Os08g0139200"
37854,"Os03g0758900"
37855,"Os03g0758600"
37856,"Os07g0444800"
37857,"Os07g0208300"
37858,"Os03g0112400"
37859,"Os01g0716500"
37860,"Os07g0127100"
37861,"Os10g0427300"
37862,"Os10g0539500"
37863,"Os10g0570100"
37864,"Os02g0672700"
37865,"Os02g0533800"
37866,"Os04g0637400"
37867,"Os12g0506400"
37868,"Os02g0159900"
37869,"Os06g0663600"
37870,"Os05g0545500"
37871,"Os01g0347000"
37872,"Os01g0818000"
37873,"Os07g0633100"
37874,"Os11g0112600"
37875,"Os08g0178000"
37876,"Os08g0359100"
37877,"Os04g0337300"
37878,"Os07g0562800"
37879,"Os01g0683400"
37880,"Os01g0609000"
37881,"Os06g0296000"
37882,"Os08g0230200"
37883,"Os03g0753500"
37884,"Os12g0541500"
37885,"Os03g0355100"
37886,"Os02g0266300"
37887,"osa-miR167e"
37888,"Os10g0471400"
37889,"POsControl0046"
37890,"Os02g0142800"
37891,"Os06g0355500"
37892,"Os08g0492100"
37893,"Os06g0588500"
37894,"POsControl0032"
37895,"Os08g0543600"
37896,"Os11g0106200"
37897,"Os01g0375100"
37898,"POsControl0043"
37899,"Os04g0573900"
37900,"Os05g0233900"
37901,"Os11g0113100"
37902,"Os12g0265800"
37903,"Os10g0501700"
37904,"Os07g0577600"
37905,"Os06g0714800"
37906,"Os04g0466000"
37907,"Os04g0200700"
37908,"Os03g0650200"
37909,"Os08g0558900"
37910,"Os08g0432600"
37911,"Os08g0532400"
37912,"Os06g0265900"
37913,"Os01g0930500"
37914,"Os07g0641000"
37915,"Os03g0374600"
37916,"Os02g0744600"
37917,"POsControl0018"
37918,"osa-miR398a"
37919,"Os01g0610100"
37920,"Os10g0560000"
37921,"Os07g0438800"
37922,"Os05g0577500"
37923,"Os08g0559000"
37924,"Os11g0455500"
37925,"Os03g0689100"
37926,"Os01g0693900"
37927,"Os12g0277000"
37928,"Os06g0161400"
37929,"Os08g0427000"
37930,"Os04g0433200"
37931,"Os05g0530300"
37932,"osa-miR169l"
37933,"Os09g0478600"
37934,"Os10g0418300"
37935,"Os12g0136500"
37936,"Os07g0538200"
37937,"Os04g0396800"
37938,"osa-miR156c"
37939,"Os01g0937000"
37940,"Os03g0770100"
37941,"Os12g0110400"
37942,"Os11g0484200"
37943,"Os01g0332200"
37944,"Os04g0613300"
37945,"37945"
37946,"Os12g0204100"
37947,"Os06g0726300"
37948,"Os06g0300300"
37949,"Os04g0543500"
37950,"Os07g0562700"
37951,"Os01g0848900"
37952,"Os09g0525700"
37953,"Os02g0177300"
37954,"Os03g0198500"
37955,"Os08g0314800"
37956,"Os04g0288500"
37957,"Os09g0423600"
37958,"Os09g0460400"
37959,"Os10g0516100"
37960,"Os01g0565600"
37961,"osa-miR171a"
37962,"Os04g0476500"
37963,"Os04g0508000"
37964,"Os01g0750100"
37965,"Os09g0386400"
37966,"Os03g0281600"
37967,"osa-miR166k"
37968,"Os02g0129600"
37969,"Os04g0451200"
37970,"Os11g0450300"
37971,"Os04g0483600"
37972,"Os11g0252400"
37973,"Os10g0492200"
37974,"Os03g0804500"
37975,"Os03g0227400"
37976,"37976"
37977,"Os01g0920400"
37978,"Os01g0300200"
37979,"Os03g0158300"
37980,"Os09g0446800"
37981,"Os07g0143700"
37982,"Os12g0437800"
37983,"Os03g0164100"
37984,"Os07g0175500"
37985,"Os05g0156300"
37986,"Os10g0451900"
37987,"Os03g0693600"
37988,"Os09g0385700"
37989,"Os01g0563000"
37990,"Os07g0680600"
37991,"Os04g0500400"
37992,"Os03g0247600"
37993,"Os07g0616200"
37994,"Os06g0607600"
37995,"Os09g0506000"
37996,"Os07g0490600"
37997,"Os03g0238200"
37998,"Os11g0121300"
37999,"Os01g0263900"
38000,"Os02g0782300"
38001,"Os01g0218100"
38002,"Os11g0305400"
38003,"Os12g0170200"
38004,"38004"
38005,"Os04g0414900"
38006,"Os06g0681400"
38007,"Os02g0133600"
38008,"Os10g0169800"
38009,"Os07g0681400"
38010,"Os01g0209700"
38011,"Os01g0757700"
38012,"POsControl0021"
38013,"Os01g0514800"
38014,"Os03g0791700"
38015,"Os07g0276000"
38016,"Os02g0183500"
38017,"Os04g0644600"
38018,"Os03g0114800"
38019,"Os11g0157200"
38020,"Os06g0710500"
38021,"Os12g0197100"
38022,"Os05g0427800"
38023,"Os04g0308200"
38024,"Os07g0195400"
38025,"Os06g0165300"
38026,"Os09g0467300"
38027,"Os09g0318600"
38028,"Os02g0830100"
38029,"Os02g0761900"
38030,"Os10g0572300"
38031,"Os06g0603000"
38032,"Os01g0161200"
38033,"Os03g0180500"
38034,"Os01g0697700"
38035,"Os01g0151500"
38036,"Os12g0298600"
38037,"Os01g0161900"
38038,"Os05g0376300"
38039,"Os01g0636500"
38040,"osa-miR395l"
38041,"Os07g0435300"
38042,"Os01g0177400"
38043,"osa-miR395c"
38044,"Os02g0288100"
38045,"Os10g0551700"
38046,"Os01g0158900"
38047,"Os08g0184300"
38048,"Os01g0267200"
38049,"Os01g0952000"
38050,"Os07g0483500"
38051,"Os05g0302300"
38052,"Os06g0676000"
38053,"38053"
38054,"Os04g0468600"
38055,"Os09g0332100"
38056,"Os04g0463100"
38057,"Os04g0437600"
38058,"Os06g0726400"
38059,"Os02g0718900"
38060,"Os01g0593200"
38061,"Os10g0408700"
38062,"Os01g0906000"
38063,"Os05g0598500"
38064,"Os05g0101600"
38065,"Os04g0620600"
38066,"Os10g0391600"
38067,"Os09g0520000"
38068,"Os11g0134700"
38069,"Os01g0568100"
38070,"Os04g0561900"
38071,"Os02g0833400"
38072,"Os02g0752000"
38073,"Os04g0624500"
38074,"Os06g0264300"
38075,"Os01g0531500"
38076,"Os03g0272300"
38077,"Os05g0420800"
38078,"Os09g0495200"
38079,"Os08g0432000"
38080,"Os04g0498000"
38081,"Os02g0100700"
38082,"Os03g0211700"
38083,"Os04g0448300"
38084,"Os10g0572100"
38085,"Os08g0253800"
38086,"Os01g0836800"
38087,"Os08g0491000"
38088,"Os02g0821100"
38089,"Os01g0104000"
38090,"Os06g0139700"
38091,"Os01g0357100"
38092,"Os05g0301500"
38093,"Os01g0955000"
38094,"Os01g0887700"
38095,"Os03g0256200"
38096,"Os02g0131000"
38097,"Os11g0526800"
38098,"Os07g0475400"
38099,"Os11g0545300"
38100,"Os08g0163100"
38101,"Os02g0154000"
38102,"Os02g0613600"
38103,"Os08g0220100"
38104,"Os05g0557100"
38105,"Os04g0647800"
38106,"Os03g0341600"
38107,"Os08g0442700"
38108,"Os09g0541700"
38109,"Os04g0588700"
38110,"Os08g0486700"
38111,"Os03g0166300"
38112,"Os07g0673500"
38113,"Os05g0310500"
38114,"Os02g0719800"
38115,"Os03g0121700"
38116,"Os07g0661600"
38117,"Os04g0628100"
38118,"Os07g0577400"
38119,"Os07g0657600"
38120,"Os04g0564700"
38121,"Os09g0361700"
38122,"Os07g0417600"
38123,"Os03g0727200"
38124,"Os04g0652400"
38125,"Os01g0746700"
38126,"Os02g0644600"
38127,"Os01g0805100"
38128,"Os09g0382400"
38129,"Os08g0430300"
38130,"Os12g0511300"
38131,"Os01g0234300"
38132,"Os05g0417300"
38133,"Os04g0620400"
38134,"Os11g0275400"
38135,"Os01g0653200"
38136,"Os08g0496800"
38137,"Os01g0748900"
38138,"Os12g0502200"
38139,"Os08g0292000"
38140,"Os11g0533500"
38141,"Os02g0728900"
38142,"POsControl0010"
38143,"Os03g0774800"
38144,"Os03g0111800"
38145,"Os06g0531900"
38146,"Os02g0178200"
38147,"Os01g0780900"
38148,"Os09g0394700"
38149,"Os06g0130100"
38150,"Os01g0161600"
38151,"Os04g0627900"
38152,"Os01g0205100"
38153,"Os04g0611700"
38154,"Os03g0811100"
38155,"Os03g0592500"
38156,"Os07g0176600"
38157,"Os01g0150000"
38158,"Os02g0312800"
38159,"Os08g0460000"
38160,"Os01g0334800"
38161,"Os02g0649400"
38162,"Os01g0710400"
38163,"Os11g0557700"
38164,"Os01g0371500"
38165,"Os02g0822200"
38166,"Os07g0664000"
38167,"Os12g0297500"
38168,"Os01g0261500"
38169,"Os07g0660400"
38170,"Os03g0152800"
38171,"Os10g0460000"
38172,"Os09g0370500"
38173,"Os04g0453200"
38174,"Os11g0136800"
38175,"38175"
38176,"Os05g0138000"
38177,"Os04g0273100"
38178,"Os03g0311300"
38179,"Os06g0231400"
38180,"Os02g0147500"
38181,"Os12g0628600"
38182,"Os10g0180000"
38183,"Os03g0718100"
38184,"Os01g0326000"
38185,"Os03g0308900"
38186,"Os10g0388600"
38187,"Os04g0113000"
38188,"Os10g0423800"
38189,"Os04g0433000"
38190,"Os11g0215400"
38191,"Os11g0672800"
38192,"Os06g0304600"
38193,"Os03g0294200"
38194,"Os01g0620400"
38195,"Os06g0360600"
38196,"Os07g0300900"
38197,"Os03g0743600"
38198,"Os09g0525900"
38199,"Os10g0416800"
38200,"Os05g0155700"
38201,"Os08g0229000"
38202,"Os08g0485000"
38203,"Os02g0797600"
38204,"38204"
38205,"Os01g0276700"
38206,"Os12g0625000"
38207,"Os11g0573900"
38208,"Os08g0110000"
38209,"Os01g0959200"
38210,"Os01g0326000"
38211,"Os01g0784800"
38212,"Os05g0141100"
38213,"Os03g0118900"
38214,"Os01g0813000"
38215,"Os02g0146500"
38216,"Os10g0204500"
38217,"Os04g0434600"
38218,"Os03g0609400"
38219,"Os11g0645800"
38220,"Os03g0263800"
38221,"Os12g0637800"
38222,"Os01g0944700"
38223,"Os03g0745700"
38224,"Os01g0698300"
38225,"Os02g0804500"
38226,"Os05g0399300"
38227,"Os04g0661200"
38228,"Os07g0681100"
38229,"38229"
38230,"Os09g0472100"
38231,"Os04g0381400"
38232,"Os01g0619800"
38233,"Os11g0139100"
38234,"Os12g0133400"
38235,"Os06g0286400"
38236,"Os06g0114000"
38237,"POsControl0011"
38238,"Os11g0220300"
38239,"Os02g0165500"
38240,"Os01g0888300"
38241,"Os03g0389700"
38242,"Os08g0238200"
38243,"Os03g0263800"
38244,"Os01g0817700"
38245,"Os09g0269900"
38246,"Os01g0505400"
38247,"Os01g0844800"
38248,"Os03g0128800"
38249,"Os03g0794700"
38250,"Os01g0869400"
38251,"Os10g0511900"
38252,"Os03g0603700"
38253,"Os04g0683800"
38254,"Os01g0748900"
38255,"Os04g0349600"
38256,"osa-miR395v"
38257,"Os09g0258600"
38258,"Os01g0658400"
38259,"Os08g0120500"
38260,"Os03g0596900"
38261,"Os07g0583600"
38262,"Os04g0429600"
38263,"Os01g0688800"
38264,"Os04g0629000"
38265,"Os04g0454600"
38266,"Os01g0814100"
38267,"Os05g0211100"
38268,"Os11g0643700"
38269,"Os01g0253600"
38270,"Os10g0214400"
38271,"Os05g0427100"
38272,"Os01g0244400"
38273,"Os03g0383200"
38274,"Os12g0431100"
38275,"Os03g0123800"
38276,"Os02g0470600"
38277,"Os02g0224800"
38278,"Os12g0613500"
38279,"Os12g0566700"
38280,"Os03g0300600"
38281,"Os04g0668400"
38282,"Os12g0103000"
38283,"Os12g0573400"
38284,"Os05g0217800"
38285,"Os02g0137100"
38286,"Os01g0350100"
38287,"Os01g0563000"
38288,"Os07g0408100"
38289,"Os11g0139600"
38290,"Os02g0620600"
38291,"Os03g0673800"
38292,"38292"
38293,"Os02g0478700"
38294,"Os04g0504600"
38295,"Os02g0830100"
38296,"Os08g0331800"
38297,"Os01g0950300"
38298,"Os01g0673600"
38299,"Os01g0543300"
38300,"Os01g0923600"
38301,"Os01g0966900"
38302,"Os02g0211000"
38303,"Os11g0650700"
38304,"Os08g0333000"
38305,"osa-miR167i"
38306,"Os02g0221500"
38307,"Os04g0626400"
38308,"Os04g0577000"
38309,"Os05g0572700"
38310,"Os07g0412100"
38311,"Os08g0290000"
38312,"Os01g0367300"
38313,"Os03g0703000"
38314,"Os03g0305800"
38315,"Os02g0216500"
38316,"Os11g0629600"
38317,"Os02g0295700"
38318,"Os04g0444800"
38319,"Os03g0790900"
38320,"Os03g0251800"
38321,"Os03g0692400"
38322,"Os04g0399500"
38323,"Os10g0416100"
38324,"Os01g0557200"
38325,"Os01g0225700"
38326,"Os04g0617700"
38327,"Os11g0607000"
38328,"Os12g0633000"
38329,"Os02g0555700"
38330,"Os01g0908600"
38331,"Os09g0307300"
38332,"Os10g0567200"
38333,"Os08g0379400"
38334,"Os10g0195800"
38335,"Os12g0254700"
38336,"Os02g0834800"
38337,"Os05g0567100"
38338,"osa-miR164a"
38339,"Os07g0162700"
38340,"Os06g0216100"
38341,"Os07g0466200"
38342,"Os02g0629000"
38343,"Os04g0507100"
38344,"Os09g0354100"
38345,"Os01g0752600"
38346,"Os03g0817000"
38347,"Os03g0352300"
38348,"Os07g0499400"
38349,"Os03g0766100"
38350,"38350"
38351,"Os04g0165000"
38352,"Os03g0418700"
38353,"Os03g0801000"
38354,"Os01g0233400"
38355,"Os04g0301700"
38356,"Os08g0467100"
38357,"Os01g0619000"
38358,"38358"
38359,"Os09g0493000"
38360,"Os02g0727400"
38361,"Os01g0566000"
38362,"38362"
38363,"Os04g0223500"
38364,"POsControl0047"
38365,"Os09g0328800"
38366,"osa-miR156g"
38367,"Os09g0398300"
38368,"Os03g0772000"
38369,"Os05g0498500"
38370,"Os08g0514100"
38371,"Os07g0109100"
38372,"Os04g0599700"
38373,"Os04g0679400"
38374,"Os02g0738500"
38375,"Os09g0423500"
38376,"Os11g0684200"
38377,"Os03g0640200"
38378,"Os03g0270700"
38379,"Os07g0640100"
38380,"Os09g0268500"
38381,"Os08g0483800"
38382,"Os07g0642200"
38383,"Os03g0232200"
38384,"Os01g0858200"
38385,"Os04g0640500"
38386,"Os04g0620700"
38387,"Os12g0636200"
38388,"Os01g0716800"
38389,"Os04g0600500"
38390,"Os06g0560700"
38391,"Os06g0159900"
38392,"Os03g0839200"
38393,"Os01g0958100"
38394,"Os06g0210400"
38395,"Os05g0346300"
38396,"Os10g0400900"
38397,"Os07g0587400"
38398,"38398"
38399,"Os03g0854600"
38400,"Os08g0451400"
38401,"Os01g0674400"
38402,"Os01g0578600"
38403,"38403"
38404,"Os02g0184700"
38405,"Os12g0588800"
38406,"Os10g0463600"
38407,"osa-miR156b"
38408,"Os03g0414900"
38409,"Os06g0198700"
38410,"Os03g0796900"
38411,"Os07g0412100"
38412,"38412"
38413,"Os06g0216400"
38414,"Os12g0268000"
38415,"Os01g0864500"
38416,"osa-miR399i"
38417,"Os02g0811400"
38418,"Os07g0466200"
38419,"Os01g0878900"
38420,"Os01g0598600"
38421,"Os01g0729100"
38422,"Os01g0930400"
38423,"Os05g0518200"
38424,"Os07g0487900"
38425,"Os11g0167300"
38426,"Os02g0321900"
38427,"Os06g0244100"
38428,"Os12g0210400"
38429,"Os01g0225000"
38430,"Os01g0877900"
38431,"Os04g0636900"
38432,"Os09g0412300"
38433,"Os03g0727800"
38434,"Os01g0116200"
38435,"Os02g0601800"
38436,"Os07g0529700"
38437,"Os01g0159500"
38438,"38438"
38439,"Os02g0297600"
38440,"Os10g0442300"
38441,"Os12g0637200"
38442,"Os03g0786100"
38443,"Os05g0553800"
38444,"osa-miR166k"
38445,"Os03g0397700"
38446,"Os04g0636700"
38447,"Os08g0451000"
38448,"Os04g0685800"
38449,"Os01g0645400"
38450,"Os11g0512100"
38451,"Os09g0427300"
38452,"Os08g0496500"
38453,"Os11g0462800"
38454,"Os06g0137500"
38455,"Os11g0592600"
38456,"Os01g0969100"
38457,"Os12g0465100"
38458,"Os05g0496500"
38459,"Os09g0421600"
38460,"POsControl0012"
38461,"Os07g0273000"
38462,"Os01g0913400"
38463,"osa-miR395s"
38464,"Os07g0422000"
38465,"Os01g0819000"
38466,"Os08g0514300"
38467,"Os05g0580900"
38468,"Os04g0191400"
38469,"Os03g0694700"
38470,"Os03g0136900"
38471,"Os10g0131200"
38472,"Os03g0352400"
38473,"Os06g0713300"
38474,"Os01g0900400"
38475,"Os02g0169900"
38476,"Os01g0716300"
38477,"Os06g0539100"
38478,"Os04g0596900"
38479,"Os09g0466900"
38480,"Os06g0209100"
38481,"Os09g0433600"
38482,"Os05g0579200"
38483,"Os03g0120200"
38484,"38484"
38485,"Os04g0563700"
38486,"Os03g0751100"
38487,"Os12g0229700"
38488,"Os02g0709400"
38489,"Os10g0169200"
38490,"Os03g0779300"
38491,"Os01g0713800"
38492,"Os03g0190800"
38493,"Os07g0687300"
38494,"Os02g0588400"
38495,"Os08g0189700"
38496,"Os02g0287000"
38497,"Os10g0479900"
38498,"Os04g0198300"
38499,"osa-miR437"
38500,"Os01g0891300"
38501,"Os03g0285000"
38502,"Os11g0417400"
38503,"Os06g0178100"
38504,"Os02g0453600"
38505,"osa-miR399a"
38506,"Os01g0655800"
38507,"Os03g0146800"
38508,"Os04g0296700"
38509,"Os05g0474800"
38510,"Os06g0133000"
38511,"Os02g0668100"
38512,"Os07g0137500"
38513,"POsControl0015"
38514,"Os12g0574000"
38515,"Os09g0548200"
38516,"Os12g0241000"
38517,"Os05g0463900"
38518,"POsControl0022"
38519,"Os08g0205300"
38520,"Os08g0374000"
38521,"osa-miR169b"
38522,"Os01g0907300"
38523,"Os10g0110800"
38524,"Os04g0628600"
38525,"Os08g0345400"
38526,"Os01g0738400"
38527,"Os05g0365300"
38528,"Os01g0299100"
38529,"Os11g0111700"
38530,"Os11g0181000"
38531,"Os04g0485300"
38532,"Os12g0640900"
38533,"Os08g0310300"
38534,"Os02g0435000"
38535,"Os02g0556700"
38536,"Os01g0124400"
38537,"Os01g0662600"
38538,"Os05g0217800"
38539,"Os03g0836300"
38540,"Os01g0296100"
38541,"Os12g0562500"
38542,"Os01g0185200"
38543,"Os04g0485000"
38544,"Os04g0194600"
38545,"Os09g0363600"
38546,"Os06g0621500"
38547,"POsControl0016"
38548,"Os05g0587200"
38549,"Os02g0211100"
38550,"Os02g0302700"
38551,"Os03g0583900"
38552,"Os06g0247800"
38553,"Os08g0353700"
38554,"Os08g0463100"
38555,"Os10g0427600"
38556,"Os07g0586500"
38557,"Os08g0162400"
38558,"Os01g0173100"
38559,"Os06g0635600"
38560,"Os04g0270100"
38561,"Os01g0954400"
38562,"Os02g0684800"
38563,"Os03g0766800"
38564,"Os03g0619400"
38565,"Os08g0553500"
38566,"Os01g0539400"
38567,"Os01g0631500"
38568,"Os07g0671200"
38569,"Os04g0320200"
38570,"Os04g0109100"
38571,"Os06g0158700"
38572,"Os11g0241700"
38573,"Os03g0599800"
38574,"Os10g0518000"
38575,"Os06g0521500"
38576,"Os12g0583900"
38577,"Os03g0234200"
38578,"Os03g0728900"
38579,"Os02g0173300"
38580,"Os11g0109700"
38581,"Os12g0292900"
38582,"Os07g0205200"
38583,"POsControl0036"
38584,"Os02g0127800"
38585,"Os07g0444200"
38586,"Os12g0459300"
38587,"Os10g0502100"
38588,"Os01g0583200"
38589,"POsControl0025"
38590,"Os04g0567800"
38591,"Os08g0421100"
38592,"Os04g0449200"
38593,"Os07g0498300"
38594,"Os04g0412400"
38595,"Os06g0686600"
38596,"Os07g0596000"
38597,"Os03g0123200"
38598,"Os03g0377300"
38599,"Os03g0251000"
38600,"Os06g0209700"
38601,"Os01g0567200"
38602,"Os12g0508200"
38603,"Os08g0452100"
38604,"Os02g0273900"
38605,"Os09g0502500"
38606,"Os05g0565200"
38607,"Os08g0369400"
38608,"Os04g0668900"
38609,"Os01g0683500"
38610,"Os08g0140300"
38611,"Os09g0565100"
38612,"osa-miR395u"
38613,"Os07g0531600"
38614,"Os10g0375000"
38615,"Os03g0610900"
38616,"Os04g0101400"
38617,"Os08g0529200"
38618,"Os11g0296800"
38619,"Os05g0163700"
38620,"Os07g0616600"
38621,"Os11g0246300"
38622,"Os08g0463500"
38623,"Os05g0297800"
38624,"Os09g0557600"
38625,"Os01g0112500"
38626,"Os11g0175700"
38627,"Os10g0568100"
38628,"Os02g0202800"
38629,"Os05g0508500"
38630,"Os01g0720500"
38631,"Os02g0274700"
38632,"osa-miR395l"
38633,"Os06g0546100"
38634,"Os01g0975300"
38636,"Os04g0447800"
38637,"Os12g0209200"
38638,"Os10g0566400"
38639,"Os06g0115000"
38640,"Os06g0144200"
38641,"Os01g0772800"
38642,"Os09g0570000"
38643,"Os08g0473900"
38644,"Os03g0645100"
38645,"Os05g0119300"
38646,"Os03g0681400"
38647,"Os02g0655600"
38648,"Os09g0456800"
38649,"Os04g0619000"
38650,"Os11g0568600"
38651,"Os07g0564600"
38652,"Os11g0636900"
38653,"Os03g0687400"
38654,"Os04g0580300"
38655,"Os03g0356900"
38656,"Os12g0274700"
38657,"Os05g0566400"
38658,"Os08g0524800"
38659,"Os02g0709900"
38660,"Os08g0157600"
38661,"Os02g0785900"
38662,"Os10g0476400"
38663,"Os05g0198400"
38664,"Os11g0160100"
38665,"Os04g0679900"
38666,"Os04g0552400"
38667,"Os08g0321600"
38668,"Os08g0519300"
38669,"POsControl0041"
38670,"Os03g0226700"
38671,"Os03g0764800"
38672,"osa-miR399h"
38673,"Os03g0766000"
38674,"Os05g0196400"
38675,"Os12g0537900"
38676,"Os03g0290300"
38677,"Os05g0487600"
38678,"Os11g0565000"
38679,"Os06g0350200"
38680,"Os01g0815800"
38681,"Os03g0847700"
38682,"Os04g0452000"
38683,"Os04g0644600"
38684,"Os04g0498600"
38685,"Os06g0274000"
38686,"Os10g0357800"
38687,"Os04g0599100"
38688,"Os04g0523600"
38689,"Os02g0105900"
38690,"Os03g0739500"
38691,"Os08g0442700"
38692,"Os01g0821600"
38693,"Os04g0562000"
38694,"38694"
38695,"Os03g0402800"
38696,"Os11g0211400"
38697,"Os09g0101800"
38698,"Os11g0195700"
38699,"Os04g0424200"
38700,"Os06g0250600"
38701,"Os03g0227800"
38702,"POsControl0007"
38703,"Os10g0389500"
38704,"Os02g0100600"
38705,"Os02g0536400"
38706,"Os06g0182300"
38707,"Os06g0573700"
38708,"Os01g0185400"
38709,"Os05g0187000"
38710,"Os06g0526100"
38711,"Os05g0321600"
38712,"Os01g0114400"
38713,"Os03g0270200"
38714,"Os08g0503800"
38715,"Os05g0528900"
38716,"Os03g0846400"
38717,"Os04g0593700"
38718,"Os04g0632100"
38719,"Os01g0927300"
38720,"Os03g0736000"
38721,"Os04g0586000"
38722,"Os01g0737500"
38723,"Os05g0414800"
38724,"Os01g0876300"
38725,"Os06g0301500"
38726,"Os02g0825100"
38727,"Os08g0513000"
38728,"Os09g0463300"
38729,"Os07g0575600"
38730,"Os07g0235700"
38731,"Os08g0564700"
38732,"Os03g0596800"
38733,"Os04g0684800"
38734,"Os02g0592700"
38735,"Os10g0114500"
38736,"Os04g0632500"
38737,"Os09g0437900"
38738,"Os03g0222100"
38739,"Os04g0201900"
38740,"Os06g0695400"
38741,"Os07g0144700"
38742,"Os06g0712700"
38743,"Os08g0137900"
38744,"Os11g0592700"
38745,"Os03g0299200"
38746,"Os10g0411100"
38747,"Os05g0179300"
38748,"Os05g0411200"
38749,"Os03g0127700"
38750,"Os05g0526400"
38751,"Os01g0503600"
38752,"Os06g0716100"
38753,"Os10g0358700"
38754,"Os08g0439100"
38755,"Os12g0228300"
38756,"Os11g0213900"
38757,"Os07g0479300"
38758,"Os09g0382200"
38759,"Os09g0300800"
38760,"Os12g0513800"
38761,"Os01g0791200"
38762,"Os04g0649100"
38763,"osa-miR399e"
38764,"Os05g0347000"
38765,"Os01g0546600"
38766,"Os02g0179300"
38767,"osa-miR171a"
38768,"Os06g0629900"
38769,"Os01g0907200"
38770,"Os02g0104000"
38771,"Os07g0574900"
38772,"Os01g0222800"
38773,"Os02g0827600"
38774,"Os05g0312000"
38775,"Os06g0611100"
38776,"Os02g0178400"
38777,"Os04g0584900"
38778,"Os03g0309400"
38779,"Os02g0819500"
38780,"Os12g0555200"
38781,"Os07g0550500"
38782,"Os01g0220200"
38783,"Os12g0479300"
38784,"Os11g0427500"
38785,"Os01g0741800"
38786,"Os11g0151100"
38787,"Os01g0354700"
38788,"Os07g0545500"
38789,"Os05g0530400"
38790,"Os07g0191000"
38791,"Os02g0183800"
38792,"Os01g0653700"
38793,"Os10g0164800"
38794,"Os07g0190900"
38795,"Os01g0749400"
38796,"Os02g0793000"
38797,"Os07g0524900"
38798,"Os02g0671100"
38799,"Os05g0590400"
38800,"Os11g0620100"
38801,"Os03g0249500"
38802,"Os02g0117700"
38803,"Os01g0971400"
38804,"Os04g0633700"
38805,"Os07g0420700"
38806,"Os09g0135500"
38807,"Os12g0405300"
38808,"Os01g0550100"
38809,"Os07g0106000"
38810,"Os06g0208700"
38811,"Os03g0358100"
38812,"Os02g0554000"
38813,"Os07g0621800"
38814,"Os03g0737700"
38815,"Os01g0610600"
38816,"Os01g0971900"
38817,"Os09g0524800"
38818,"Os10g0556600"
38819,"Os07g0549900"
38820,"Os07g0268000"
38821,"Os03g0150800"
38822,"Os07g0539200"
38823,"Os02g0616100"
38824,"Os09g0129400"
38825,"Os09g0434500"
38826,"Os01g0297200"
38827,"Os12g0556400"
38828,"osa-miR167h"
38829,"Os10g0485900"
38830,"Os02g0654400"
38831,"Os08g0100600"
38832,"Os06g0722500"
38833,"Os08g0180000"
38834,"Os02g0175800"
38835,"Os06g0215300"
38836,"Os03g0700700"
38837,"Os05g0489500"
38838,"Os10g0528900"
38839,"Os09g0341600"
38840,"osa-miR169g"
38841,"Os01g0936600"
38842,"Os05g0108700"
38843,"Os05g0514600"
38844,"Os12g0209000"
38845,"Os03g0576900"
38846,"Os08g0517700"
38847,"Os01g0121800"
38848,"Os05g0142900"
38849,"Os01g0916300"
38850,"Os09g0545000"
38851,"Os04g0447700"
38852,"Os02g0301100"
38853,"Os05g0361900"
38854,"Os06g0209900"
38855,"Os01g0879000"
38856,"Os05g0490400"
38857,"Os03g0139500"
38858,"Os09g0388400"
38859,"Os03g0829600"
38860,"Os04g0530200"
38861,"Os05g0121400"
38862,"Os11g0685300"
38863,"Os01g0164700"
38864,"Os08g0561600"
38865,"Os06g0275800"
38866,"Os09g0252100"
38867,"Os01g0222600"
38868,"Os03g0322500"
38869,"Os04g0463700"
38870,"Os06g0518000"
38871,"Os04g0510300"
38872,"Os02g0103800"
38873,"Os01g0527400"
38874,"Os03g0854500"
38875,"Os04g0224600"
38876,"Os04g0156200"
38877,"Os03g0718100"
38878,"Os12g0623600"
38879,"Os08g0150500"
38880,"Os04g0271700"
38881,"Os04g0689300"
38882,"Os07g0229700"
38883,"Os02g0810300"
38884,"Os02g0216100"
38885,"Os07g0620400"
38886,"38886"
38887,"Os02g0670900"
38888,"Os05g0596200"
38889,"Os04g0293300"
38890,"Os03g0667100"
38891,"Os04g0615600"
38892,"Os12g0443700"
38893,"Os06g0548800"
38894,"Os10g0519600"
38895,"Os04g0184500"
38896,"Os05g0418800"
38897,"Os08g0293400"
38898,"Os04g0320100"
38899,"Os10g0197600"
38900,"Os01g0743200"
38901,"Os01g0689900"
38902,"Os12g0149700"
38903,"Os01g0209400"
38904,"Os09g0329200"
38905,"Os11g0303100"
38906,"Os03g0568400"
38907,"Os10g0530900"
38908,"Os05g0475400"
38909,"Os01g0822200"
38910,"Os05g0150600"
38911,"Os07g0634100"
38912,"Os01g0283300"
38913,"Os01g0288200"
38914,"Os01g0863300"
38915,"POsControl0036"
38916,"Os04g0551500"
38917,"38917"
38918,"Os08g0108700"
38919,"Os04g0571600"
38920,"Os05g0128200"
38921,"Os08g0259100"
38922,"Os01g0904700"
38923,"Os09g0365000"
38924,"Os08g0133200"
38925,"Os06g0178900"
38926,"Os02g0325900"
38927,"Os01g0885500"
38928,"Os01g0358700"
38929,"Os07g0265200"
38930,"Os07g0434100"
38931,"Os01g0142800"
38932,"POsControl0026"
38933,"Os02g0465900"
38934,"Os07g0124100"
38935,"Os05g0515900"
38936,"Os04g0692500"
38937,"Os02g0553200"
38938,"Os08g0158200"
38939,"Os10g0416500"
38940,"Os04g0601700"
38941,"Os07g0641600"
38942,"Os04g0533500"
38943,"Os04g0621700"
38944,"Os10g0159800"
38945,"Os01g0814400"
38946,"Os05g0123200"
38947,"Os01g0588900"
38948,"Os05g0418000"
38949,"Os07g0178100"
38950,"Os08g0562700"
38951,"osa-miR529"
38952,"Os09g0346500"
38953,"Os12g0541500"
38954,"Os03g0726100"
38955,"Os01g0803200"
38956,"Os03g0812400"
38957,"Os03g0363900"
38958,"Os01g0167100"
38959,"Os09g0502600"
38960,"Os07g0231800"
38961,"osa-miR171b"
38962,"Os10g0101200"
38963,"Os04g0543100"
38964,"Os08g0398700"
38965,"Os03g0114300"
38966,"Os08g0500100"
38967,"Os07g0532500"
38968,"Os03g0598800"
38969,"Os04g0687900"
38970,"Os01g0563000"
38971,"Os12g0245000"
38972,"Os11g0128500"
38973,"Os12g0170400"
38974,"Os01g0788900"
38975,"Os08g0386700"
38976,"Os07g0572800"
38977,"Os07g0492000"
38978,"Os03g0760100"
38979,"Os07g0107900"
38980,"Os05g0531200"
38981,"Os12g0596800"
38982,"Os01g0165200"
38983,"Os03g0815400"
38984,"Os06g0114700"
38985,"Os10g0500300"
38986,"Os04g0400800"
38987,"Os02g0718900"
38988,"Os11g0173100"
38989,"Os07g0501900"
38990,"Os07g0640800"
38991,"Os01g0519400"
38992,"POsControl0017"
38993,"Os01g0280200"
38994,"Os03g0357400"
38995,"Os05g0357200"
38996,"Os06g0646500"
38997,"Os10g0487500"
38998,"Os01g0626300"
38999,"Os11g0652900"
39000,"Os02g0609000"
39001,"Os03g0264400"
39002,"Os04g0268300"
39003,"Os12g0613000"
39004,"Os02g0583500"
39005,"Os01g0502400"
39006,"Os02g0664000"
39007,"Os08g0258200"
39008,"Os05g0571300"
39009,"Os02g0125700"
39010,"Os02g0786000"
39011,"39011"
39012,"Os06g0179200"
39013,"Os05g0211800"
39014,"Os03g0212800"
39015,"Os08g0248900"
39016,"Os08g0500200"
39017,"Os05g0162000"
39018,"Os12g0568800"
39019,"Os03g0224700"
39020,"Os02g0723400"
39021,"Os12g0168900"
39022,"Os08g0151300"
39023,"Os07g0147500"
39024,"Os08g0549100"
39025,"Os12g0233800"
39026,"Os01g0189700"
39027,"Os09g0497500"
39028,"Os08g0229400"
39029,"POsControl0048"
39030,"Os03g0150200"
39031,"Os04g0196300"
39032,"Os06g0652200"
39033,"Os05g0460600"
39034,"Os01g0369000"
39035,"Os06g0726400"
39036,"Os11g0643800"
39037,"Os06g0707200"
39038,"Os01g0951200"
39039,"Os06g0667600"
39040,"Os02g0640400"
39041,"Os12g0596800"
39042,"Os02g0647900"
39043,"Os04g0201600"
39044,"Os03g0837000"
39045,"Os02g0608900"
39046,"osa-miR159f"
39047,"Os04g0435700"
39048,"Os11g0703000"
39049,"Os02g0224100"
39050,"Os12g0158900"
39051,"osa-miR167d"
39052,"Os05g0455500"
39053,"39053"
39054,"Os08g0483600"
39055,"osa-miR399d"
39056,"Os06g0150500"
39057,"Os05g0134400"
39058,"Os03g0836800"
39059,"Os08g0332400"
39060,"Os08g0537600"
39061,"Os04g0607500"
39062,"Os11g0701800"
39063,"Os05g0186300"
39064,"Os06g0712000"
39065,"Os03g0842700"
39066,"Os05g0241100"
39067,"Os02g0519300"
39068,"Os10g0393100"
39069,"Os02g0580400"
39070,"Os12g0538900"
39071,"Os03g0181500"
39072,"Os04g0662600"
39073,"Os03g0603100"
39074,"Os11g0697300"
39075,"Os03g0160200"
39076,"Os02g0666200"
39077,"Os05g0480800"
39078,"Os01g0920700"
39079,"Os02g0272300"
39080,"Os03g0286300"
39081,"Os07g0572400"
39082,"Os08g0225000"
39083,"Os06g0643300"
39084,"Os10g0447200"
39085,"Os05g0105300"
39086,"Os05g0419200"
39087,"Os06g0114300"
39088,"Os05g0420600"
39089,"Os12g0566500"
39090,"Os08g0159000"
39091,"Os06g0246000"
39092,"Os08g0360100"
39093,"Os10g0555200"
39094,"Os11g0682000"
39095,"Os03g0244700"
39096,"Os09g0470900"
39097,"Os03g0781400"
39098,"Os02g0815300"
39099,"Os11g0437600"
39100,"Os12g0408800"
39101,"Os06g0111200"
39102,"Os05g0575400"
39103,"Os05g0176100"
39104,"Os04g0509600"
39105,"Os04g0608900"
39106,"Os06g0474900"
39107,"Os08g0100800"
39108,"Os08g0361300"
39109,"Os05g0419200"
39110,"Os05g0455600"
39111,"Os12g0510300"
39112,"Os06g0320100"
39113,"Os08g0465700"
39114,"Os01g0691500"
39115,"Os10g0148000"
39116,"Os02g0306400"
39117,"Os09g0481700"
39118,"Os02g0761200"
39119,"39119"
39120,"POsControl0023"
39121,"Os02g0152400"
39122,"Os09g0310800"
39123,"Os05g0455700"
39124,"Os02g0169900"
39125,"Os01g0268300"
39126,"Os03g0852600"
39127,"Os02g0180800"
39128,"Os06g0198800"
39129,"Os03g0285800"
39130,"Os02g0813300"
39131,"Os09g0465300"
39132,"Os08g0447500"
39133,"Os02g0168500"
39134,"Os01g0356500"
39135,"Os04g0475500"
39136,"Os02g0152600"
39137,"Os04g0495800"
39138,"Os06g0360500"
39139,"Os11g0255200"
39140,"39140"
39141,"Os04g0671700"
39142,"Os01g0874800"
39143,"Os09g0322000"
39144,"Os03g0327600"
39145,"Os02g0142100"
39146,"Os03g0376100"
39147,"Os06g0638700"
39148,"Os04g0219200"
39149,"Os09g0476000"
39150,"Os10g0478300"
39151,"Os10g0458700"
39152,"osa-miR440"
39153,"Os08g0465900"
39154,"Os01g0865100"
39155,"Os01g0158000"
39156,"Os12g0613500"
39157,"Os03g0437600"
39158,"Os09g0415100"
39159,"Os10g0475000"
39160,"POsControl0009"
39161,"Os06g0267600"
39162,"Os01g0182200"
39163,"Os02g0673700"
39164,"Os08g0402100"
39165,"Os09g0481200"
39166,"Os09g0380500"
39167,"Os06g0624100"
39168,"Os05g0227600"
39169,"Os02g0546800"
39170,"Os08g0133200"
39171,"Os03g0787000"
39172,"Os12g0228700"
39173,"Os10g0116300"
39174,"Os06g0125600"
39175,"Os11g0179000"
39176,"39176"
39177,"39177"
39178,"Os03g0718100"
39179,"Os05g0513800"
39180,"Os09g0382300"
39181,"Os03g0577000"
39182,"Os03g0854300"
39183,"Os02g0457200"
39184,"Os06g0521200"
39185,"Os04g0249600"
39186,"Os05g0145600"
39187,"Os07g0651500"
39188,"Os07g0406300"
39189,"Os06g0107700"
39190,"Os04g0101300"
39191,"Os11g0624700"
39192,"39192"
39193,"Os06g0146100"
39194,"Os07g0139400"
39195,"Os03g0364400"
39196,"Os09g0439700"
39197,"Os10g0377300"
39198,"Os11g0246200"
39199,"Os01g0618200"
39200,"Os03g0831700"
39201,"Os04g0450200"
39202,"Os04g0400500"
39203,"Os04g0656100"
39204,"Os07g0212200"
39205,"Os01g0941200"
39206,"Os08g0331000"
39207,"Os03g0850000"
39208,"Os08g0445400"
39209,"Os04g0662700"
39210,"Os01g0221800"
39211,"Os06g0675800"
39212,"Os11g0527100"
39213,"Os06g0728500"
39214,"Os11g0479400"
39215,"POsControl0015"
39216,"Os01g0755700"
39217,"Os11g0525700"
39218,"Os12g0586300"
39219,"Os09g0436700"
39220,"Os09g0131400"
39221,"Os03g0750700"
39222,"Os04g0485300"
39223,"Os02g0734900"
39224,"Os11g0102500"
39225,"Os02g0726600"
39226,"POsControl0017"
39227,"Os03g0804000"
39228,"Os05g0519700"
39229,"Os02g0135700"
39230,"Os06g0273800"
39231,"Os03g0233700"
39232,"Os05g0398800"
39233,"Os05g0164100"
39234,"Os01g0970500"
39235,"Os01g0750500"
39236,"Os04g0556000"
39237,"Os03g0785800"
39238,"POsControl0009"
39239,"Os12g0568700"
39240,"Os03g0116800"
39241,"POsControl0034"
39242,"Os03g0689300"
39243,"Os02g0113800"
39244,"Os01g0153800"
39245,"Os12g0114400"
39246,"Os08g0550100"
39247,"Os01g0502400"
39248,"Os02g0598600"
39249,"Os01g0157500"
39250,"Os06g0366800"
39251,"Os06g0496000"
39252,"Os06g0146200"
39253,"Os10g0474600"
39254,"Os06g0291800"
39255,"Os08g0461700"
39256,"Os04g0607400"
39257,"Os11g0132700"
39258,"Os03g0288900"
39259,"Os09g0462000"
39260,"Os10g0404500"
39261,"POsControl0005"
39262,"Os10g0420000"
39263,"Os03g0309800"
39264,"Os05g0220100"
39265,"39265"
39266,"Os03g0265900"
39267,"Os08g0276200"
39268,"Os09g0462800"
39269,"Os09g0515300"
39270,"Os06g0553200"
39271,"Os01g0678800"
39272,"Os03g0145300"
39273,"Os10g0430800"
39274,"Os11g0568700"
39275,"Os02g0677300"
39276,"Os02g0131200"
39277,"Os11g0513000"
39278,"Os03g0840200"
39279,"Os08g0545900"
39280,"Os10g0340600"
39281,"Os05g0559900"
39282,"Os11g0689800"
39283,"Os05g0477300"
39284,"Os05g0189600"
39285,"Os09g0449500"
39286,"Os12g0103300"
39287,"Os01g0187200"
39288,"Os06g0651900"
39289,"Os04g0567200"
39290,"Os02g0673200"
39291,"Os02g0806600"
39292,"Os02g0232100"
39293,"Os06g0692800"
39294,"Os08g0440300"
39295,"Os03g0355800"
39296,"Os06g0587500"
39297,"Os08g0273000"
39298,"Os03g0775600"
39299,"Os07g0182100"
39300,"Os01g0180300"
39301,"Os05g0432400"
39302,"Os06g0118700"
39303,"Os01g0927400"
39304,"Os04g0244900"
39305,"Os05g0341600"
39306,"Os03g0719300"
39307,"Os02g0823800"
39308,"Os01g0830500"
39309,"Os09g0293400"
39310,"Os02g0187000"
39311,"Os12g0540800"
39312,"Os05g0577800"
39313,"Os05g0461300"
39314,"39314"
39315,"Os11g0428800"
39316,"Os05g0101200"
39317,"Os02g0663500"
39318,"Os01g0765200"
39319,"Os08g0175300"
39320,"Os08g0549900"
39321,"Os04g0499800"
39322,"Os01g0757200"
39323,"Os04g0163800"
39324,"Os02g0759700"
39325,"Os07g0606600"
39326,"Os08g0389700"
39327,"Os06g0254700"
39328,"Os01g0521100"
39329,"Os12g0563600"
39330,"Os01g0665900"
39331,"Os01g0949200"
39332,"Os03g0191900"
39333,"Os09g0411900"
39334,"Os05g0448700"
39335,"Os09g0538400"
39336,"Os09g0279900"
39337,"Os04g0650300"
39338,"Os05g0469600"
39339,"Os09g0497500"
39340,"Os12g0138800"
39341,"Os05g0250700"
39342,"Os03g0290900"
39343,"Os01g0687700"
39344,"Os01g0179300"
39345,"Os04g0485300"
39346,"Os03g0718100"
39347,"Os03g0381200"
39348,"Os08g0244100"
39349,"Os03g0234200"
39350,"Os02g0818000"
39351,"Os02g0130600"
39352,"Os03g0300000"
39353,"39353"
39354,"Os11g0230700"
39355,"Os02g0435400"
39356,"Os12g0563600"
39357,"Os04g0456100"
39358,"Os06g0681600"
39359,"osa-miR446"
39360,"Os07g0440900"
39361,"Os03g0363500"
39362,"Os09g0537700"
39363,"Os09g0248900"
39364,"Os01g0627900"
39365,"Os01g0869900"
39366,"Os06g0662600"
39367,"Os02g0168000"
39368,"Os09g0540000"
39369,"Os04g0687900"
39370,"Os04g0173300"
39371,"Os03g0454300"
39372,"Os06g0214900"
39373,"Os06g0683100"
39374,"Os10g0416500"
39375,"Os12g0252000"
39376,"Os01g0358300"
39377,"Os07g0276900"
39378,"Os01g0219000"
39379,"Os11g0127000"
39380,"Os09g0446000"
39381,"Os04g0676800"
39382,"Os05g0389800"
39383,"Os12g0599400"
39384,"Os08g0499400"
39385,"Os05g0519500"
39386,"Os10g0521500"
39387,"Os07g0582400"
39388,"Os01g0889900"
39389,"Os03g0806700"
39390,"Os03g0337000"
39391,"Os11g0557500"
39392,"Os08g0197400"
39393,"osa-miR160f"
39394,"Os12g0297400"
39395,"Os05g0346300"
39396,"Os08g0234700"
39397,"Os06g0265000"
39398,"Os10g0525000"
39399,"Os08g0515000"
39400,"Os09g0551300"
39401,"Os08g0542200"
39402,"Os01g0687900"
39403,"Os03g0220300"
39404,"Os09g0441700"
39405,"Os05g0207200"
39406,"Os11g0226400"
39407,"39407"
39408,"Os01g0151900"
39409,"Os05g0191500"
39410,"Os12g0119700"
39411,"Os01g0926300"
39412,"Os10g0177200"
39413,"Os01g0872700"
39414,"Os01g0363900"
39415,"Os03g0843100"
39416,"Os11g0128600"
39417,"Os07g0489000"
39418,"Os02g0449500"
39419,"Os03g0816900"
39420,"Os06g0472700"
39421,"Os01g0658900"
39422,"Os08g0101400"
39423,"Os01g0359800"
39424,"39424"
39425,"Os05g0139100"
39426,"Os06g0731200"
39427,"Os01g0114200"
39428,"Os02g0264300"
39429,"Os05g0205000"
39430,"Os04g0621100"
39431,"Os06g0128400"
39432,"Os05g0135500"
39433,"Os02g0744100"
39434,"Os11g0116700"
39435,"Os03g0126900"
39436,"Os01g0870300"
39437,"Os09g0411700"
39438,"Os03g0641700"
39439,"Os02g0174900"
39440,"Os12g0150500"
39441,"Os06g0565200"
39442,"Os01g0799900"
39443,"Os01g0939200"
39444,"39444"
39445,"Os12g0208500"
39446,"Os11g0592300"
39447,"Os03g0285800"
39448,"Os03g0213300"
39449,"POsControl0004"
39450,"Os03g0351100"
39451,"Os03g0121200"
39452,"Os02g0819400"
39453,"osa-miR435"
39454,"Os01g0829100"
39455,"Os07g0614100"
39456,"POsControl0046"
39457,"Os01g0710100"
39458,"Os02g0578300"
39459,"Os02g0621300"
39460,"Os12g0415800"
39461,"Os05g0420600"
39462,"Os02g0668100"
39463,"Os01g0871200"
39464,"Os08g0102700"
39465,"Os01g0855600"
39466,"Os07g0232300"
39467,"Os10g0552200"
39468,"Os09g0415800"
39469,"Os11g0117600"
39470,"Os10g0180800"
39471,"Os02g0150900"
39472,"Os11g0573700"
39473,"Os06g0167000"
39474,"Os03g0270200"
39475,"Os12g0197200"
39476,"Os03g0717900"
39477,"Os07g0609000"
39478,"Os08g0484500"
39479,"Os07g0692600"
39480,"Os04g0618600"
39481,"Os08g0162200"
39482,"Os03g0734900"
39483,"Os09g0566400"
39484,"Os04g0457000"
39485,"Os10g0150600"
39486,"Os02g0139700"
39487,"Os01g0286900"
39488,"Os10g0413500"
39489,"Os10g0446600"
39490,"osa-miR156e"
39491,"Os02g0817800"
39492,"Os04g0330900"
39493,"Os05g0572700"
39494,"Os02g0830000"
39495,"Os03g0797700"
39496,"Os09g0420700"
39497,"Os06g0317200"
39498,"Os06g0278000"
39499,"Os06g0200600"
39500,"Os01g0316800"
39501,"Os01g0270100"
39502,"Os03g0333700"
39503,"Os07g0490800"
39504,"Os12g0289600"
39505,"Os06g0227200"
39506,"Os12g0207300"
39507,"Os06g0225600"
39508,"Os05g0571200"
39509,"Os10g0533000"
39510,"Os03g0245300"
39511,"Os07g0691300"
39512,"Os11g0160300"
39513,"Os03g0231000"
39514,"Os05g0440500"
39515,"39515"
39516,"Os09g0501100"
39517,"Os03g0792600"
39518,"Os05g0302600"
39519,"Os07g0107300"
39520,"Os01g0911700"
39521,"Os12g0529100"
39522,"Os07g0644600"
39523,"Os12g0534100"
39524,"Os01g0881400"
39525,"Os01g0541800"
39526,"Os01g0837500"
39527,"Os02g0162900"
39528,"Os04g0619900"
39529,"Os08g0384100"
39530,"Os03g0600400"
39531,"Os04g0448500"
39532,"Os04g0670800"
39533,"Os10g0503800"
39534,"Os03g0159900"
39535,"Os08g0150200"
39536,"Os03g0728200"
39537,"Os07g0668100"
39538,"Os04g0599300"
39539,"Os02g0714600"
39540,"Os01g0129200"
39541,"Os10g0391400"
39542,"Os01g0125800"
39543,"Os01g0868300"
39544,"Os06g0524900"
39545,"Os12g0636500"
39546,"Os06g0339800"
39547,"Os03g0786600"
39548,"Os08g0117900"
39549,"Os05g0400600"
39550,"Os05g0115100"
39551,"Os01g0553200"
39552,"Os06g0652000"
39553,"Os04g0483300"
39554,"Os11g0249600"
39555,"Os08g0219800"
39556,"Os05g0481600"
39557,"Os04g0481700"
39558,"Os09g0130500"
39559,"Os09g0373000"
39560,"Os04g0628100"
39561,"Os02g0782500"
39562,"Os07g0253100"
39563,"Os02g0763900"
39564,"Os05g0171000"
39565,"Os01g0116600"
39566,"Os08g0377500"
39567,"Os04g0559800"
39568,"Os02g0498700"
39569,"Os05g0593000"
39570,"Os10g0362700"
39571,"Os09g0462100"
39572,"Os09g0559600"
39573,"Os04g0677000"
39574,"Os02g0610600"
39575,"POsControl0010"
39576,"Os06g0699200"
39577,"Os07g0529000"
39578,"Os02g0118200"
39579,"Os07g0693500"
39580,"Os01g0341200"
39581,"Os04g0574100"
39582,"Os02g0606200"
39583,"Os08g0550200"
39584,"Os02g0809300"
39585,"Os10g0545700"
39586,"Os05g0497100"
39587,"Os01g0540300"
39588,"Os04g0305700"
39589,"Os03g0418000"
39590,"Os02g0301500"
39591,"Os05g0497300"
39592,"Os01g0971600"
39593,"Os11g0170000"
39594,"Os05g0103300"
39595,"Os11g0275500"
39596,"Os05g0477300"
39597,"Os04g0493400"
39598,"Os05g0473500"
39599,"Os07g0214300"
39600,"Os12g0186600"
39601,"Os01g0774100"
39602,"Os01g0531500"
39603,"Os07g0565400"
39604,"Os10g0559800"
39605,"Os10g0522900"
39606,"Os09g0425100"
39607,"Os11g0655200"
39608,"Os01g0734600"
39609,"Os10g0499000"
39610,"Os04g0595300"
39611,"Os10g0409400"
39612,"Os08g0107000"
39613,"Os05g0217800"
39614,"Os11g0482500"
39615,"Os11g0581900"
39616,"Os12g0555100"
39617,"Os04g0422000"
39618,"Os09g0114500"
39619,"Os04g0618200"
39620,"Os05g0426200"
39621,"Os07g0108100"
39622,"Os06g0247000"
39623,"Os03g0169600"
39624,"osa-miR156i"
39625,"Os07g0495700"
39626,"POsControl0033"
39627,"Os05g0366900"
39628,"Os04g0597700"
39629,"Os08g0120000"
39630,"Os03g0306900"
39631,"Os04g0549300"
39632,"Os07g0125500"
39633,"Os08g0357000"
39634,"Os02g0269000"
39635,"Os10g0490800"
39636,"Os06g0564300"
39637,"Os07g0268800"
39638,"Os01g0602200"
39639,"Os10g0452700"
39640,"Os09g0471300"
39641,"Os05g0330700"
39642,"39642"
39643,"Os04g0641300"
39644,"Os04g0141300"
39645,"Os09g0552500"
39646,"Os08g0410500"
39647,"Os06g0692600"
39648,"Os08g0189200"
39649,"Os05g0414300"
39650,"Os07g0642400"
39651,"Os01g0677800"
39652,"Os04g0675300"
39653,"Os06g0601100"
39654,"Os12g0189400"
39655,"Os03g0115100"
39656,"Os02g0456700"
39657,"Os03g0745000"
39658,"Os12g0603800"
39659,"Os07g0121600"
39660,"Os07g0622900"
39661,"Os01g0183600"
39662,"Os03g0765200"
39663,"Os10g0389000"
39664,"Os01g0356100"
39665,"Os05g0587300"
39666,"Os01g0835600"
39667,"Os06g0265400"
39668,"Os12g0530200"
39669,"Os04g0550500"
39670,"Os03g0851200"
39671,"Os03g0122300"
39672,"Os12g0136200"
39673,"Os01g0670500"
39674,"Os04g0530400"
39675,"Os03g0376100"
39676,"Os03g0184100"
39677,"Os02g0154600"
39678,"Os05g0522400"
39679,"Os02g0832700"
39680,"Os02g0203700"
39681,"Os03g0381200"
39682,"Os10g0513400"
39683,"Os02g0831600"
39684,"Os05g0477300"
39685,"Os10g0549500"
39686,"Os07g0455100"
39687,"Os01g0223400"
39688,"POsControl0039"
39689,"Os07g0464600"
39690,"Os04g0571300"
39691,"Os03g0796900"
39692,"Os05g0180800"
39693,"Os05g0468500"
39694,"Os07g0555200"
39695,"Os12g0631100"
39696,"Os10g0529300"
39697,"Os06g0661700"
39698,"Os05g0193900"
39699,"Os07g0598900"
39700,"Os08g0102700"
39701,"osa-miR171g"
39702,"Os08g0163900"
39703,"Os04g0129500"
39704,"Os01g0117600"
39705,"Os06g0143800"
39706,"Os10g0505900"
39707,"Os01g0150900"
39708,"Os12g0106500"
39709,"Os01g0282800"
39710,"Os02g0741900"
39711,"Os04g0477500"
39712,"Os10g0528400"
39713,"Os09g0530000"
39714,"Os03g0794000"
39715,"Os08g0500600"
39716,"Os07g0215600"
39717,"Os03g0675300"
39718,"Os03g0389700"
39719,"Os01g0114800"
39720,"Os01g0728800"
39721,"Os10g0359700"
39722,"Os05g0552900"
39723,"Os12g0114900"
39724,"Os08g0320800"
39725,"Os02g0120900"
39726,"39726"
39727,"Os05g0407200"
39728,"39728"
39729,"POsControl0036"
39730,"Os01g0583300"
39731,"Os09g0392000"
39732,"Os05g0150800"
39733,"Os06g0554200"
39734,"Os08g0159900"
39735,"Os01g0852200"
39736,"Os03g0242900"
39737,"Os06g0158600"
39738,"Os01g0596100"
39739,"Os10g0408700"
39740,"Os09g0378700"
39741,"Os02g0699600"
39742,"Os11g0520500"
39743,"Os10g0442700"
39744,"Os03g0329900"
39745,"osa-miR395p"
39746,"Os11g0434000"
39747,"Os08g0497300"
39748,"Os05g0212300"
39749,"Os10g0518200"
39750,"Os01g0117900"
39751,"Os12g0567700"
39752,"Os03g0724100"
39753,"osa-miR441a"
39754,"Os08g0543000"
39755,"Os10g0419400"
39756,"Os08g0128200"
39757,"Os09g0362900"
39758,"Os09g0278900"
39759,"Os01g0367400"
39760,"Os09g0245500"
39761,"PGmControl0003"
39762,"Os06g0187000"
39763,"Os06g0125500"
39764,"Os03g0786000"
39765,"Os12g0538900"
39766,"Os04g0557200"
39767,"Os08g0451700"
39768,"Os03g0182800"
39769,"Os03g0120400"
39770,"Os12g0157000"
39771,"Os02g0795000"
39772,"39772"
39773,"Os03g0170900"
39774,"Os10g0529300"
39775,"osa-miR413"
39776,"Os03g0285900"
39777,"Os11g0433100"
39778,"Os03g0758500"
39779,"Os02g0806000"
39780,"Os04g0574200"
39781,"Os04g0498200"
39782,"Os12g0517300"
39783,"Os11g0601700"
39784,"Os04g0495000"
39785,"Os10g0430900"
39786,"Os05g0249900"
39787,"Os08g0497600"
39788,"Os05g0594200"
39789,"POsControl0021"
39790,"Os03g0607600"
39791,"Os02g0255200"
39792,"Os11g0138900"
39793,"Os01g0973300"
39794,"Os02g0618100"
39795,"Os03g0652900"
39796,"Os05g0454500"
39797,"Os09g0438100"
39798,"Os08g0222600"
39799,"Os08g0159500"
39800,"Os05g0207900"
39801,"Os01g0916400"
39802,"Os08g0242800"
39803,"Os12g0407200"
39804,"Os01g0151100"
39805,"osa-miR166a"
39806,"Os10g0533900"
39807,"Os09g0507500"
39808,"Os07g0537600"
39809,"Os06g0672400"
39810,"osa-miR160f"
39811,"Os10g0494300"
39812,"Os12g0154700"
39813,"Os06g0297800"
39814,"Os02g0591800"
39815,"Os12g0599700"
39816,"Os08g0292000"
39817,"Os01g0698000"
39818,"osa-miR395q"
39819,"Os01g0937200"
39820,"Os01g0723500"
39821,"Os01g0667700"
39822,"Os03g0317100"
39823,"Os11g0621000"
39824,"Os07g0600200"
39825,"Os03g0385400"
39826,"Os03g0764100"
39827,"Os02g0127700"
39828,"osa-miR159d"
39829,"Os08g0198800"
39830,"Os02g0616400"
39831,"39831"
39832,"Os06g0233600"
39833,"Os04g0527400"
39834,"osa-miR172b"
39835,"Os12g0149800"
39836,"Os11g0205800"
39837,"Os01g0821700"
39838,"Os03g0417800"
39839,"Os09g0538000"
39840,"Os03g0832900"
39841,"Os07g0456400"
39842,"Os01g0720500"
39843,"Os03g0701600"
39844,"Os12g0611000"
39845,"Os02g0541300"
39846,"Os08g0541200"
39847,"Os08g0228100"
39848,"Os03g0232500"
39849,"Os08g0438400"
39850,"Os02g0167500"
39851,"Os08g0171800"
39852,"Os02g0534800"
39853,"PZmControl0003"
39854,"Os01g0236800"
39855,"Os06g0235400"
39856,"Os01g0789200"
39857,"Os01g0818400"
39858,"Os07g0604500"
39859,"Os09g0322100"
39860,"Os08g0170900"
39861,"Os02g0538700"
39862,"Os05g0445000"
39863,"Os07g0568200"
39864,"Os10g0178200"
39865,"Os06g0167000"
39866,"Os08g0139100"
39867,"Os01g0107400"
39868,"Os05g0484700"
39869,"Os10g0195100"
39870,"Os02g0748100"
39871,"Os02g0196900"
39872,"Os09g0529700"
39873,"Os07g0222900"
39874,"Os10g0552300"
39875,"Os03g0225600"
39876,"Os03g0249300"
39877,"Os02g0253000"
39878,"Os07g0164300"
39879,"Os10g0415600"
39880,"Os09g0258700"
39881,"39881"
39882,"Os07g0558400"
39883,"Os02g0485000"
39884,"Os03g0826600"
39885,"Os05g0363600"
39886,"Os03g0345700"
39887,"Os12g0145100"
39888,"Os01g0547000"
39889,"Os10g0101000"
39890,"Os09g0461800"
39891,"Os12g0210800"
39892,"osa-miR439f"
39893,"Os01g0141700"
39894,"Os02g0260700"
39895,"Os06g0608700"
39896,"Os02g0615500"
39897,"Os12g0285100"
39898,"Os12g0104900"
39899,"Os06g0285400"
39900,"Os09g0131900"
39901,"osa-miR413"
39902,"Os04g0564400"
39903,"Os12g0156400"
39904,"Os03g0563300"
39905,"Os05g0141000"
39906,"Os07g0529600"
39907,"Os02g0202700"
39908,"Os10g0401100"
39909,"Os03g0153400"
39910,"Os03g0119700"
39911,"osa-miR395p"
39912,"Os05g0103300"
39913,"Os02g0703800"
39914,"Os06g0569900"
39915,"Os01g0967100"
39916,"Os03g0114300"
39917,"Os01g0880400"
39918,"Os11g0297800"
39919,"Os11g0116000"
39920,"Os03g0169200"
39921,"Os09g0438000"
39922,"Os07g0657200"
39923,"Os01g0598000"
39924,"Os02g0128800"
39925,"Os03g0824000"
39926,"Os04g0647300"
39927,"Os12g0451400"
39928,"Os06g0676900"
39929,"Os07g0123000"
39930,"Os08g0467400"
39931,"Os04g0243700"
39932,"Os01g0742400"
39933,"Os07g0214300"
39934,"Os02g0829000"
39935,"Os03g0611100"
39936,"Os08g0559200"
39937,"Os02g0105900"
39938,"Os03g0298300"
39939,"Os01g0708500"
39940,"Os08g0324300"
39941,"Os08g0451600"
39942,"Os03g0387100"
39943,"Os01g0953600"
39944,"Os11g0131700"
39945,"Os03g0347700"
39946,"Os12g0560100"
39947,"Os02g0218600"
39948,"Os04g0563700"
39949,"Os09g0371100"
39950,"Os03g0733400"
39951,"Os02g0595700"
39952,"Os09g0413000"
39953,"Os03g0370600"
39954,"osa-miR442"
39955,"Os07g0499900"
39956,"Os03g0337800"
39957,"osa-miR167g"
39958,"Os05g0516900"
39959,"Os09g0407200"
39960,"Os01g0104900"
39961,"Os10g0157300"
39962,"Os11g0708400"
39963,"Os12g0638100"
39964,"Os07g0170100"
39965,"Os09g0346500"
39966,"Os11g0567600"
39967,"39967"
39968,"Os02g0793000"
39969,"Os04g0667800"
39970,"Os07g0489800"
39971,"Os03g0265700"
39972,"Os05g0406100"
39973,"Os05g0200400"
39974,"Os03g0713400"
39975,"39975"
39976,"Os04g0577900"
39977,"Os06g0688700"
39978,"Os02g0218300"
39979,"Os02g0579800"
39980,"Os01g0268000"
39981,"Os10g0115500"
39982,"Os12g0145100"
39983,"Os01g0360600"
39984,"Os06g0708500"
39985,"Os09g0369500"
39986,"Os06g0524400"
39987,"Os12g0605400"
39988,"Os02g0803600"
39989,"Os03g0107700"
39990,"Os09g0569900"
39991,"Os08g0558100"
39992,"Os02g0565200"
39993,"Os10g0544900"
39994,"Os07g0157600"
39995,"Os11g0484500"
39996,"Os07g0152900"
39997,"Os08g0517600"
39999,"Os01g0364800"
40000,"Os05g0330700"
40001,"Os04g0102700"
40002,"Os10g0457100"
40003,"Os03g0626800"
40004,"Os12g0428200"
40005,"Os03g0332500"
40006,"Os04g0659500"
40007,"Os10g0525000"
40008,"Os12g0438100"
40009,"osa-miR164a"
40010,"Os01g0150200"
40011,"Os02g0101100"
40012,"Os02g0702500"
40013,"Os09g0562700"
40014,"Os01g0232400"
40015,"Os08g0197100"
40016,"Os01g0733200"
40017,"Os01g0898500"
40018,"Os02g0623400"
40019,"40019"
40020,"Os03g0128600"
40021,"Os06g0232600"
40022,"Os03g0237600"
40023,"Os04g0405500"
40024,"Os05g0451900"
40025,"Os09g0528200"
40026,"Os07g0542400"
40027,"Os05g0456000"
40028,"Os06g0579100"
40029,"Os01g0747600"
40030,"Os09g0370300"
40031,"40031"
40032,"POsControl0020"
40033,"Os01g0261700"
40034,"Os08g0125300"
40035,"Os03g0565100"
40036,"Os03g0809300"
40037,"Os07g0593000"
40038,"Os05g0141400"
40039,"Os01g0521200"
40040,"Os10g0462900"
40041,"Os07g0204100"
40042,"Os02g0190500"
40043,"Os01g0723000"
40044,"Os11g0111800"
40045,"Os11g0473200"
40046,"Os03g0417700"
40047,"Os04g0665800"
40048,"Os10g0564000"
40049,"Os02g0558300"
40050,"Os01g0764000"
40051,"Os04g0243400"
40052,"Os09g0347800"
40053,"Os12g0510500"
40054,"Os03g0279400"
40055,"Os10g0362300"
40056,"Os10g0540900"
40057,"Os12g0163500"
40058,"Os01g0832600"
40059,"Os02g0714500"
40060,"Os04g0679900"
40061,"Os07g0113000"
40062,"Os04g0628400"
40063,"Os11g0498400"
40064,"Os03g0701400"
40065,"Os03g0840400"
40066,"Os12g0132300"
40067,"Os12g0637100"
40068,"Os03g0736400"
40069,"Os03g0860000"
40070,"Os06g0103300"
40071,"Os03g0847900"
40072,"Os01g0680100"
40073,"Os06g0725400"
40074,"Os06g0274000"
40075,"Os03g0109400"
40076,"Os07g0438700"
40077,"Os04g0312000"
40078,"Os05g0587600"
40079,"Os03g0363200"
40080,"Os03g0377500"
40081,"Os02g0763200"
40082,"Os03g0239200"
40083,"Os05g0484800"
40084,"Os02g0778600"
40085,"Os05g0548100"
40086,"Os01g0139700"
40087,"Os01g0637500"
40088,"Os01g0905200"
40089,"Os01g0359000"
40090,"Os07g0130400"
40091,"Os12g0264800"
40092,"osa-miR439j"
40093,"Os01g0101600"
40094,"Os01g0695200"
40095,"Os11g0202000"
40096,"Os05g0117500"
40097,"Os02g0546700"
40098,"Os02g0638900"
40099,"Os10g0525500"
40100,"Os07g0417200"
40101,"Os06g0728600"
40102,"osa-miR418"
40103,"Os12g0580700"
40104,"Os03g0265600"
40105,"Os08g0226600"
40106,"Os10g0551100"
40107,"Os05g0541500"
40108,"Os07g0670000"
40109,"Os06g0696400"
40111,"Os06g0103500"
40112,"Os02g0326600"
40113,"Os04g0195000"
40114,"Os02g0691500"
40115,"Os02g0198700"
40116,"Os11g0663200"
40117,"Os03g0843300"
40118,"Os04g0521800"
40119,"Os02g0433300"
40120,"Os05g0225500"
40121,"Os02g0236200"
40122,"Os03g0157900"
40123,"Os01g0966700"
40124,"Os08g0548300"
40125,"Os12g0183100"
40126,"Os08g0561700"
40127,"Os03g0195900"
40128,"Os10g0450000"
40129,"Os09g0439400"
40130,"Os01g0911100"
40131,"Os01g0175100"
40132,"osa-miR395q"
40133,"Os01g0167900"
40134,"Os12g0288400"
40135,"Os05g0160000"
40136,"Os10g0135100"
40137,"Os07g0645400"
40138,"Os02g0230300"
40139,"Os09g0465200"
40140,"Os05g0350500"
40141,"Os04g0455900"
40142,"Os03g0747800"
40143,"Os01g0372100"
40144,"Os01g0976100"
40145,"Os03g0165400"
40146,"Os09g0330200"
40147,"Os04g0675600"
40148,"Os02g0556900"
40149,"Os04g0338000"
40150,"Os06g0475800"
40151,"osa-miR418"
40152,"Os10g0135300"
40153,"Os07g0155100"
40154,"Os03g0834000"
40155,"Os07g0637500"
40156,"Os05g0498300"
40157,"Os11g0130300"
40158,"Os06g0326400"
40159,"Os03g0282900"
40160,"Os08g0468100"
40161,"Os08g0504800"
40162,"Os06g0603000"
40163,"Os03g0406200"
40164,"Os01g0609300"
40165,"Os11g0585900"
40166,"osa-miR169j"
40167,"POsControl0031"
40168,"Os04g0122000"
40169,"osa-miR441b"
40170,"Os04g0585200"
40171,"Os02g0302200"
40172,"Os03g0766200"
40173,"Os05g0225800"
40174,"Os02g0821000"
40175,"Os11g0577800"
40176,"Os07g0631500"
40177,"Os08g0319900"
40178,"Os06g0208800"
40179,"Os08g0105400"
40180,"Os09g0532500"
40181,"Os01g0198000"
40182,"Os03g0199200"
40183,"Os02g0120200"
40184,"Os01g0777400"
40185,"Os12g0131100"
40186,"Os01g0845900"
40187,"Os11g0614700"
40188,"Os12g0628400"
40189,"Os05g0174000"
40190,"Os12g0139600"
40191,"Os03g0820300"
40192,"osa-miR395u"
40193,"Os10g0130500"
40194,"Os06g0130600"
40195,"Os07g0652100"
40196,"Os01g0935000"
40197,"Os06g0138200"
40198,"Os04g0493300"
40199,"Os09g0111100"
40200,"Os01g0390300"
40201,"Os02g0213400"
40202,"Os02g0132600"
40203,"Os04g0457700"
40204,"Os02g0759400"
40205,"Os04g0447300"
40206,"Os01g0281400"
40207,"Os09g0125700"
40208,"Os03g0846400"
40209,"Os01g0824700"
40210,"Os08g0127800"
40211,"Os11g0205500"
40212,"Os03g0445700"
40213,"Os03g0798500"
40214,"Os05g0497800"
40215,"Os12g0250800"
40216,"Os07g0148400"
40217,"Os02g0486400"
40218,"Os09g0415300"
40219,"PTaControl0002"
40220,"Os10g0499500"
40221,"Os12g0202700"
40222,"Os05g0232800"
40223,"Os02g0628100"
40224,"Os06g0138500"
40225,"Os01g0350900"
40226,"Os03g0705300"
40227,"Os01g0130400"
40228,"Os07g0259100"
40229,"Os02g0726700"
40230,"Os03g0342900"
40231,"Os12g0256000"
40232,"Os06g0611400"
40233,"Os10g0139700"
40234,"Os01g0170600"
40235,"Os08g0538000"
40236,"Os10g0524300"
40237,"Os03g0742900"
40238,"Os01g0510800"
40239,"Os02g0831400"
40240,"Os09g0448200"
40241,"Os10g0328700"
40242,"Os02g0589400"
40243,"Os06g0348800"
40244,"Os03g0209000"
40245,"Os03g0623100"
40246,"Os11g0692000"
40247,"Os08g0113400"
40248,"Os01g0387800"
40249,"Os01g0189100"
40250,"Os08g0160500"
40251,"Os10g0530300"
40252,"Os06g0312900"
40253,"Os06g0690700"
40254,"Os02g0577300"
40255,"Os05g0568300"
40256,"Os03g0843600"
40257,"Os06g0604400"
40258,"Os04g0678800"
40259,"Os05g0360800"
40260,"Os11g0579100"
40261,"Os09g0440000"
40262,"Os12g0551200"
40263,"Os03g0856200"
40264,"Os03g0712800"
40265,"Os07g0243000"
40266,"Os10g0378400"
40267,"Os05g0185600"
40268,"osa-miR169p"
40269,"Os04g0107600"
40270,"Os03g0193300"
40271,"Os12g0254500"
40272,"Os07g0437500"
40273,"Os03g0341300"
40274,"Os06g0626200"
40275,"Os02g0255400"
40276,"Os02g0823200"
40277,"Os01g0510800"
40278,"Os06g0177300"
40279,"Os10g0403400"
40280,"Os03g0260000"
40281,"Os12g0609600"
40282,"Os02g0539500"
40283,"Os06g0694800"
40284,"Os10g0390100"
40285,"Os06g0206100"
40286,"Os03g0121300"
40287,"40287"
40288,"Os07g0203500"
40289,"Os02g0266900"
40290,"Os06g0118800"
40291,"osa-miR399k"
40292,"Os11g0199200"
40293,"Os02g0203600"
40294,"Os09g0445700"
40295,"40295"
40296,"40296"
40297,"Os06g0712300"
40298,"Os07g0232800"
40299,"Os03g0747500"
40300,"Os04g0288000"
40301,"Os01g0270100"
40302,"Os04g0665200"
40303,"Os01g0264600"
40304,"Os08g0103300"
40305,"Os05g0231700"
40306,"Os01g0936600"
40307,"Os07g0660700"
40308,"Os01g0765500"
40309,"Os07g0130500"
40310,"Os11g0132900"
40311,"Os02g0178800"
40312,"Os02g0250400"
40313,"Os08g0460700"
40314,"Os01g0916300"
40315,"Os07g0150200"
40316,"POsControl0010"
40317,"Os02g0787500"
40318,"Os08g0498400"
40319,"Os03g0401300"
40320,"Os02g0533200"
40321,"Os06g0200300"
40322,"Os01g0673600"
40323,"Os06g0681400"
40324,"Os05g0432400"
40325,"Os09g0422500"
40326,"osa-miR442"
40327,"Os02g0572000"
40328,"Os03g0295300"
40329,"POsControl0025"
40330,"Os03g0822900"
40331,"Os12g0580900"
40332,"Os02g0290600"
40333,"Os06g0132300"
40334,"Os01g0966300"
40335,"Os03g0795800"
40336,"Os10g0366400"
40337,"Os06g0107700"
40338,"Os01g0102600"
40339,"Os01g0150800"
40340,"Os03g0761200"
40341,"Os01g0225400"
40342,"Os06g0225400"
40343,"Os03g0128000"
40344,"Os12g0621400"
40345,"Os03g0169900"
40346,"Os05g0186300"
40347,"Os02g0616100"
40348,"Os03g0421500"
40349,"Os01g0813900"
40350,"Os02g0137700"
40351,"Os06g0498000"
40352,"Os03g0141100"
40353,"Os09g0297900"
40354,"Os04g0233500"
40355,"Os03g0280800"
40356,"Os06g0707000"
40357,"Os07g0142500"
40358,"Os03g0413400"
40359,"Os03g0249900"
40360,"Os06g0156900"
40361,"Os02g0832600"
40362,"Os01g0152900"
40363,"Os05g0380900"
40364,"40364"
40365,"Os07g0695800"
40366,"Os03g0419100"
40367,"Os12g0137200"
40368,"POsControl0033"
40369,"Os01g0873100"
40370,"Os10g0509100"
40371,"Os08g0155400"
40372,"Os12g0117300"
40373,"POsControl0026"
40374,"Os08g0126300"
40375,"Os02g0121300"
40376,"Os11g0220100"
40377,"Os06g0574400"
40378,"Os11g0533800"
40379,"Os04g0433600"
40380,"Os04g0573200"
40381,"PTaControl0001"
40382,"Os04g0574100"
40383,"Os12g0498400"
40384,"Os02g0756300"
40385,"Os09g0449000"
40386,"Os02g0782700"
40387,"Os08g0120000"
40388,"Os10g0118000"
40389,"Os06g0703300"
40390,"Os06g0707800"
40391,"Os05g0583000"
40392,"Os01g0662600"
40393,"Os12g0480200"
40394,"Os11g0462900"
40395,"Os07g0565700"
40396,"Os12g0296900"
40397,"Os06g0340200"
40398,"Os04g0472200"
40399,"Os01g0858200"
40400,"Os03g0131400"
40401,"Os08g0119000"
40402,"Os12g0616800"
40403,"Os10g0555700"
40404,"Os05g0417700"
40405,"Os02g0321000"
40406,"Os01g0849500"
40407,"Os01g0816600"
40408,"Os12g0596300"
40409,"Os05g0324000"
40410,"Os01g0191200"
40411,"Os11g0266600"
40412,"osa-miR395q"
40413,"Os03g0343700"
40414,"Os11g0594400"
40415,"Os03g0224300"
40416,"Os04g0103500"
40417,"Os08g0290500"
40418,"Os03g0329700"
40419,"Os07g0626200"
40420,"Os08g0313000"
40421,"Os03g0123300"
40422,"Os03g0744300"
40423,"Os01g0965600"
40424,"Os02g0634400"
40425,"Os05g0555900"
40426,"Os04g0485300"
40427,"Os01g0788700"
40428,"Os04g0578700"
40429,"Os01g0607400"
40430,"Os08g0567200"
40431,"Os01g0869000"
40432,"Os02g0194300"
40433,"Os06g0714700"
40434,"Os07g0503300"
40435,"Os07g0179300"
40436,"Os01g0860400"
40437,"Os03g0589400"
40438,"Os08g0495800"
40439,"Os12g0104300"
40440,"Os04g0658300"
40441,"Os08g0413500"
40442,"Os07g0462700"
40443,"Os08g0203600"
40444,"Os05g0169400"
40445,"Os09g0349800"
40446,"Os10g0510000"
40447,"Os04g0547900"
40448,"Os01g0782300"
40449,"osa-miR166g"
40450,"Os05g0570000"
40451,"Os01g0555800"
40452,"Os03g0399700"
40453,"Os07g0145400"
40454,"Os03g0773100"
40455,"Os01g0919500"
40456,"Os02g0187800"
40457,"Os10g0395100"
40458,"Os02g0271900"
40459,"Os12g0607400"
40460,"Os10g0558700"
40461,"Os06g0650800"
40462,"Os05g0190500"
40463,"40463"
40464,"Os07g0591600"
40465,"Os01g0810300"
40466,"Os12g0611700"
40467,"Os11g0141800"
40468,"Os07g0646800"
40469,"Os03g0315800"
40470,"Os02g0194200"
40471,"Os02g0297200"
40472,"Os03g0180300"
40473,"Os03g0117100"
40474,"40474"
40475,"40475"
40476,"Os01g0669300"
40477,"Os10g0183500"
40478,"Os11g0691500"
40479,"Os12g0105300"
40480,"Os05g0506300"
40481,"Os01g0521600"
40482,"Os01g0951000"
40483,"Os08g0507400"
40484,"Os03g0262700"
40485,"Os01g0258700"
40486,"Os10g0461100"
40487,"Os08g0422500"
40488,"Os11g0286700"
40489,"Os04g0254300"
40490,"Os11g0150200"
40491,"Os03g0860900"
40492,"Os06g0494000"
40493,"40493"
40494,"Os03g0286900"
40495,"Os05g0468900"
40496,"Os10g0486000"
40497,"osa-miR395n"
40498,"Os01g0670600"
40499,"Os01g0962200"
40500,"Os06g0705100"
40501,"Os06g0111300"
40502,"Os04g0644200"
40503,"Os08g0220600"
40504,"Os04g0219800"
40505,"Os05g0275000"
40506,"Os02g0234200"
40507,"Os08g0130500"
40508,"40508"
40509,"40509"
40510,"Os08g0113100"
40511,"Os11g0162200"
40512,"Os08g0539700"
40513,"40513"
40514,"Os05g0476400"
40515,"Os07g0146700"
40516,"Os05g0446800"
40517,"Os09g0547900"
40518,"Os02g0185400"
40519,"Os01g0819400"
40520,"Os09g0381100"
40521,"Os08g0516000"
40522,"Os02g0697300"
40523,"Os02g0712600"
40524,"Os07g0654100"
40525,"Os10g0529800"
40526,"Os02g0177500"
40527,"Os04g0402500"
40528,"Os11g0649600"
40529,"Os03g0591000"
40530,"Os07g0614300"
40531,"Os02g0800100"
40532,"Os08g0459700"
40533,"Os06g0716100"
40534,"Os03g0145700"
40535,"Os02g0826500"
40536,"Os03g0230000"
40537,"osa-miR396b"
40538,"Os06g0702500"
40539,"Os09g0557800"
40540,"Os01g0660200"
40541,"Os04g0668200"
40542,"osa-miR441a"
40543,"Os07g0481300"
40544,"osa-miR399h"
40545,"Os02g0788600"
40546,"Os06g0663400"
40547,"Os07g0531400"
40548,"Os01g0209800"
40549,"Os07g0626200"
40550,"Os12g0135500"
40551,"Os07g0484200"
40552,"Os11g0673000"
40553,"Os10g0556900"
40554,"Os11g0116000"
40555,"Os11g0439400"
40556,"Os01g0115100"
40557,"Os01g0355100"
40558,"Os05g0160800"
40559,"Os01g0172600"
40560,"Os11g0558300"
40561,"Os07g0500300"
40562,"Os10g0497800"
40563,"Os06g0549300"
40564,"Os04g0667600"
40565,"Os07g0143000"
40566,"Os12g0218900"
40567,"Os02g0632100"
40568,"osa-miR168a"
40569,"Os12g0589100"
40570,"Os06g0117200"
40571,"Os04g0660200"
40572,"Os01g0584900"
40573,"Os01g0544200"
40574,"PZmControl0002"
40575,"Os01g0885700"
40576,"Os04g0597300"
40577,"Os06g0474300"
40578,"Os05g0545900"
40579,"Os04g0671300"
40580,"Os11g0302800"
40581,"Os06g0180800"
40582,"Os06g0143100"
40583,"Os07g0673200"
40584,"Os01g0695500"
40585,"Os02g0623500"
40586,"Os04g0471400"
40587,"Os03g0565500"
40588,"Os04g0580500"
40589,"Os03g0300400"
40590,"Os03g0442800"
40591,"Os11g0637200"
40592,"Os05g0163300"
40593,"Os12g0194100"
40594,"Os04g0607400"
40595,"Os03g0159900"
40596,"Os10g0533000"
40597,"Os01g0962700"
40598,"Os05g0193800"
40599,"Os10g0561000"
40600,"Os08g0369500"
40601,"Os06g0486000"
40602,"Os05g0509200"
40603,"Os11g0572100"
40604,"Os04g0100300"
40605,"Os11g0227000"
40606,"Os06g0103700"
40607,"Os02g0724000"
40608,"Os01g0375200"
40609,"Os05g0466100"
40610,"Os01g0370600"
40611,"Os07g0142100"
40612,"PGmControl0002"
40613,"Os02g0552000"
40614,"Os08g0162800"
40615,"Os11g0140300"
40616,"Os05g0156700"
40617,"Os01g0621300"
40618,"Os12g0456100"
40619,"Os02g0159700"
40620,"Os01g0178500"
40621,"Os01g0121500"
40622,"Os03g0145200"
40623,"Os04g0528200"
40624,"Os09g0103700"
40625,"Os03g0452300"
40626,"Os07g0694700"
40627,"Os08g0266400"
40628,"Os06g0207500"
40629,"Os06g0474500"
40630,"Os05g0220900"
40631,"Os11g0106400"
40632,"Os07g0272800"
40633,"Os09g0517200"
40634,"Os01g0785900"
40635,"Os02g0608300"
40636,"Os01g0756600"
40637,"Os10g0495300"
40638,"Os11g0110900"
40639,"Os02g0820900"
40640,"Os02g0101500"
40641,"Os10g0479800"
40642,"Os01g0798100"
40643,"Os03g0187600"
40644,"Os02g0665800"
40645,"Os10g0377800"
40646,"Os03g0192900"
40647,"osa-miR414"
40648,"Os02g0435000"
40649,"Os03g0718600"
40650,"Os03g0770800"
40651,"Os03g0841700"
40652,"Os01g0946600"
40653,"Os06g0557700"
40654,"Os09g0417500"
40655,"Os04g0579700"
40656,"Os01g0332100"
40657,"Os03g0110600"
40658,"Os11g0657400"
40659,"40659"
40660,"Os05g0214100"
40661,"Os02g0205500"
40662,"osa-miR156k"
40663,"Os09g0278300"
40664,"Os05g0501200"
40665,"Os10g0194500"
40666,"Os11g0206700"
40667,"Os02g0781400"
40668,"Os03g0279700"
40669,"Os02g0654100"
40670,"Os01g0965900"
40671,"Os08g0211200"
40672,"Os03g0200200"
40673,"Os11g0272800"
40674,"Os04g0538100"
40675,"Os08g0556900"
40676,"Os07g0531200"
40677,"Os03g0778100"
40678,"Os06g0730500"
40679,"Os05g0294800"
40680,"Os03g0412900"
40681,"Os04g0173300"
40682,"Os02g0163800"
40683,"Os10g0484800"
40684,"Os04g0281900"
40685,"Os10g0551400"
40686,"Os02g0464400"
40687,"Os02g0145200"
40688,"Os08g0519700"
40689,"Os08g0399500"
40690,"Os12g0586600"
40691,"Os01g0845100"
40692,"Os06g0703300"
40693,"POsControl0043"
40694,"Os01g0530400"
40695,"Os03g0200500"
40696,"Os01g0642900"
40697,"Os01g0924700"
40698,"Os07g0170000"
40699,"Os01g0723400"
40700,"Os01g0945300"
40701,"Os06g0126000"
40702,"Os09g0411700"
40703,"Os12g0167900"
40704,"Os09g0567500"
40705,"Os09g0316000"
40706,"Os04g0638700"
40707,"Os04g0649700"
40708,"Os02g0513700"
40709,"Os06g0153800"
40710,"Os02g0245000"
40711,"Os11g0616900"
40712,"Os02g0468200"
40713,"osa-miR439d"
40714,"Os08g0220400"
40715,"Os04g0606000"
40716,"Os02g0817700"
40717,"Os02g0817600"
40718,"Os05g0357200"
40719,"Os06g0701300"
40720,"Os05g0349700"
40721,"Os01g0211600"
40722,"Os02g0232900"
40723,"Os08g0292400"
40724,"Os08g0345800"
40725,"Os11g0209900"
40726,"Os04g0309600"
40727,"Os05g0328900"
40728,"Os03g0728400"
40729,"Os06g0124900"
40730,"Os04g0563300"
40731,"Os09g0132600"
40732,"Os02g0552100"
40733,"Os10g0525400"
40734,"Os01g0644500"
40735,"Os02g0786900"
40736,"Os01g0738500"
40737,"Os04g0348300"
40738,"Os11g0239600"
40739,"Os06g0620200"
40740,"Os03g0436400"
40741,"Os08g0308100"
40742,"Os05g0162800"
40743,"Os09g0436800"
40744,"Os11g0159500"
40745,"Os06g0342200"
40746,"40746"
40747,"Os03g0729500"
40748,"Os03g0225500"
40749,"Os09g0505800"
40750,"Os03g0565500"
40751,"Os11g0572100"
40752,"Os02g0743500"
40753,"Os07g0249600"
40754,"Os03g0102000"
40755,"Os04g0178300"
40756,"Os01g0786500"
40757,"Os11g0532900"
40758,"Os07g0418000"
40759,"osa-miR399a"
40760,"Os01g0657100"
40761,"Os01g0927000"
40762,"Os04g0685300"
40763,"Os01g0765300"
40764,"Os04g0477000"
40765,"Os02g0121000"
40766,"Os09g0132300"
40767,"Os03g0836200"
40768,"Os01g0600400"
40769,"Os09g0431500"
40770,"Os09g0451500"
40771,"Os08g0512900"
40772,"Os04g0268700"
40773,"Os06g0593800"
40774,"Os09g0544800"
40775,"Os07g0142200"
40776,"Os05g0527100"
40777,"Os05g0456200"
40778,"Os05g0591900"
40779,"Os05g0539800"
40780,"Os02g0126700"
40781,"Os06g0480000"
40782,"Os01g0797100"
40783,"Os02g0110400"
40784,"Os08g0442600"
40785,"Os03g0271200"
40786,"Os08g0333100"
40787,"Os02g0832500"
40788,"Os12g0507000"
40789,"Os08g0508000"
40790,"Os11g0672800"
40791,"Os03g0729200"
40792,"Os04g0175300"
40793,"Os03g0356700"
40794,"Os01g0789400"
40795,"40795"
40796,"Os05g0159700"
40797,"Os07g0409700"
40798,"Os12g0569000"
40799,"Os03g0842900"
40800,"Os07g0247000"
40801,"Os08g0477900"
40802,"Os04g0635800"
40803,"Os07g0551300"
40804,"Os04g0643700"
40805,"Os01g0856000"
40806,"Os04g0489600"
40807,"POsControl0020"
40808,"Os01g0512400"
40809,"Os03g0851700"
40810,"Os11g0530600"
40811,"Os04g0416100"
40812,"Os10g0560500"
40813,"Os08g0557900"
40814,"Os08g0112800"
40815,"Os02g0203200"
40816,"Os09g0458400"
40817,"Os06g0571400"
40818,"Os02g0705300"
40819,"Os11g0283500"
40820,"Os01g0154300"
40821,"Os06g0188500"
40822,"Os08g0557100"
40823,"Os09g0459500"
40824,"Os04g0570800"
40825,"Os01g0914200"
40826,"Os07g0649400"
40827,"Os05g0142100"
40828,"Os09g0512900"
40829,"Os01g0330100"
40830,"Os01g0102900"
40831,"Os03g0126300"
40832,"Os05g0210500"
40833,"Os01g0595600"
40834,"Os01g0349400"
40835,"Os02g0780600"
40836,"Os07g0664400"
40837,"Os08g0272800"
40838,"Os11g0675200"
40839,"Os05g0512000"
40840,"osa-miR169k"
40841,"Os12g0550800"
40842,"Os02g0792800"
40843,"Os08g0156000"
40844,"Os07g0641400"
40845,"Os01g0495200"
40846,"Os01g0311800"
40847,"Os01g0187400"
40848,"Os11g0459400"
40849,"Os03g0850100"
40850,"Os04g0686700"
40851,"Os01g0615300"
40852,"Os07g0204900"
40853,"Os06g0566600"
40854,"Os01g0673800"
40855,"Os07g0668800"
40856,"Os01g0219200"
40857,"Os02g0820700"
40858,"Os03g0381200"
40859,"40859"
40860,"Os01g0749000"
40861,"Os01g0766400"
40862,"Os01g0379000"
40863,"Os03g0227500"
40864,"Os05g0270200"
40865,"Os07g0673400"
40866,"Os03g0329900"
40867,"Os03g0257900"
40868,"Os04g0626400"
40869,"Os04g0625900"
40870,"Os05g0176100"
40871,"Os03g0829600"
40872,"Os09g0394600"
40873,"osa-miR166k"
40874,"Os11g0168200"
40875,"Os03g0209600"
40876,"Os04g0296700"
40877,"Os03g0626500"
40878,"Os03g0676400"
40879,"Os10g0109300"
40880,"Os05g0361200"
40881,"Os08g0477800"
40882,"Os07g0534300"
40883,"Os01g0928400"
40884,"Os07g0282500"
40885,"Os04g0355900"
40886,"Os06g0694100"
40887,"Os10g0476100"
40888,"40888"
40889,"Os01g0610600"
40890,"Os09g0281600"
40891,"Os11g0158300"
40892,"Os10g0181600"
40893,"Os08g0227400"
40894,"Os02g0754300"
40895,"Os04g0471700"
40896,"Os01g0513900"
40897,"Os04g0490500"
40898,"Os02g0249300"
40899,"Os01g0139200"
40900,"Os08g0465300"
40901,"Os04g0518000"
40902,"Os03g0559900"
40903,"Os11g0162100"
40904,"Os01g0548200"
40905,"Os02g0465900"
40906,"Os01g0723400"
40907,"Os05g0557600"
40908,"Os03g0194300"
40909,"Os04g0545200"
40910,"Os07g0244200"
40911,"Os02g0115700"
40912,"Os01g0571700"
40913,"Os10g0185700"
40914,"Os05g0591900"
40915,"Os01g0814500"
40916,"Os07g0237200"
40917,"Os06g0182400"
40918,"Os10g0324600"
40919,"Os11g0496500"
40920,"Os03g0234200"
40921,"Os06g0646100"
40922,"Os02g0108700"
40923,"Os02g0478500"
40924,"Os01g0126900"
40925,"Os01g0760400"
40926,"Os02g0664400"
40927,"Os09g0541600"
40928,"Os07g0105300"
40929,"Os07g0686900"
40930,"Os11g0303600"
40931,"Os04g0114100"
40932,"Os02g0631200"
40933,"osa-miR169k"
40934,"Os12g0183100"
40935,"Os03g0773300"
40936,"Os03g0300600"
40937,"Os03g0798600"
40938,"Os06g0247800"
40939,"Os02g0232000"
40940,"Os07g0430100"
40941,"Os12g0535900"
40942,"Os01g0279200"
40943,"Os01g0660100"
40944,"Os01g0316600"
40945,"Os01g0918300"
40946,"Os04g0351200"
40947,"Os11g0146000"
40948,"Os05g0574500"
40949,"Os09g0296400"
40950,"Os11g0624500"
40951,"Os01g0810600"
40952,"osa-miR395d"
40953,"Os04g0431100"
40954,"Os02g0705500"
40955,"Os03g0154000"
40956,"Os11g0702200"
40957,"Os01g0878800"
40958,"Os03g0238800"
40959,"Os01g0264200"
40960,"Os03g0374100"
40961,"Os08g0467400"
40962,"osa-miR395a"
40963,"Os02g0706500"
40964,"Os07g0621600"
40965,"Os07g0100200"
40966,"Os02g0693000"
40967,"Os03g0838100"
40968,"Os08g0197800"
40969,"Os04g0496400"
40970,"Os02g0498000"
40971,"Os07g0181000"
40972,"Os02g0508000"
40973,"Os07g0522900"
40974,"Os01g0749200"
40975,"Os03g0197900"
40976,"Os02g0247000"
40977,"Os05g0361900"
40978,"Os06g0136800"
40979,"Os02g0465900"
40980,"Os05g0390000"
40981,"Os03g0128600"
40982,"Os12g0114800"
40983,"Os03g0206400"
40984,"Os10g0148100"
40985,"Os05g0215500"
40986,"Os10g0126100"
40987,"Os06g0688000"
40988,"osa-miR169l"
40989,"Os03g0288400"
40990,"40990"
40991,"Os01g0136500"
40992,"Os01g0729900"
40993,"Os04g0359900"
40994,"Os03g0423200"
40995,"Os07g0184900"
40996,"Os01g0956800"
40997,"Os07g0177300"
40998,"Os04g0463200"
40999,"Os04g0270100"
41000,"Os03g0186600"
41001,"Os11g0533500"
41002,"Os01g0951100"
41003,"Os01g0250000"
41004,"Os10g0358600"
41005,"Os02g0244000"
41006,"Os03g0339300"
41007,"Os04g0624900"
41008,"Os10g0400700"
41009,"osa-miR442"
41010,"Os05g0297200"
41011,"Os01g0750000"
41012,"Os05g0540100"
41013,"Os11g0311300"
41014,"Os12g0607000"
41015,"Os10g0474900"
41016,"Os02g0131700"
41017,"Os04g0330200"
41018,"Os02g0190800"
41019,"Os01g0805500"
41020,"Os08g0320500"
41021,"Os01g0967000"
41022,"Os07g0223700"
41023,"Os07g0110000"
41024,"Os03g0714100"
41025,"Os03g0213100"
41026,"41026"
41027,"Os12g0244200"
41028,"Os02g0815800"
41029,"Os06g0152200"
41030,"Os01g0836800"
41031,"Os12g0181900"
41032,"Os04g0319500"
41033,"Os10g0573700"
41034,"Os12g0160900"
41035,"osa-miR395h"
41036,"Os05g0256000"
41037,"Os09g0560700"
41038,"Os01g0363000"
41039,"Os08g0103300"
41040,"Os01g0901500"
41041,"Os10g0414700"
41042,"Os01g0867100"
41043,"Os07g0647200"
41044,"Os01g0249100"
41045,"Os03g0805300"
41046,"Os03g0194500"
41047,"Os03g0197700"
41048,"Os11g0533100"
41049,"Os03g0195900"
41050,"Os01g0210500"
41051,"Os03g0794900"
41052,"Os04g0656100"
41053,"Os03g0265400"
41054,"Os06g0239000"
41055,"Os01g0552000"
41056,"Os04g0380300"
41057,"Os12g0576900"
41058,"Os04g0509400"
41059,"Os02g0767500"
41060,"Os04g0107500"
41061,"Os03g0718100"
41062,"Os02g0503100"
41063,"Os01g0633100"
41064,"Os08g0203600"
41065,"Os11g0276100"
41066,"Os05g0318600"
41067,"Os04g0383100"
41068,"Os02g0245900"
41069,"Os07g0641500"
41070,"Os09g0549700"
41071,"Os12g0241800"
41072,"Os10g0532100"
41073,"Os02g0558100"
41074,"Os06g0214100"
41075,"Os05g0490200"
41076,"41076"
41077,"Os05g0102900"
41078,"Os02g0161200"
41079,"Os02g0769700"
41080,"Os06g0241100"
41081,"Os03g0422600"
41082,"Os03g0808100"
41083,"Os03g0836000"
41084,"Os06g0339500"
41085,"Os03g0177400"
41086,"Os06g0216300"
41087,"Os05g0267800"
41088,"Os10g0528400"
41089,"Os04g0429500"
41090,"Os06g0336200"
41091,"Os03g0378200"
41092,"Os02g0156900"
41093,"Os02g0587800"
41094,"Os09g0322500"
41095,"Os03g0295800"
41096,"Os06g0270900"
41097,"Os04g0451000"
41098,"Os03g0416200"
41099,"Os05g0181300"
41100,"Os08g0195400"
41101,"Os07g0150000"
41102,"osa-miR159e"
41103,"Os11g0695900"
41104,"Os01g0681200"
41105,"Os05g0414400"
41106,"Os01g0302900"
41107,"Os01g0170400"
41108,"Os06g0517300"
41109,"Os05g0430300"
41110,"Os05g0550700"
41111,"Os03g0307200"
41112,"Os04g0438400"
41113,"Os09g0555700"
41114,"Os05g0383000"
41115,"osa-miR167j"
41116,"Os02g0255200"
41117,"Os08g0307000"
41118,"Os01g0710300"
41119,"POsControl0036"
41120,"Os10g0515000"
41121,"Os09g0274700"
41122,"Os01g0165000"
41123,"Os09g0534800"
41124,"Os02g0121300"
41125,"Os04g0502300"
41126,"Os05g0162800"
41127,"Os03g0130900"
41128,"Os04g0402200"
41129,"Os09g0558100"
41130,"Os02g0529600"
41131,"Os02g0809900"
41132,"Os02g0204000"
41133,"Os04g0551200"
41134,"Os12g0163800"
41135,"Os04g0347600"
41136,"Os03g0137600"
41137,"Os03g0223000"
41138,"Os03g0718100"
41139,"41139"
41140,"POsControl0045"
41141,"Os02g0503400"
41142,"POsControl0024"
41143,"Os02g0212900"
41144,"Os07g0510400"
41145,"Os11g0591000"
41146,"Os09g0127700"
41147,"Os01g0967900"
41148,"Os11g0157900"
41149,"Os02g0643200"
41150,"Os05g0574500"
41151,"Os03g0334200"
41152,"41152"
41153,"Os01g0218700"
41154,"Os12g0467300"
41155,"Os11g0462100"
41156,"Os07g0452700"
41157,"Os02g0122300"
41158,"Os09g0567400"
41159,"Os02g0285300"
41160,"Os07g0680900"
41161,"Os02g0516400"
41162,"Os03g0185700"
41163,"Os05g0227700"
41164,"Os01g0144200"
41165,"Os11g0208100"
41166,"Os11g0598800"
41167,"Os07g0271500"
41168,"Os02g0689500"
41169,"Os11g0664000"
41170,"Os10g0341700"
41171,"Os11g0579700"
41172,"Os01g0250400"
41173,"Os03g0399500"
41174,"Os01g0517800"
41175,"Os08g0172300"
41176,"Os03g0436400"
41177,"Os10g0353100"
41178,"Os01g0144100"
41179,"Os11g0618200"
41180,"Os04g0394700"
41181,"Os02g0624400"
41182,"Os09g0266600"
41183,"Os02g0771700"
41184,"Os05g0439100"
41185,"Os05g0323400"
41186,"Os07g0611100"
41187,"Os03g0806800"
41188,"Os03g0705300"
41189,"Os01g0111600"
41190,"Os03g0831200"
41191,"Os07g0599500"
41192,"Os09g0510200"
41193,"Os03g0323600"
41194,"Os03g0291700"
41195,"Os03g0309000"
41196,"POsControl0011"
41197,"Os12g0139300"
41198,"Os03g0315800"
41199,"Os04g0636900"
41200,"Os05g0119200"
41201,"Os10g0160600"
41202,"Os02g0521300"
41203,"Os02g0580900"
41204,"Os11g0542800"
41205,"Os02g0580300"
41206,"Os10g0198100"
41207,"Os03g0220100"
41208,"Os12g0511100"
41209,"Os11g0457000"
41210,"Os02g0327700"
41211,"Os08g0237000"
41212,"Os03g0237000"
41213,"Os12g0411700"
41214,"Os12g0431300"
41215,"Os03g0804800"
41216,"Os08g0155400"
41217,"Os04g0451100"
41218,"Os02g0152800"
41219,"osa-miR416"
41220,"Os01g0602900"
41221,"Os09g0514900"
41222,"Os04g0465500"
41223,"Os04g0304000"
41224,"Os05g0369900"
41225,"Os04g0534100"
41226,"Os09g0525600"
41227,"Os03g0782500"
41228,"Os04g0497600"
41229,"Os01g0759200"
41230,"Os07g0287000"
41231,"Os11g0121400"
41232,"Os09g0570200"
41233,"Os05g0115200"
41234,"Os04g0590900"
41235,"Os01g0905700"
41236,"Os01g0147700"
41237,"Os01g0816700"
41238,"Os03g0178000"
41239,"Os01g0100900"
41240,"Os12g0179100"
41241,"Os01g0146600"
41242,"41242"
41243,"Os11g0156600"
41244,"Os02g0317700"
41245,"Os04g0539500"
41246,"Os04g0223900"
41247,"Os03g0725400"
41248,"Os01g0499100"
41249,"Os03g0255500"
41250,"Os12g0278800"
41251,"Os11g0105000"
41252,"Os08g0197200"
41253,"Os02g0793900"
41254,"Os05g0136800"
41255,"Os12g0176500"
41256,"Os08g0499300"
41257,"Os11g0598700"
41258,"Os11g0176200"
41259,"Os12g0515400"
41260,"Os03g0214600"
41261,"Os03g0581800"
41262,"Os02g0639800"
41263,"Os02g0300000"
41264,"Os11g0153000"
41265,"Os06g0149300"
41266,"Os05g0127000"
41267,"Os08g0304400"
41268,"Os04g0271200"
41269,"Os05g0185700"
41270,"Os08g0357000"
41271,"Os01g0130000"
41272,"Os05g0501600"
41273,"Os01g0749400"
41274,"Os02g0664300"
41275,"Os05g0564100"
41276,"Os07g0684400"
41277,"Os08g0127100"
41278,"Os12g0623500"
41279,"Os01g0650000"
41280,"Os08g0378000"
41281,"Os11g0106100"
41282,"Os07g0440100"
41283,"Os05g0539700"
41284,"Os02g0554200"
41285,"Os05g0494200"
41286,"Os01g0780500"
41287,"Os05g0443400"
41288,"Os01g0251200"
41289,"Os02g0584800"
41290,"Os11g0223400"
41291,"Os01g0701400"
41292,"Os08g0263300"
41293,"Os08g0144400"
41294,"Os09g0123200"
41295,"Os03g0799300"
41296,"Os07g0302000"
41297,"Os01g0935400"
41298,"Os03g0571700"
41299,"Os03g0582000"
41300,"Os09g0538500"
41301,"Os04g0489900"
41302,"Os04g0669500"
41303,"Os08g0489800"
41304,"Os02g0532900"
41305,"Os05g0429500"
41306,"Os03g0261100"
41307,"Os09g0413300"
41308,"Os07g0685900"
41309,"Os10g0391500"
41310,"Os01g0293300"
41311,"Os01g0244200"
41312,"Os10g0434700"
41313,"Os01g0522800"
41314,"Os12g0429800"
41315,"Os09g0452200"
41316,"Os03g0833800"
41317,"Os03g0275100"
41318,"Os02g0654700"
41319,"Os08g0132600"
41320,"Os08g0375800"
41321,"41321"
41322,"Os03g0252100"
41323,"Os03g0730800"
41324,"Os02g0699400"
41325,"Os03g0197400"
41326,"Os05g0529200"
41327,"Os03g0448500"
41328,"Os05g0534100"
41329,"Os09g0423300"
41330,"Os10g0511600"
41331,"Os10g0516400"
41332,"Os10g0532900"
41333,"Os05g0593800"
41334,"Os06g0608800"
41335,"Os01g0871300"
41336,"Os09g0346500"
41337,"Os01g0736400"
41338,"Os07g0555100"
41339,"Os08g0375700"
41340,"Os05g0513600"
41341,"Os04g0105300"
41342,"Os05g0138300"
41343,"Os01g0973600"
41344,"Os01g0865100"
41345,"Os04g0669800"
41346,"Os01g0726100"
41347,"Os06g0237300"
41348,"Os07g0167500"
41349,"Os01g0224100"
41350,"Os03g0853900"
41351,"Os10g0136400"
41352,"Os01g0125600"
41353,"Os01g0607200"
41354,"Os01g0947000"
41355,"Os11g0688000"
41356,"Os12g0466200"
41357,"Os08g0399700"
41358,"Os12g0510000"
41359,"Os10g0208500"
41360,"Os03g0718100"
41361,"Os07g0569400"
41362,"Os06g0471100"
41363,"Os07g0238400"
41364,"Os12g0107600"
41365,"Os04g0164900"
41366,"Os07g0581300"
41367,"Os04g0583900"
41368,"Os07g0185100"
41369,"Os07g0107100"
41370,"Os08g0270500"
41371,"Os03g0607700"
41372,"Os12g0589100"
41373,"Os11g0525200"
41374,"Os12g0576700"
41375,"Os12g0605600"
41376,"Os02g0816400"
41377,"Os03g0370900"
41378,"Os06g0699900"
41379,"Os04g0623600"
41380,"Os03g0425600"
41381,"Os01g0684800"
41382,"Os07g0134000"
41383,"Os04g0619200"
41384,"Os12g0559200"
41385,"Os03g0815400"
41386,"Os03g0832900"
41387,"Os04g0469100"
41388,"Os02g0287000"
41389,"Os01g0322700"
41390,"Os05g0531600"
41391,"Os03g0381200"
41392,"Os01g0901200"
41393,"Os02g0452500"
41394,"Os05g0395000"
41395,"Os02g0736400"
41396,"osa-miR159c"
41397,"Os01g0632300"
41398,"Os02g0203300"
41399,"Os07g0534200"
41400,"Os07g0538400"
41401,"Os05g0420000"
41402,"Os12g0597800"
41403,"Os03g0103000"
41404,"Os11g0521900"
41405,"Os09g0450200"
41406,"PZmControl0002"
41407,"Os11g0443700"
41408,"Os07g0581700"
41409,"Os10g0458600"
41410,"Os05g0455500"
41411,"Os12g0257900"
41412,"Os07g0122300"
41413,"Os08g0315200"
41414,"Os03g0724300"
41415,"Os01g0837500"
41416,"Os11g0291000"
41417,"Os03g0850000"
41418,"Os10g0437000"
41419,"Os12g0446900"
41420,"Os03g0121200"
41421,"Os01g0756700"
41422,"Os06g0342100"
41423,"Os07g0575700"
41424,"Os02g0240300"
41425,"Os05g0362300"
41426,"Os02g0655300"
41427,"Os01g0747600"
41428,"Os04g0562300"
41429,"Os04g0482100"
41430,"Os10g0469100"
41431,"Os11g0267000"
41432,"Os05g0170900"
41433,"Os01g0667700"
41434,"Os12g0420200"
41435,"Os12g0203100"
41436,"Os06g0635300"
41437,"Os12g0126300"
41438,"Os08g0408200"
41439,"Os08g0480800"
41440,"Os05g0374500"
41441,"Os05g0100600"
41442,"Os03g0270700"
41443,"Os06g0196500"
41444,"Os08g0374400"
41445,"Os05g0223300"
41446,"Os10g0204400"
41447,"Os03g0774300"
41448,"Os03g0141200"
41449,"Os06g0680900"
41450,"Os08g0101600"
41451,"Os09g0111700"
41452,"Os04g0571800"
41453,"Os01g0706400"
41454,"Os06g0130800"
41455,"osa-miR395d"
41456,"Os07g0637000"
41457,"Os03g0348200"
41458,"Os12g0528400"
41459,"Os02g0542400"
41460,"41460"
41461,"Os02g0492500"
41462,"Os07g0231500"
41463,"Os02g0114200"
41464,"Os08g0127700"
41465,"Os06g0527300"
41466,"Os08g0562600"
41467,"41467"
41468,"Os09g0261200"
41469,"41469"
41470,"Os01g0713700"
41471,"Os03g0174500"
41472,"Os11g0597400"
41473,"Os09g0124200"
41474,"Os05g0596500"
41475,"Os11g0127800"
41476,"Os11g0692700"
41477,"Os11g0446500"
41478,"Os05g0547100"
41479,"Os05g0361700"
41480,"Os02g0137600"
41481,"POsControl0006"
41482,"Os02g0813100"
41483,"Os08g0398500"
41484,"Os07g0267400"
41485,"Os03g0773600"
41486,"Os01g0859100"
41487,"Os09g0490200"
41488,"Os01g0565800"
41489,"Os02g0121300"
41490,"Os02g0625300"
41491,"Os07g0637200"
41492,"Os02g0153300"
41493,"Os12g0485900"
41494,"Os10g0548900"
41495,"Os06g0482500"
41496,"Os01g0950200"
41497,"Os04g0118400"
41498,"Os02g0114600"
41499,"Os05g0592600"
41500,"osa-miR396c"
41501,"Os02g0721400"
41502,"Os01g0214200"
41503,"Os09g0272000"
41504,"Os04g0644400"
41505,"Os01g0264000"
41506,"Os10g0188300"
41507,"Os02g0452900"
41508,"Os04g0558400"
41509,"Os04g0397100"
41510,"Os07g0134400"
41511,"Os06g0335900"
41512,"Os11g0618300"
41513,"Os04g0271000"
41514,"Os09g0544400"
41515,"Os04g0668900"
41516,"Os07g0631500"
41517,"Os10g0536000"
41518,"Os01g0887700"
41519,"Os07g0419500"
41520,"Os04g0328900"
41521,"osa-miR167i"
41522,"Os06g0168700"
41523,"Os11g0706200"
41524,"Os08g0376500"
41525,"Os05g0527400"
41526,"Os10g0368100"
41527,"Os03g0685000"
41528,"Os07g0677200"
41529,"Os07g0115900"
41530,"Os11g0592500"
41531,"Os07g0664500"
41532,"Os09g0482300"
41533,"Os05g0490300"
41534,"Os12g0533500"
41535,"Os01g0206700"
41536,"Os06g0268900"
41537,"Os02g0742000"
41538,"41538"
41539,"Os01g0928700"
41540,"Os09g0436500"
41541,"Os08g0355100"
41542,"Os03g0436500"
41543,"Os06g0644200"
41544,"Os02g0219900"
41545,"Os07g0538000"
41546,"Os01g0779500"
41547,"Os11g0530600"
41548,"Os06g0731900"
41549,"Os11g0518300"
41550,"Os12g0138500"
41551,"Os06g0160700"
41552,"Os03g0747700"
41553,"Os08g0286500"
41554,"Os09g0341100"
41555,"Os06g0112800"
41556,"Os12g0241100"
41557,"Os04g0470300"
41558,"Os10g0437500"
41559,"Os10g0539700"
41560,"Os08g0124100"
41561,"Os05g0108800"
41562,"Os07g0647900"
41563,"Os11g0611600"
41564,"Os08g0117000"
41565,"Os01g0887700"
41566,"Os04g0662400"
41567,"Os03g0207900"
41568,"Os05g0142400"
41569,"osa-miR171e"
41570,"Os02g0832800"
41571,"Os12g0500700"
41572,"Os02g0825700"
41573,"Os10g0476300"
41574,"Os09g0364800"
41575,"Os06g0133900"
41576,"Os02g0486800"
41577,"Os07g0180900"
41578,"Os01g0930200"
41579,"osa-miR437"
41580,"Os03g0449200"
41581,"Os10g0547200"
41582,"Os05g0392700"
41583,"Os05g0320700"
41584,"Os12g0489100"
41585,"Os10g0336600"
41586,"Os01g0503400"
41587,"Os10g0391500"
41588,"Os05g0329400"
41589,"Os01g0882100"
41590,"Os10g0414000"
41591,"Os02g0645600"
41592,"Os05g0477900"
41593,"Os05g0456300"
41594,"Os05g0571800"
41595,"Os11g0582500"
41596,"Os04g0479900"
41597,"Os03g0105500"
41598,"Os04g0177600"
41599,"Os08g0484100"
41600,"Os03g0138100"
41601,"41601"
41602,"Os03g0263600"
41603,"Os11g0544600"
41604,"Os02g0718600"
41605,"Os06g0661800"
41606,"Os09g0346500"
41607,"Os06g0317200"
41608,"Os01g0185200"
41609,"Os03g0799100"
41610,"Os01g0150200"
41611,"Os08g0449500"
41612,"Os03g0655200"
41613,"Os02g0306900"
41614,"Os06g0191800"
41615,"Os07g0589400"
41616,"POsControl0024"
41617,"Os06g0216300"
41618,"Os10g0573100"
41619,"Os06g0608300"
41620,"Os07g0230700"
41621,"Os03g0562000"
41622,"Os01g0763800"
41623,"Os03g0851000"
41624,"Os10g0572300"
41625,"Os08g0481200"
41626,"Os03g0698200"
41627,"Os12g0564600"
41628,"Os01g0850400"
41629,"Os02g0602800"
41630,"Os02g0453800"
41631,"Os12g0532500"
41632,"Os05g0153300"
41633,"Os07g0556100"
41634,"Os08g0143500"
41635,"Os12g0138100"
41636,"Os04g0381500"
41637,"Os07g0671100"
41638,"Os05g0358400"
41639,"Os08g0141000"
41640,"Os01g0137100"
41641,"Os03g0307800"
41642,"Os07g0544800"
41643,"Os02g0585200"
41644,"Os07g0494900"
41645,"Os01g0588800"
41646,"Os01g0916300"
41647,"Os05g0380900"
41648,"Os08g0567100"
41649,"Os11g0512100"
41650,"Os05g0373500"
41651,"Os11g0620100"
41652,"Os07g0425000"
41653,"Os03g0683900"
41654,"Os04g0542800"
41655,"Os05g0489600"
41656,"Os08g0438600"
41657,"Os11g0150100"
41658,"Os06g0729500"
41659,"osa-miR395e"
41660,"Os08g0237800"
41661,"Os07g0665200"
41662,"Os03g0762300"
41663,"Os02g0600100"
41664,"Os06g0103500"
41665,"Os09g0538400"
41666,"Os03g0352400"
41667,"osa-miR169k"
41668,"Os03g0857900"
41669,"Os06g0179500"
41670,"Os12g0564100"
41671,"Os07g0238700"
41672,"Os04g0446200"
41673,"Os05g0174900"
41674,"Os10g0205200"
41675,"Os03g0854100"
41676,"Os03g0207700"
41677,"Os09g0420200"
41678,"Os10g0580300"
41679,"Os05g0376700"
41680,"Os03g0829000"
41681,"Os02g0170200"
41682,"Os04g0361900"
41683,"Os11g0455500"
41684,"Os05g0240200"
41685,"Os08g0254500"
41686,"Os04g0455800"
41687,"Os11g0297000"
41688,"Os12g0560200"
41689,"Os08g0495300"
41690,"Os01g0716200"
41691,"Os05g0360900"
41692,"Os04g0115900"
41693,"Os10g0104300"
41694,"Os07g0408700"
41695,"Os08g0375700"
41696,"Os07g0432100"
41697,"Os04g0610100"
41698,"Os04g0497700"
41699,"Os05g0122100"
41700,"Os11g0665600"
41701,"Os03g0758400"
41702,"Os05g0431700"
41703,"Os10g0488900"
41704,"Os09g0515200"
41705,"Os11g0471100"
41706,"osa-miR169c"
41707,"Os06g0633500"
41708,"Os05g0580000"
41709,"Os09g0482100"
41710,"41710"
41711,"Os02g0158400"
41712,"Os01g0276500"
41713,"Os12g0132800"
41714,"Os05g0582000"
41715,"Os05g0392300"
41716,"Os09g0135800"
41717,"Os03g0232800"
41718,"Os06g0287700"
41719,"Os02g0189700"
41720,"Os01g0736500"
41721,"Os03g0151800"
41722,"Os07g0222300"
41723,"Os07g0634000"
41724,"Os08g0408500"
41725,"Os06g0729300"
41726,"Os10g0412000"
41727,"Os05g0143500"
41728,"Os06g0661800"
41729,"Os03g0368900"
41730,"Os09g0274900"
41731,"Os03g0577100"
41732,"Os03g0245200"
41733,"Os07g0196900"
41734,"Os09g0278000"
41735,"osa-miR169l"
41736,"Os12g0540900"
41737,"Os02g0675800"
41738,"Os07g0438500"
41739,"Os07g0120300"
41740,"Os09g0362800"
41741,"Os12g0294800"
41742,"Os08g0516600"
41743,"Os01g0579800"
41744,"Os02g0496300"
41745,"Os10g0130700"
41746,"Os03g0746500"
41747,"Os03g0617700"
41748,"Os12g0527800"
41749,"Os12g0106000"
41750,"Os11g0703400"
41751,"Os11g0150400"
41752,"Os03g0178200"
41753,"Os08g0120000"
41754,"Os03g0142300"
41755,"Os09g0127800"
41756,"Os01g0143900"
41757,"Os03g0265400"
41758,"Os01g0303100"
41759,"Os11g0495700"
41760,"Os12g0216000"
41761,"Os11g0297900"
41762,"Os06g0264800"
41763,"Os09g0472900"
41764,"Os09g0405200"
41765,"Os02g0651600"
41766,"Os06g0245800"
41767,"Os09g0552400"
41768,"Os10g0519300"
41769,"Os01g0188100"
41770,"Os05g0595200"
41771,"Os01g0826800"
41772,"Os07g0192000"
41773,"Os03g0212000"
41774,"Os01g0301000"
41775,"Os06g0501900"
41776,"Os06g0184200"
41777,"Os04g0629700"
41778,"Os01g0621900"
41779,"Os09g0476800"
41780,"Os11g0215300"
41781,"Os01g0858200"
41782,"Os02g0174700"
41783,"Os08g0116400"
41784,"Os02g0754700"
41785,"Os12g0448900"
41786,"Os07g0457800"
41787,"Os06g0160800"
41788,"Os01g0510500"
41789,"Os06g0159600"
41790,"Os01g0113900"
41791,"Os10g0159300"
41792,"Os08g0173300"
41793,"Os03g0137600"
41794,"Os01g0813800"
41795,"osa-miR399d"
41796,"Os03g0803700"
41797,"Os10g0457400"
41798,"osa-miR169k"
41799,"Os10g0510000"
41800,"Os12g0171300"
41801,"Os04g0212400"
41802,"Os07g0597500"
41803,"Os12g0502000"
41804,"Os09g0446800"
41805,"Os01g0603300"
41806,"Os09g0109800"
41807,"Os02g0829500"
41808,"Os04g0508300"
41809,"Os06g0147100"
41811,"Os07g0191200"
41812,"Os02g0196800"
41813,"Os10g0150700"
41814,"Os04g0615100"
41815,"Os12g0502300"
41816,"Os02g0459300"
41817,"Os11g0482400"
41818,"Os11g0565300"
41819,"Os07g0534700"
41820,"Os06g0727000"
41821,"Os03g0374500"
41822,"Os02g0168700"
41823,"Os02g0566500"
41824,"Os04g0146800"
41825,"Os06g0289200"
41826,"Os12g0499200"
41827,"Os11g0559600"
41828,"Os01g0654100"
41829,"Os04g0682800"
41830,"Os01g0210900"
41831,"PGmControl0001"
41832,"Os05g0319900"
41833,"Os04g0357200"
41834,"Os03g0819900"
41835,"Os03g0845300"
41836,"Os09g0571500"
41837,"Os09g0534200"
41838,"Os08g0114100"
41839,"Os02g0138500"
41840,"Os06g0717400"
41841,"Os05g0354400"
41842,"41842"
41843,"Os03g0644100"
41844,"Os10g0210500"
41845,"Os12g0576200"
41846,"Os01g0311600"
41847,"Os01g0189800"
41848,"Os04g0445300"
41849,"POsControl0040"
41850,"Os07g0118800"
41851,"Os07g0123700"
41852,"Os10g0568200"
41853,"Os06g0146300"
41854,"Os12g0225900"
41855,"Os03g0819900"
41856,"Os01g0107000"
41857,"Os04g0429800"
41858,"Os06g0133400"
41859,"Os05g0553700"
41860,"Os01g0687800"
41861,"Os10g0461100"
41862,"Os01g0956700"
41863,"Os11g0161000"
41864,"41864"
41865,"Os11g0544200"
41866,"Os11g0538400"
41867,"Os12g0638800"
41868,"Os07g0436700"
41869,"Os05g0494500"
41870,"Os11g0171800"
41871,"Os04g0452600"
41872,"Os04g0689400"
41873,"Os05g0542200"
41874,"Os12g0193100"
41875,"Os12g0423700"
41876,"Os10g0208600"
41877,"osa-miR445a"
41878,"Os01g0309800"
41879,"Os06g0683200"
41880,"Os02g0573200"
41881,"Os06g0232300"
41882,"Os11g0238400"
41883,"POsControl0047"
41884,"Os03g0820400"
41885,"Os05g0476100"
41886,"Os02g0671400"
41887,"Os05g0194600"
41888,"Os09g0467200"
41889,"Os02g0168100"
41890,"Os07g0522600"
41891,"Os09g0321700"
41892,"Os11g0550500"
41893,"Os09g0306700"
41894,"Os07g0555200"
41895,"Os02g0172800"
41896,"Os10g0154000"
41897,"Os05g0379500"
41898,"Os01g0533400"
41899,"Os03g0284900"
41900,"Os03g0111100"
41901,"Os02g0230000"
41902,"Os12g0561900"
41903,"Os05g0468900"
41904,"Os03g0326300"
41905,"Os07g0650000"
41906,"Os12g0192500"
41907,"Os07g0256100"
41908,"Os01g0266100"
41909,"Os05g0149200"
41910,"Os08g0315000"
41911,"Os12g0612500"
41912,"Os02g0653800"
41913,"Os12g0109800"
41914,"Os03g0387900"
41915,"Os06g0156400"
41916,"Os01g0249300"
41917,"Os05g0214400"
41918,"Os02g0265200"
41919,"Os04g0225600"
41920,"Os02g0662100"
41921,"Os10g0575600"
41922,"Os09g0297400"
41923,"Os06g0560400"
41924,"Os02g0533700"
41925,"Os02g0717800"
41926,"Os05g0567800"
41927,"Os01g0283700"
41928,"Os02g0733800"
41929,"Os07g0678600"
41930,"Os07g0559400"
41931,"Os07g0127600"
41932,"Os06g0668000"
41933,"Os01g0600900"
41934,"Os08g0316800"
41935,"Os07g0684000"
41936,"Os05g0547700"
41937,"Os01g0218700"
41938,"Os01g0778100"
41939,"Os07g0618600"
41940,"Os09g0560700"
41941,"Os03g0199300"
41942,"Os07g0564100"
41943,"Os06g0320500"
41944,"Os01g0660600"
41945,"Os05g0151200"
41946,"Os01g0975300"
41947,"Os02g0758800"
41948,"Os03g0181400"
41949,"Os05g0408200"
41950,"Os11g0454100"
41951,"Os03g0151800"
41952,"Os10g0183900"
41953,"Os03g0819600"
41954,"Os04g0586700"
41955,"Os02g0216300"
41956,"Os01g0124400"
41957,"Os11g0649300"
41958,"Os09g0518500"
41959,"Os03g0819400"
41960,"PAtControl0001"
41961,"Os04g0487700"
41962,"Os09g0404800"
41963,"Os06g0692500"
41964,"Os03g0101100"
41965,"Os10g0178500"
41966,"Os12g0178200"
41967,"Os02g0822500"
41968,"Os10g0188900"
41969,"Os10g0124300"
41970,"Os04g0679400"
41971,"Os11g0483900"
41972,"Os08g0196900"
41973,"Os01g0603000"
41974,"Os02g0658500"
41975,"Os05g0209600"
41976,"Os01g0578500"
41977,"Os10g0497900"
41979,"osa-miR395h"
41980,"Os07g0633100"
41981,"41981"
41982,"Os02g0517900"
41983,"Os08g0504600"
41984,"Os05g0148900"
41985,"Os02g0159200"
41986,"Os08g0551800"
41987,"Os12g0527500"
41988,"Os03g0208500"
41989,"Os12g0486600"
41990,"Os01g0337600"
41991,"41991"
41992,"Os04g0345400"
41993,"Os06g0701300"
41994,"Os02g0741500"
41995,"Os04g0498600"
41996,"Os05g0277300"
41997,"Os10g0568600"
41998,"Os06g0499200"
41999,"Os04g0632400"
42000,"Os03g0799100"
42001,"Os01g0958000"
42002,"Os06g0233400"
42003,"Os07g0550400"
42004,"Os02g0812800"
42005,"Os02g0731200"
42006,"Os03g0832500"
42007,"Os04g0666900"
42008,"Os11g0226800"
42009,"Os06g0336200"
42010,"Os02g0672400"
42011,"Os11g0703400"
42012,"POsControl0008"
42013,"Os05g0112900"
42014,"Os07g0486400"
42015,"Os03g0797600"
42016,"Os04g0603200"
42017,"Os12g0106300"
42018,"Os12g0165900"
42019,"Os11g0114800"
42020,"Os09g0381400"
42021,"osa-miR166n"
42022,"Os09g0503700"
42023,"Os11g0169200"
42024,"Os06g0641800"
42025,"Os02g0154700"
42026,"Os09g0491100"
42027,"Os11g0621400"
42028,"Os05g0104100"
42029,"Os06g0320700"
42030,"Os06g0188800"
42031,"Os05g0494900"
42032,"Os06g0262800"
42033,"Os01g0667400"
42034,"Os01g0117100"
42035,"osa-miR169o"
42036,"Os10g0478400"
42037,"Os02g0144200"
42038,"Os07g0544500"
42039,"Os01g0549700"
42040,"Os05g0246600"
42041,"Os04g0477200"
42042,"Os02g0148100"
42043,"Os01g0283000"
42044,"PTaControl0002"
42045,"Os03g0265200"
42046,"Os03g0784100"
42047,"Os02g0608700"
42048,"Os04g0150300"
42049,"Os06g0472900"
42050,"Os08g0158600"
42051,"Os08g0530200"
42052,"Os11g0545700"
42053,"osa-miR442"
42054,"Os01g0848200"
42055,"Os02g0738300"
42056,"Os12g0502700"
42057,"Os04g0498800"
42058,"Os07g0562700"
42059,"Os04g0630500"
42060,"Os10g0529300"
42061,"Os10g0560000"
42062,"Os03g0721400"
42063,"Os02g0575500"
42064,"Os03g0201800"
42065,"Os07g0264100"
42066,"Os02g0111600"
42067,"Os02g0822000"
42068,"Os07g0562800"
42069,"Os10g0327300"
42070,"Os02g0108900"
42071,"Os01g0883800"
42072,"Os07g0588200"
42073,"Os03g0834300"
42074,"Os02g0593500"
42075,"Os02g0109300"
42076,"Os09g0379900"
42077,"Os03g0806800"
42078,"Os02g0788800"
42079,"Os03g0737600"
42080,"Os02g0776700"
42081,"Os06g0316100"
42082,"Os01g0184900"
42083,"Os06g0694400"
42084,"Os01g0621700"
42085,"Os01g0727500"
42086,"Os09g0375100"
42087,"Os08g0425800"
42088,"Os12g0123100"
42089,"Os09g0514100"
42090,"Os05g0550200"
42091,"Os06g0243100"
42092,"Os08g0556400"
42093,"Os01g0859300"
42094,"Os05g0476100"
42095,"Os04g0479800"
42096,"Os03g0853800"
42097,"Os01g0854500"
42098,"Os06g0246000"
42099,"Os05g0566800"
42100,"Os05g0305900"
42101,"Os02g0461100"
42102,"Os04g0602600"
42103,"Os09g0538000"
42104,"Os01g0724500"
42105,"Os07g0265100"
42106,"Os02g0124700"
42107,"Os05g0453500"
42108,"Os08g0138700"
42109,"Os01g0223600"
42110,"Os02g0719800"
42111,"Os09g0373300"
42112,"Os04g0423600"
42113,"Os12g0133500"
42114,"Os11g0640000"
42115,"Os02g0526600"
42116,"Os11g0269700"
42117,"Os03g0596200"
42118,"Os11g0592000"
42119,"Os10g0399200"
42120,"osa-miR439d"
42121,"Os01g0253600"
42122,"Os10g0473900"
42123,"Os07g0656800"
42124,"Os04g0331100"
42125,"Os03g0114700"
42126,"Os02g0681900"
42127,"Os07g0595800"
42128,"Os08g0177400"
42129,"Os04g0428900"
42130,"Os01g0554100"
42131,"Os01g0927900"
42132,"Os01g0248900"
42133,"Os03g0639300"
42134,"Os11g0103000"
42135,"Os07g0208100"
42136,"Os05g0149100"
42137,"Os07g0241600"
42138,"Os01g0612000"
42139,"Os01g0767600"
42140,"Os03g0661500"
42141,"Os12g0421000"
42142,"Os11g0109000"
42143,"Os06g0219100"
42144,"osa-miR156k"
42145,"Os01g0750500"
42146,"42146"
42147,"Os09g0528000"
42148,"Os05g0472300"
42149,"osa-miR172d"
42150,"Os06g0691800"
42151,"Os01g0737900"
42152,"Os07g0689600"
42153,"Os01g0830200"
42154,"Os01g0226700"
42155,"Os04g0485200"
42156,"Os02g0259600"
42157,"Os07g0145500"
42158,"Os03g0253200"
42159,"Os11g0177400"
42160,"42160"
42161,"42161"
42162,"Os05g0217800"
42163,"osa-miR446"
42164,"Os10g0570700"
42165,"Os03g0434500"
42166,"Os02g0554000"
42167,"osa-miR439c"
42168,"Os06g0590500"
42169,"Os10g0542400"
42170,"Os07g0577600"
42171,"Os07g0295200"
42172,"Os01g0667200"
42173,"Os07g0677900"
42174,"osa-miR395c"
42175,"Os01g0501800"
42176,"Os05g0340600"
42177,"Os03g0593100"
42178,"Os06g0196200"
42179,"Os08g0196900"
42180,"Os03g0347100"
42181,"Os03g0814800"
42182,"Os05g0446800"
42183,"Os01g0240200"
42184,"Os01g0183300"
42185,"Os01g0593300"
42186,"Os06g0565100"
42187,"Os12g0502400"
42188,"Os10g0525400"
42189,"Os10g0375700"
42190,"Os03g0821200"
42191,"Os01g0683100"
42192,"Os06g0622000"
42193,"Os03g0103100"
42194,"Os08g0232100"
42195,"Os07g0246200"
42196,"Os07g0139600"
42197,"Os02g0581500"
42198,"Os12g0567700"
42199,"Os06g0699400"
42200,"Os05g0452700"
42201,"Os02g0199900"
42202,"Os06g0720400"
42203,"Os04g0527800"
42204,"Os08g0128300"
42205,"Os04g0605500"
42206,"Os09g0308500"
42207,"Os11g0200000"
42208,"Os10g0128100"
42209,"Os10g0188400"
42210,"Os03g0305600"
42211,"Os11g0618200"
42212,"Os07g0541000"
42213,"Os09g0414500"
42214,"osa-miR169n"
42215,"Os05g0559400"
42216,"Os07g0191700"
42217,"Os10g0150700"
42218,"Os05g0273800"
42219,"Os01g0913900"
42220,"Os12g0443800"
42221,"Os01g0757200"
42222,"Os03g0388100"
42223,"Os11g0199800"
42224,"Os04g0403500"
42225,"Os10g0409100"
42226,"Os07g0106000"
42227,"Os08g0177700"
42228,"Os01g0502400"
42229,"Os04g0403500"
42230,"Os06g0670500"
42231,"Os12g0608900"
42232,"Os04g0566400"
42233,"Os10g0438000"
42234,"Os08g0451600"
42235,"Os03g0833100"
42236,"Os07g0548500"
42237,"Os03g0187800"
42238,"Os12g0510900"
42239,"Os06g0648100"
42240,"42240"
42241,"Os09g0477200"
42242,"Os08g0377500"
42243,"Os05g0571300"
42244,"Os02g0719100"
42245,"Os07g0562800"
42246,"Os04g0655000"
42247,"Os10g0550700"
42248,"Os04g0401000"
42249,"Os03g0409400"
42250,"Os03g0206900"
42251,"Os01g0388700"
42252,"Os01g0579900"
42253,"Os02g0823300"
42254,"Os10g0105400"
42255,"Os08g0192400"
42256,"Os07g0457500"
42257,"Os07g0553000"
42258,"Os07g0111700"
42259,"Os03g0342900"
42260,"Os10g0147300"
42261,"Os05g0568000"
42262,"Os01g0686200"
42263,"Os02g0121200"
42264,"Os10g0378100"
42265,"Os08g0139100"
42266,"Os12g0483700"
42267,"Os04g0303500"
42268,"Os02g0538000"
42269,"Os03g0145000"
42270,"osa-miR438"
42271,"Os04g0660400"
42272,"Os04g0366000"
42273,"Os09g0471000"
42274,"Os02g0260500"
42275,"Os11g0473000"
42276,"Os01g0788800"
42277,"Os05g0110600"
42278,"Os01g0307300"
42279,"osa-miR166f"
42280,"Os03g0560000"
42281,"Os02g0119400"
42282,"Os05g0354400"
42283,"Os02g0192500"
42284,"Os01g0301500"
42285,"Os05g0597200"
42286,"Os09g0273800"
42287,"Os06g0240700"
42288,"Os11g0166900"
42289,"Os07g0444000"
42290,"Os03g0808900"
42291,"Os08g0103000"
42292,"Os10g0487600"
42293,"Os04g0543000"
42294,"Os12g0165400"
42295,"Os12g0233800"
42296,"Os05g0371800"
42297,"Os04g0686600"
42298,"Os10g0450000"
42299,"Os04g0677500"
42300,"Os02g0794100"
42301,"Os12g0523300"
42302,"Os06g0669600"
42303,"Os01g0603700"
42304,"Os11g0500100"
42306,"Os01g0243100"
42307,"Os07g0635900"
42308,"Os06g0644500"
42309,"POsControl0001"
42310,"Os07g0667000"
42311,"Os03g0376100"
42312,"Os01g0617900"
42313,"Os02g0197600"
42314,"Os01g0200000"
42315,"Os02g0553600"
42316,"Os07g0603200"
42317,"Os04g0641400"
42318,"Os02g0241700"
42319,"Os04g0152500"
42320,"Os03g0134900"
42321,"Os01g0566900"
42322,"Os09g0572400"
42323,"Os08g0505900"
42324,"Os11g0655900"
42325,"Os07g0112000"
42326,"Os12g0285500"
42327,"Os04g0683600"
42328,"Os03g0123800"
42329,"Os12g0535900"
42330,"42330"
42331,"42331"
42332,"Os10g0550500"
42333,"Os07g0439000"
42334,"Os01g0530300"
42335,"Os07g0138100"
42336,"Os07g0495400"
42337,"Os03g0212700"
42338,"Os08g0174300"
42339,"Os07g0524100"
42340,"Os03g0788700"
42341,"Os01g0884900"
42342,"Os01g0201400"
42343,"Os07g0476200"
42344,"Os11g0195600"
42345,"Os11g0120200"
42346,"Os10g0528300"
42347,"Os02g0693700"
42348,"Os08g0406700"
42349,"Os06g0140900"
42350,"Os02g0736700"
42351,"Os12g0141400"
42352,"Os01g0383100"
42353,"osa-miR172d"
42354,"Os09g0367700"
42355,"Os04g0611300"
42356,"Os05g0320100"
42357,"42357"
42358,"Os08g0246700"
42359,"Os04g0376300"
42360,"Os09g0367900"
42361,"Os08g0469600"
42362,"Os02g0522700"
42363,"Os01g0953100"
42364,"Os09g0108600"
42365,"Os01g0308200"
42366,"Os03g0780500"
42367,"Os07g0526700"
42368,"Os01g0862500"
42369,"Os02g0119800"
42370,"Os07g0638400"
42371,"Os01g0190500"
42372,"Os03g0240900"
42373,"Os03g0735200"
42374,"Os01g0651400"
42375,"Os03g0320600"
42376,"Os01g0797600"
42377,"Os11g0657100"
42378,"Os04g0442200"
42379,"Os06g0254300"
42380,"Os04g0118400"
42381,"42381"
42382,"PZmControl0002"
42383,"Os02g0562300"
42384,"Os01g0318700"
42385,"Os05g0272800"
42386,"POsControl0041"
42387,"Os01g0290300"
42388,"Os12g0527800"
42389,"Os02g0635200"
42390,"Os05g0588300"
42391,"Os08g0175300"
42392,"Os08g0495200"
42393,"Os12g0621900"
42394,"Os10g0537300"
42395,"Os01g0870100"
42396,"Os02g0195500"
42397,"Os05g0156300"
42398,"Os03g0300000"
42399,"Os01g0813500"
42400,"Os02g0781800"
42401,"Os05g0429900"
42402,"Os01g0342700"
42403,"Os01g0194000"
42404,"Os08g0521400"
42405,"Os08g0117400"
42406,"Os01g0175700"
42407,"Os08g0246400"
42408,"Os04g0126900"
42409,"Os06g0188400"
42410,"Os03g0419500"
42411,"Os05g0361200"
42412,"Os12g0562100"
42413,"Os01g0589300"
42414,"Os03g0428000"
42415,"Os06g0142200"
42416,"42416"
42417,"Os09g0553200"
42418,"osa-miR156d"
42419,"Os05g0414600"
42420,"Os03g0336100"
42421,"Os03g0566800"
42422,"Os07g0435100"
42423,"Os12g0560400"
42424,"Os05g0372000"
42425,"Os12g0176300"
42426,"Os11g0694400"
42427,"Os01g0259200"
42428,"Os01g0108000"
42429,"Os07g0302100"
42430,"42430"
42431,"Os12g0603300"
42432,"Os03g0836400"
42433,"Os03g0338600"
42434,"Os01g0148500"
42435,"Os01g0952800"
42436,"Os08g0525600"
42437,"Os06g0523300"
42438,"Os05g0125600"
42439,"Os10g0484400"
42440,"Os09g0275300"
42441,"Os02g0199600"
42442,"Os09g0346400"
42443,"Os10g0542200"
42444,"osa-miR171h"
42445,"Os04g0497000"
42446,"Os05g0566900"
42447,"Os01g0125700"
42448,"Os03g0848600"
42449,"Os01g0878700"
42450,"Os09g0500200"
42451,"Os02g0565100"
42452,"Os03g0792400"
42453,"Os02g0770600"
42454,"Os07g0588800"
42455,"Os02g0677700"
42456,"Os01g0513400"
42457,"Os11g0504000"
42458,"Os08g0496900"
42459,"Os06g0144600"
42460,"Os08g0512300"
42462,"Os04g0638200"
42463,"Os07g0546200"
42464,"Os01g0757400"
42465,"Os03g0396300"
42466,"Os10g0456800"
42467,"Os09g0533400"
42468,"Os07g0554200"
42469,"Os03g0807000"
42470,"Os02g0815900"
42471,"Os07g0568000"
42472,"Os09g0327300"
42473,"Os01g0815800"
42474,"Os05g0554100"
42475,"Os07g0686600"
42476,"Os09g0504900"
42477,"Os06g0535100"
42478,"Os12g0556400"
42479,"Os03g0141000"
42480,"Os08g0314800"
42481,"Os02g0800500"
42482,"Os11g0240700"
42483,"Os02g0247500"
42484,"Os01g0757500"
42485,"Os07g0456500"
42486,"Os03g0838400"
42487,"Os03g0355100"
42488,"osa-miR156l"
42489,"Os04g0110300"
42490,"Os08g0413000"
42491,"Os12g0484600"
42492,"Os01g0880100"
42493,"Os02g0730500"
42494,"Os02g0551400"
42495,"Os09g0499400"
42496,"Os07g0406300"
42497,"Os01g0829700"
42498,"Os03g0235200"
42499,"Os01g0657400"
42500,"42500"
42501,"42501"
42502,"Os08g0430500"
42503,"Os06g0518900"
42504,"Os01g0864700"
42505,"Os10g0493900"
42506,"Os04g0546500"
42507,"Os04g0388700"
42508,"Os03g0288600"
42509,"Os12g0420400"
42510,"Os05g0368600"
42511,"Os03g0205400"
42512,"Os02g0742100"
42513,"Os08g0506000"
42514,"Os05g0193700"
42515,"Os07g0159700"
42516,"Os04g0272700"
42517,"Os06g0708700"
42518,"Os01g0852900"
42519,"Os12g0541400"
42520,"Os01g0750600"
42521,"Os01g0207200"
42522,"Os03g0843400"
42523,"Os07g0685500"
42524,"Os06g0609500"
42525,"Os02g0180500"
42526,"Os03g0687700"
42527,"Os01g0220100"
42528,"Os06g0215500"
42529,"Os11g0582500"
42530,"Os09g0365200"
42531,"Os02g0178800"
42532,"Os03g0672700"
42533,"Os05g0102800"
42534,"Os01g0905800"
42535,"Os12g0158600"
42536,"Os04g0617600"
42537,"Os01g0215700"
42538,"Os02g0690200"
42539,"Os03g0306400"
42540,"Os01g0200700"
42541,"Os03g0402800"
42542,"Os12g0168200"
42543,"Os12g0615200"
42544,"Os06g0607400"
42545,"Os01g0902000"
42546,"Os09g0327500"
42547,"Os08g0256000"
42548,"Os02g0107400"
42549,"Os09g0527700"
42550,"Os02g0176400"
42551,"Os11g0588400"
42552,"Os07g0614100"
42553,"Os01g0115800"
42554,"Os06g0198900"
42555,"Os01g0928300"
42556,"Os03g0853800"
42557,"Os11g0701800"
42558,"Os12g0430000"
42559,"POsControl0041"
42560,"Os09g0559000"
42561,"Os03g0856100"
42562,"Os07g0131100"
42563,"Os03g0342000"
42564,"Os05g0101400"
42565,"Os11g0487100"
42566,"Os03g0712700"
42567,"Os12g0480000"
42568,"Os06g0241200"
42569,"Os07g0691800"
42570,"Os05g0299500"
42571,"Os03g0178200"
42572,"Os01g0327100"
42573,"Os04g0517900"
42574,"Os01g0717000"
42575,"Os03g0198900"
42576,"Os03g0723000"
42577,"Os02g0805900"
42578,"42578"
42579,"Os11g0168200"
42580,"Os03g0843500"
42581,"Os07g0207700"
42582,"Os12g0141500"
42583,"Os01g0946800"
42584,"Os08g0174800"
42585,"42585"
42586,"42586"
42587,"Os11g0140700"
42588,"Os05g0470600"
42589,"Os01g0265900"
42590,"Os02g0232100"
42591,"Os03g0341000"
42592,"Os08g0167300"
42593,"Os06g0730900"
42594,"Os06g0220700"
42595,"osa-miR167e"
42596,"Os04g0175000"
42597,"Os09g0269600"
42598,"Os02g0682500"
42599,"Os04g0390600"
42600,"Os10g0380800"
42601,"Os04g0607800"
42602,"Os08g0384900"
42603,"Os04g0498800"
42604,"Os09g0535200"
42605,"Os06g0135300"
42606,"Os03g0667300"
42607,"Os03g0196100"
42608,"Os06g0202100"
42609,"Os01g0848200"
42610,"Os02g0714000"
42611,"Os11g0620100"
42612,"Os06g0596300"
42613,"Os02g0216200"
42614,"Os01g0186900"
42615,"Os04g0507500"
42616,"Os02g0730400"
42617,"Os05g0437200"
42618,"Os02g0176100"
42619,"Os02g0720900"
42620,"Os02g0616100"
42621,"Os05g0479800"
42622,"Os10g0322800"
42623,"Os10g0493600"
42624,"Os10g0177300"
42625,"Os01g0189200"
42626,"Os02g0543000"
42627,"Os12g0601200"
42628,"Os01g0349000"
42629,"Os04g0680700"
42630,"Os03g0227800"
42631,"Os04g0420100"
42632,"Os01g0900900"
42633,"Os07g0558900"
42634,"Os07g0506000"
42635,"Os07g0461600"
42636,"osa-miR393b"
42637,"Os08g0436000"
42638,"Os05g0298700"
42639,"Os05g0105900"
42640,"Os01g0829600"
42641,"Os04g0584100"
42642,"Os11g0678200"
42643,"Os08g0162800"
42644,"Os04g0487100"
42645,"Os03g0819100"
42646,"Os01g0551800"
42647,"Os07g0240700"
42648,"Os11g0521500"
42649,"Os07g0503200"
42650,"Os01g0142200"
42651,"Os06g0524900"
42652,"Os12g0564800"
42653,"Os11g0146500"
42654,"Os03g0855600"
42655,"Os01g0296100"
42656,"Os06g0626700"
42657,"Os09g0489200"
42658,"Os07g0262600"
42659,"Os01g0285200"
42660,"Os02g0589500"
42661,"Os05g0134000"
42662,"Os06g0275600"
42663,"Os10g0530400"
42664,"Os02g0139500"
42665,"Os12g0450200"
42666,"Os01g0966500"
42667,"Os01g0386500"
42668,"Os04g0411400"
42669,"Os06g0219500"
42670,"42670"
42671,"42671"
42672,"42672"
42673,"Os09g0468800"
42674,"Os02g0174500"
42675,"Os04g0223600"
42676,"Os03g0240500"
42677,"Os04g0171800"
42678,"Os04g0423400"
42679,"Os06g0665100"
42680,"Os12g0218500"
42681,"Os03g0167600"
42682,"Os07g0407700"
42683,"Os05g0217800"
42684,"Os08g0490600"
42685,"Os02g0625500"
42686,"Os10g0477100"
42687,"Os10g0573900"
42688,"Os04g0437000"
42689,"Os09g0244900"
42690,"Os03g0146100"
42691,"Os02g0817600"
42692,"Os04g0619200"
42693,"Os06g0535400"
42694,"Os09g0456100"
42695,"Os09g0250500"
42696,"Os02g0758100"
42697,"Os05g0295300"
42698,"Os06g0106800"
42699,"POsControl0038"
42700,"Os03g0756300"
42701,"Os08g0113200"
42702,"Os07g0162500"
42703,"Os12g0121400"
42704,"Os02g0497500"
42705,"Os02g0566300"
42706,"Os03g0236200"
42707,"Os01g0528000"
42708,"Os08g0495800"
42709,"Os04g0113800"
42710,"Os10g0456600"
42711,"Os12g0524600"
42712,"Os01g0950700"
42713,"osa-miR420"
42714,"Os08g0451900"
42715,"Os09g0413100"
42716,"Os04g0653700"
42717,"Os10g0427700"
42718,"Os03g0113000"
42719,"Os10g0576600"
42720,"Os06g0137100"
42721,"Os04g0493600"
42722,"Os08g0356800"
42723,"Os07g0513600"
42724,"Os08g0487800"
42725,"Os12g0221400"
42726,"osa-miR159e"
42727,"Os02g0681200"
42728,"Os06g0608800"
42729,"Os08g0442300"
42730,"Os03g0226400"
42731,"Os04g0110500"
42732,"POsControl0032"
42733,"Os10g0149200"
42734,"Os10g0509800"
42735,"POsControl0021"
42736,"Os03g0132800"
42737,"Os11g0642900"
42738,"Os10g0388900"
42739,"Os03g0230300"
42740,"Os10g0571200"
42741,"Os01g0382400"
42742,"Os02g0827300"
42743,"Os10g0548100"
42744,"Os05g0367500"
42745,"Os07g0472300"
42746,"Os03g0727100"
42747,"Os05g0438500"
42748,"Os04g0574700"
42749,"Os01g0120800"
42750,"42750"
42751,"Os06g0714500"
42752,"Os01g0269000"
42753,"Os03g0177400"
42754,"Os01g0111800"
42755,"42755"
42756,"42756"
42757,"Os08g0433400"
42758,"Os01g0934000"
42759,"Os03g0118200"
42760,"Os03g0301200"
42761,"Os02g0162600"
42762,"Os05g0378900"
42763,"Os07g0620400"
42764,"Os11g0186200"
42765,"Os02g0809500"
42766,"Os08g0507500"
42767,"Os03g0633900"
42768,"Os03g0180400"
42769,"Os04g0504500"
42770,"Os03g0189300"
42771,"Os03g0246100"
42772,"Os10g0381800"
42773,"Os12g0405700"
42774,"Os10g0111300"
42775,"Os07g0590000"
42776,"Os02g0271000"
42777,"Os01g0164500"
42778,"Os05g0540600"
42779,"Os06g0506100"
42780,"Os11g0161100"
42781,"Os12g0615400"
42782,"Os07g0517100"
42783,"Os01g0214800"
42784,"Os01g0916100"
42785,"Os05g0429100"
42786,"Os05g0359700"
42787,"Os01g0754100"
42788,"POsControl0029"
42789,"Os08g0532600"
42790,"Os08g0282500"
42791,"Os03g0344800"
42792,"Os08g0162600"
42793,"42793"
42794,"Os03g0835600"
42795,"Os12g0538500"
42796,"Os10g0339500"
42797,"Os02g0753300"
42798,"Os12g0106000"
42799,"POsControl0021"
42800,"Os07g0183200"
42801,"Os03g0574900"
42802,"Os02g0742800"
42803,"Os01g0374600"
42804,"Os08g0398300"
42805,"Os02g0631300"
42806,"Os02g0820400"
42807,"Os09g0346500"
42808,"Os03g0403600"
42809,"Os04g0623800"
42810,"Os04g0468600"
42811,"Os02g0670500"
42812,"Os06g0713800"
42813,"Os06g0256000"
42814,"Os07g0520900"
42815,"osa-miR167c"
42816,"Os10g0128200"
42817,"Os10g0445600"
42818,"Os09g0436600"
42819,"Os01g0907800"
42820,"Os06g0340600"
42821,"Os04g0422000"
42822,"Os03g0262300"
42823,"Os04g0685400"
42824,"Os01g0703300"
42825,"Os02g0740500"
42826,"Os02g0232300"
42827,"Os02g0742200"
42828,"Os03g0269100"
42829,"Os08g0500000"
42830,"Os07g0236300"
42831,"Os12g0595800"
42832,"Os11g0433200"
42833,"Os03g0311300"
42834,"Os01g0793600"
42835,"Os02g0312800"
42836,"Os03g0586500"
42837,"Os08g0454400"
42838,"Os01g0818100"
42839,"42839"
42840,"42840"
42841,"42841"
42842,"42842"
42843,"Os09g0553900"
42844,"Os03g0246500"
42845,"Os08g0445000"
42846,"Os03g0726400"
42847,"Os02g0203000"
42848,"Os01g0138300"
42849,"Os12g0536200"
42850,"POsControl0042"
42851,"Os10g0387000"
42852,"Os02g0633600"
42853,"Os03g0150600"
42854,"Os11g0309000"
42855,"Os08g0502700"
42856,"Os03g0272500"
42857,"Os03g0151700"
42858,"Os06g0314300"
42859,"Os05g0439000"
42860,"Os02g0779200"
42861,"Os03g0825700"
42862,"osa-miR164a"
42863,"Os03g0685800"
42864,"Os02g0730300"
42865,"42865"
42866,"Os05g0342900"
42867,"Os03g0321800"
42868,"Os03g0116500"
42869,"Os08g0202300"
42870,"Os06g0715000"
42871,"POsControl0034"
42872,"Os07g0558400"
42873,"Os08g0199300"
42874,"Os02g0120600"
42875,"Os03g0767500"
42876,"Os06g0654300"
42877,"Os09g0441600"
42878,"Os03g0598500"
42879,"Os04g0468600"
42880,"Os03g0215200"
42881,"Os02g0161300"
42882,"Os01g0839700"
42883,"Os04g0380000"
42884,"Os01g0731800"
42885,"Os03g0790600"
42886,"Os06g0304600"
42887,"Os11g0526000"
42888,"Os03g0121800"
42889,"Os01g0681400"
42890,"Os04g0587100"
42891,"Os11g0201600"
42892,"Os07g0163900"
42893,"Os05g0187000"
42894,"Os08g0420600"
42895,"Os03g0576900"
42896,"osa-miR169c"
42897,"Os02g0762300"
42898,"Os10g0562200"
42899,"Os03g0245800"
42900,"Os12g0266000"
42901,"Os08g0441800"
42902,"Os05g0135500"
42903,"Os09g0564800"
42904,"Os04g0464100"
42905,"Os02g0255000"
42906,"Os01g0876200"
42907,"Os04g0550500"
42908,"Os01g0201700"
42909,"Os01g0323100"
42910,"Os01g0294700"
42911,"osa-miR416"
42912,"Os09g0311600"
42913,"Os10g0552600"
42914,"Os05g0393400"
42915,"Os02g0304900"
42916,"Os09g0563100"
42917,"osa-miR169m"
42918,"Os12g0503000"
42919,"Os05g0314700"
42920,"Os08g0384000"
42921,"Os02g0788500"
42922,"Os03g0200700"
42923,"osa-miR166m"
42924,"Os05g0363100"
42925,"42925"
42926,"42926"
42927,"42927"
42928,"Os01g0729100"
42929,"Os05g0436400"
42930,"Os01g0549300"
42931,"Os06g0147800"
42932,"Os08g0455800"
42933,"Os05g0378700"
42934,"Os07g0246300"
42935,"Os02g0216700"
42936,"Os07g0259300"
42937,"Os08g0157500"
42938,"Os03g0331600"
42939,"Os02g0170100"
42940,"Os03g0188900"
42941,"Os12g0114500"
42942,"Os01g0757200"
42943,"Os01g0811300"
42944,"Os10g0574700"
42945,"Os01g0218800"
42946,"Os07g0661300"
42947,"PZmControl0003"
42948,"Os02g0164200"
42949,"Os03g0621600"
42950,"Os02g0593600"
42951,"Os07g0158400"
42952,"Os10g0395400"
42953,"Os05g0494600"
42954,"Os11g0242500"
42955,"Os03g0400000"
42956,"Os12g0218300"
42957,"Os05g0149900"
42958,"Os02g0110700"
42959,"Os11g0241000"
42960,"Os06g0720700"
42961,"Os08g0325600"
42962,"Os03g0718100"
42963,"Os03g0192700"
42964,"Os01g0945100"
42965,"Os09g0344900"
42966,"Os06g0326900"
42967,"Os01g0152800"
42968,"osa-miR390"
42969,"Os06g0606800"
42970,"Os01g0827200"
42971,"Os02g0614700"
42972,"Os03g0387800"
42973,"Os02g0718900"
42974,"Os02g0828600"
42975,"Os07g0660500"
42976,"Os09g0418300"
42977,"Os06g0622300"
42978,"Os01g0355500"
42979,"Os03g0842400"
42980,"Os05g0108900"
42981,"Os06g0269300"
42982,"Os09g0568100"
42983,"Os12g0169300"
42984,"Os09g0549600"
42985,"Os09g0482400"
42986,"Os08g0376300"
42987,"Os01g0673900"
42988,"Os08g0195400"
42989,"Os04g0482600"
42990,"Os12g0125200"
42991,"Os09g0280500"
42992,"Os09g0425900"
42993,"Os03g0851500"
42994,"Os02g0165100"
42995,"Os01g0233800"
42996,"Os04g0233400"
42997,"Os08g0369000"
42998,"Os08g0389500"
42999,"Os04g0129200"
43000,"Os08g0503300"
43001,"Os07g0653800"
43002,"Os05g0462000"
43003,"Os10g0548200"
43004,"Os05g0411600"
43005,"Os01g0311300"
43006,"Os04g0605900"
43007,"Os12g0552800"
43008,"Os10g0575800"
43009,"43009"
43010,"43010"
43011,"43011"
43012,"43012"
43013,"Os01g0624500"
43014,"Os05g0414400"
43015,"Os04g0389800"
43016,"Os11g0111900"
43017,"Os09g0323800"
43018,"Os03g0266300"
43019,"Os05g0345500"
43020,"Os09g0364900"
43021,"Os05g0540100"
43022,"Os11g0497000"
43023,"Os04g0531100"
43024,"Os03g0163200"
43025,"Os03g0169000"
43026,"43026"
43027,"Os02g0815200"
43028,"Os11g0691800"
43029,"Os09g0133600"
43030,"Os02g0246900"
43031,"Os06g0710900"
43032,"Os05g0390100"
43033,"Os06g0612800"
43034,"Os01g0649100"
43035,"Os06g0112200"
43036,"Os03g0861800"
43037,"osa-miR156g"
43038,"Os11g0202100"
43039,"Os02g0713400"
43040,"Os06g0287500"
43041,"Os07g0126200"
43042,"Os07g0163400"
43043,"Os02g0519900"
43044,"Os01g0337900"
43045,"Os03g0375300"
43046,"43046"
43047,"Os03g0241600"
43048,"Os08g0167800"
43049,"Os01g0735300"
43050,"Os04g0602400"
43051,"Os04g0446000"
43052,"43052"
43053,"Os06g0717300"
43054,"Os11g0456300"
43055,"Os06g0612800"
43056,"Os09g0281700"
43057,"Os08g0159500"
43058,"Os07g0101400"
43059,"Os09g0511600"
43060,"Os08g0230100"
43061,"Os12g0615500"
43062,"Os03g0838900"
43063,"Os06g0160200"
43064,"Os02g0242600"
43065,"Os01g0280500"
43066,"Os05g0495200"
43067,"Os03g0169800"
43068,"Os05g0330900"
43069,"Os11g0278900"
43070,"Os04g0670600"
43071,"Os11g0266000"
43072,"Os04g0284900"
43073,"Os05g0342000"
43074,"Os05g0339000"
43075,"Os11g0644800"
43076,"Os06g0552400"
43077,"Os02g0538400"
43078,"Os05g0454200"
43079,"Os03g0326600"
43080,"Os01g0566500"
43081,"Os03g0241400"
43082,"Os01g0137700"
43083,"Os03g0718500"
43084,"Os04g0622600"
43085,"Os08g0433200"
43086,"Os01g0273800"
43087,"Os01g0236300"
43088,"Os08g0447300"
43089,"Os03g0659200"
43090,"Os05g0588200"
43091,"Os10g0493600"
43092,"Os12g0473100"
43093,"Os02g0826200"
43094,"43094"
43095,"43095"
43096,"43096"
43097,"43097"
43098,"Os07g0103500"
43099,"Os03g0718400"
43100,"Os04g0504800"
43101,"Os08g0230200"
43102,"Os07g0241700"
43103,"Os03g0352500"
43104,"Os08g0226600"
43105,"Os04g0682500"
43106,"Os03g0185200"
43107,"Os02g0121900"
43108,"Os11g0207100"
43109,"Os05g0160200"
43110,"43110"
43111,"Os01g0182700"
43112,"Os02g0672100"
43113,"Os11g0535100"
43114,"POsControl0023"
43115,"Os02g0299600"
43116,"43116"
43117,"Os01g0160200"
43118,"Os02g0800500"
43119,"Os01g0806000"
43120,"Os03g0158700"
43121,"Os11g0568700"
43122,"Os06g0495700"
43123,"osa-miR167c"
43124,"Os04g0391500"
43125,"Os08g0412300"
43126,"Os07g0185600"
43127,"Os05g0362100"
43128,"Os09g0498000"
43129,"Os02g0505500"
43130,"Os04g0623500"
43131,"Os04g0485100"
43132,"Os10g0329300"
43133,"Os05g0583200"
43134,"Os07g0176200"
43135,"Os03g0783800"
43136,"Os07g0693200"
43137,"Os03g0717000"
43138,"Os11g0448400"
43139,"Os01g0103600"
43140,"Os05g0519900"
43141,"Os07g0541900"
43142,"43142"
43143,"Os07g0476500"
43144,"Os03g0261000"
43145,"43145"
43146,"Os05g0296600"
43147,"Os08g0250900"
43148,"Os01g0279700"
43149,"osa-miR395i"
43150,"Os05g0498900"
43151,"Os10g0404900"
43152,"Os09g0453900"
43153,"Os02g0791300"
43154,"Os01g0919900"
43155,"Os09g0470000"
43156,"Os02g0686700"
43157,"Os09g0473900"
43158,"Os09g0407300"
43159,"Os02g0206400"
43160,"Os07g0162100"
43161,"Os06g0113900"
43162,"Os01g0369300"
43163,"Os07g0693800"
43164,"Os01g0958400"
43165,"Os07g0692800"
43166,"Os08g0560900"
43167,"43167"
43168,"Os05g0145600"
43169,"Os04g0643100"
43170,"Os11g0609500"
43171,"Os06g0697000"
43172,"Os12g0152800"
43173,"Os01g0721400"
43174,"Os03g0244700"
43175,"Os01g0367700"
43176,"Os02g0673000"
43177,"Os12g0562900"
43178,"Os05g0485300"
43179,"43179"
43180,"43180"
43181,"43181"
43182,"43182"
43183,"43183"
43184,"Os07g0633000"
43185,"Os01g0544200"
43186,"Os04g0379300"
43187,"Os10g0453400"
43188,"Os12g0575400"
43189,"Os04g0119800"
43190,"Os11g0608000"
43191,"Os12g0150100"
43192,"Os04g0226400"
43193,"Os05g0279700"
43194,"Os08g0117400"
43195,"Os08g0422300"
43196,"Os04g0429200"
43197,"Os04g0347700"
43198,"43198"
43199,"Os02g0123100"
43200,"Os04g0665400"
43201,"43201"
43202,"Os01g0704000"
43203,"Os01g0970900"
43204,"Os08g0481500"
43205,"43205"
43206,"Os02g0504900"
43207,"Os01g0962100"
43208,"Os04g0633900"
43209,"Os09g0477700"
43210,"Os02g0798800"
43211,"Os04g0441900"
43212,"Os03g0764500"
43213,"Os06g0722500"
43214,"Os09g0487800"
43215,"Os04g0380900"
43216,"Os09g0386600"
43217,"Os08g0550100"
43218,"Os03g0793900"
43219,"Os02g0674800"
43220,"Os03g0839000"
43221,"Os03g0124300"
43222,"Os04g0465800"
43223,"Os03g0861000"
43224,"Os02g0195900"
43225,"Os01g0749200"
43226,"Os01g0228200"
43227,"Os05g0313900"
43228,"Os08g0500800"
43229,"Os03g0734000"
43230,"Os08g0295500"
43231,"Os12g0177800"
43232,"Os03g0157800"
43233,"Os01g0951500"
43234,"Os12g0117600"
43235,"Os07g0563800"
43236,"Os04g0492900"
43237,"Os01g0862800"
43238,"Os10g0410300"
43239,"Os07g0696100"
43240,"Os05g0146700"
43241,"Os09g0392700"
43242,"Os11g0304000"
43243,"Os02g0204200"
43244,"Os11g0444800"
43245,"Os02g0545300"
43246,"Os11g0557300"
43247,"Os12g0458100"
43248,"Os05g0229300"
43249,"Os03g0317300"
43250,"Os01g0578800"
43251,"Os11g0540600"
43252,"Os03g0256400"
43253,"Os06g0318900"
43254,"Os05g0113500"
43255,"Os12g0129100"
43256,"Os12g0293100"
43257,"43257"
43258,"Os08g0425000"
43259,"Os06g0649000"
43260,"Os11g0216000"
43261,"Os02g0641300"
43262,"Os07g0646400"
43263,"Os07g0573500"
43264,"43264"
43265,"43265"
43266,"43266"
43267,"43267"
43268,"Os03g0718100"
43269,"Os01g0357000"
43270,"Os12g0174000"
43271,"Os01g0518500"
43272,"Os02g0212400"
43273,"Os03g0831400"
43274,"Os08g0173700"
43275,"Os01g0102400"
43276,"Os07g0593400"
43277,"Os04g0613000"
43278,"Os12g0591600"
43279,"Os03g0302700"
43280,"Os03g0319400"
43281,"Os01g0143800"
43282,"Os01g0844400"
43283,"Os02g0832400"
43284,"Os08g0395400"
43285,"Os02g0122000"
43286,"Os01g0935500"
43287,"Os08g0525700"
43288,"Os06g0124400"
43289,"Os05g0317300"
43290,"Os08g0127700"
43291,"Os12g0496900"
43292,"Os02g0613900"
43293,"Os09g0522200"
43294,"Os03g0318500"
43295,"Os08g0528200"
43296,"Os04g0602100"
43297,"Os07g0277400"
43298,"Os03g0766000"
43299,"Os07g0576100"
43300,"Os07g0191200"
43301,"osa-miR420"
43302,"Os03g0767800"
43303,"Os10g0189600"
43304,"Os07g0123500"
43305,"Os01g0750800"
43306,"Os04g0690600"
43307,"Os08g0518900"
43308,"Os01g0800300"
43309,"Os07g0573800"
43310,"POsControl0003"
43311,"Os08g0231200"
43312,"Os12g0575000"
43313,"Os01g0110400"
43314,"Os05g0242100"
43315,"Os06g0258900"
43316,"Os03g0375100"
43317,"Os02g0105800"
43318,"Os05g0315200"
43319,"Os07g0603300"
43320,"Os09g0112300"
43321,"Os02g0635000"
43322,"Os01g0729100"
43323,"Os01g0258700"
43324,"Os07g0681500"
43325,"osa-miR319a"
43326,"Os04g0602200"
43327,"Os04g0550700"
43328,"Os08g0517400"
43329,"Os03g0214000"
43330,"Os04g0629300"
43331,"Os03g0165000"
43332,"Os11g0544000"
43333,"Os03g0152000"
43334,"43334"
43335,"Os03g0798200"
43336,"Os07g0209000"
43337,"Os03g0288600"
43338,"Os02g0214400"
43339,"Os03g0200800"
43340,"Os10g0341700"
43341,"Os06g0483400"
43342,"Os05g0380700"
43343,"Os10g0555100"
43344,"Os01g0807800"
43345,"Os09g0512900"
43346,"Os08g0172800"
43347,"Os03g0711500"
43348,"43348"
43349,"43349"
43350,"43350"
43351,"43351"
43352,"43352"
43353,"43353"
43354,"Os01g0821300"
43355,"Os02g0618000"
43356,"Os09g0521400"
43357,"Os03g0804500"
43358,"Os03g0832600"
43359,"Os01g0851600"
43360,"Os06g0695800"
43361,"Os08g0184500"
43362,"Os09g0372900"
43363,"Os11g0658900"
43364,"Os02g0461600"
43365,"Os03g0622300"
43366,"Os04g0278000"
43367,"Os06g0684000"
43368,"Os11g0667600"
43369,"Os04g0595000"
43370,"Os03g0324300"
43371,"Os02g0117900"
43372,"Os04g0218100"
43373,"Os03g0718100"
43374,"Os03g0340900"
43375,"POsControl0018"
43376,"Os03g0687000"
43377,"Os06g0102700"
43378,"Os10g0558900"
43379,"Os03g0718100"
43380,"osa-miR395c"
43381,"Os04g0459900"
43382,"Os02g0450000"
43383,"Os01g0150400"
43384,"Os01g0184000"
43385,"Os04g0670600"
43386,"Os01g0250600"
43387,"Os01g0190900"
43388,"Os02g0453200"
43389,"Os03g0343500"
43390,"Os06g0139200"
43391,"Os12g0560500"
43392,"Os08g0199800"
43393,"osa-miR398a"
43394,"Os01g0802200"
43395,"Os07g0228600"
43396,"Os05g0461000"
43397,"Os07g0685800"
43398,"Os11g0635000"
43399,"Os11g0204100"
43400,"Os12g0167900"
43401,"43401"
43402,"Os01g0919400"
43403,"Os05g0101500"
43404,"Os07g0156200"
43405,"osa-miR162b"
43406,"Os10g0547000"
43407,"Os01g0722500"
43408,"Os01g0390800"
43409,"Os03g0726900"
43410,"Os04g0477900"
43411,"Os06g0133600"
43412,"Os08g0561500"
43413,"Os03g0822700"
43414,"Os06g0139400"
43415,"Os06g0694500"
43416,"Os04g0258800"
43417,"Os01g0153300"
43418,"Os02g0791400"
43419,"Os01g0860500"
43420,"Os01g0814200"
43421,"Os04g0644100"
43422,"Os01g0664500"
43423,"Os04g0490000"
43424,"Os07g0598500"
43425,"Os06g0507900"
43426,"Os01g0330600"
43427,"Os09g0506100"
43428,"Os05g0563600"
43429,"Os06g0636600"
43430,"Os05g0240200"
43431,"Os02g0736100"
43433,"43433"
43434,"43434"
43435,"43435"
43436,"43436"
43437,"43437"
43438,"43438"
43439,"Os12g0442900"
43440,"Os07g0147700"
43441,"Os02g0620200"
43442,"Os02g0454500"
43443,"Os01g0548000"
43444,"Os05g0403300"
43445,"Os12g0554800"
43446,"Os02g0705400"
43447,"Os03g0703200"
43448,"Os03g0268200"
43449,"Os09g0371700"
43450,"Os05g0355500"
43451,"Os03g0265100"
43452,"Os10g0401900"
43453,"osa-miR395c"
43454,"Os11g0127800"
43455,"Os03g0807200"
43456,"Os01g0708700"
43457,"Os07g0107900"
43458,"Os12g0550800"
43459,"Os12g0571100"
43460,"Os02g0752800"
43461,"Os01g0689900"
43462,"Os08g0326500"
43463,"Os04g0113400"
43464,"Os01g0660000"
43465,"Os03g0373300"
43466,"Os07g0634300"
43467,"Os04g0683100"
43468,"Os09g0562400"
43469,"Os11g0582300"
43470,"Os04g0649500"
43471,"Os04g0497400"
43472,"Os08g0557500"
43473,"Os03g0216600"
43474,"osa-miR169h"
43475,"Os04g0615700"
43476,"Os03g0718100"
43477,"Os03g0245800"
43478,"Os08g0485800"
43479,"Os03g0102300"
43480,"osa-miR159d"
43481,"Os01g0348300"
43482,"Os01g0967800"
43483,"Os07g0620700"
43484,"Os05g0217800"
43485,"Os02g0693800"
43486,"Os03g0843900"
43487,"Os02g0828100"
43488,"Os05g0217800"
43489,"Os04g0115700"
43490,"Os08g0543400"
43491,"Os08g0337300"
43492,"Os03g0160100"
43493,"Os05g0217800"
43494,"Os07g0604600"
43495,"Os04g0450800"
43496,"Os07g0106700"
43497,"Os06g0324100"
43498,"Os03g0862000"
43499,"Os10g0363300"
43500,"Os06g0160800"
43501,"Os09g0514100"
43502,"POsControl0028"
43503,"Os01g0733200"
43504,"Os03g0269000"
43505,"Os06g0567000"
43506,"Os09g0471400"
43507,"Os08g0359500"
43508,"Os04g0648900"
43509,"Os01g0154600"
43510,"Os02g0772100"
43511,"Os04g0194400"
43512,"Os05g0545400"
43513,"Os03g0192500"
43514,"Os09g0442700"
43515,"Os01g0720600"
43516,"Os04g0334700"
43517,"Os06g0318800"
43518,"43518"
43519,"43519"
43520,"43520"
43521,"43521"
43522,"43522"
43523,"43523"
43524,"Os04g0253000"
43525,"Os04g0499200"
43526,"Os03g0787600"
43527,"Os12g0112500"
43528,"Os09g0426800"
43529,"Os10g0447100"
43530,"Os02g0817200"
43531,"Os03g0640300"
43532,"Os03g0645100"
43533,"Os01g0605300"
43534,"Os10g0149100"
43535,"Os11g0603200"
43536,"Os03g0138500"
43537,"Os07g0119600"
43538,"Os09g0502800"
43539,"POsControl0045"
43540,"Os01g0540800"
43541,"Os01g0658400"
43542,"Os08g0168600"
43543,"Os01g0902300"
43544,"Os03g0711400"
43545,"Os09g0464400"
43546,"Os03g0616400"
43547,"Os04g0386100"
43548,"osa-miR160f"
43549,"Os03g0424600"
43550,"Os05g0346300"
43551,"Os02g0829500"
43552,"Os05g0443800"
43553,"Os10g0159800"
43554,"Os01g0229100"
43555,"Os08g0502600"
43556,"Os02g0469300"
43557,"Os01g0649300"
43558,"Os11g0141400"
43559,"osa-miR397b"
43560,"Os11g0683500"
43561,"Os04g0407300"
43562,"Os04g0233400"
43563,"Os04g0487000"
43564,"Os11g0542100"
43565,"Os11g0684000"
43566,"Os08g0528600"
43567,"Os11g0475500"
43568,"Os01g0510100"
43569,"Os04g0302400"
43570,"Os04g0253200"
43571,"Os01g0760600"
43572,"Os08g0533300"
43573,"43573"
43574,"Os05g0575000"
43575,"Os01g0857000"
43576,"Os02g0756200"
43577,"Os06g0256500"
43578,"Os03g0381200"
43579,"43579"
43580,"Os06g0150500"
43581,"Os04g0268300"
43582,"Os07g0613300"
43583,"Os09g0356300"
43584,"Os02g0494200"
43585,"Os05g0165200"
43586,"Os06g0100300"
43587,"Os10g0544600"
43588,"Os03g0821300"
43589,"Os02g0585100"
43590,"osa-miR169l"
43591,"Os06g0622300"
43592,"Os05g0402300"
43593,"Os09g0454200"
43594,"Os07g0611400"
43595,"Os07g0238500"
43596,"Os10g0577900"
43597,"Os03g0199000"
43598,"Os02g0799100"
43599,"Os09g0482400"
43600,"Os08g0483200"
43601,"Os11g0211800"
43602,"Os01g0338100"
43603,"43603"
43604,"43604"
43605,"43605"
43606,"43606"
43607,"43607"
43608,"43608"
43609,"Os11g0528400"
43610,"Os03g0616500"
43611,"Os02g0168800"
43612,"Os10g0555700"
43613,"Os02g0469600"
43614,"Os05g0103600"
43615,"Os07g0165200"
43616,"43616"
43617,"Os11g0108500"
43618,"Os08g0170900"
43619,"Os08g0316400"
43620,"43620"
43621,"Os02g0715400"
43622,"Os01g0367100"
43623,"Os05g0363200"
43624,"Os08g0198100"
43625,"Os11g0106700"
43626,"Os07g0233300"
43627,"Os06g0247900"
43628,"Os01g0975900"
43629,"Os10g0397200"
43630,"Os04g0370100"
43631,"Os05g0560400"
43632,"Os04g0444700"
43633,"Os08g0124000"
43634,"Os06g0157500"
43635,"Os08g0489300"
43636,"Os10g0457600"
43637,"Os01g0925300"
43638,"Os06g0347100"
43639,"Os01g0274100"
43640,"Os04g0610500"
43641,"Os01g0276200"
43642,"Os03g0836600"
43643,"43643"
43644,"Os07g0162500"
43645,"Os06g0712500"
43646,"Os01g0139200"
43647,"Os03g0826500"
43648,"Os11g0135900"
43649,"Os03g0225500"
43650,"Os07g0404500"
43651,"Os06g0129400"
43652,"osa-miR169i"
43653,"Os02g0189800"
43654,"Os05g0382600"
43655,"Os07g0265600"
43656,"POsControl0021"
43657,"Os06g0237700"
43658,"Os01g0504500"
43659,"Os02g0767800"
43660,"Os03g0679700"
43661,"Os03g0153000"
43662,"Os07g0601000"
43663,"Os01g0239000"
43664,"Os05g0132800"
43665,"Os06g0129600"
43666,"Os04g0675000"
43667,"Os02g0670100"
43668,"Os04g0625100"
43669,"43669"
43670,"Os11g0448300"
43671,"Os07g0429700"
43672,"Os07g0677100"
43673,"Os10g0129000"
43674,"Os08g0177300"
43675,"Os12g0594200"
43676,"Os05g0121500"
43677,"Os03g0785100"
43678,"Os05g0180400"
43679,"Os12g0616200"
43680,"Os08g0470700"
43681,"Os12g0573200"
43682,"Os07g0178600"
43683,"Os02g0499000"
43684,"Os11g0645800"
43685,"Os02g0828400"
43686,"Os05g0372100"
43687,"43687"
43688,"43688"
43689,"43689"
43690,"43690"
43691,"43691"
43692,"43692"
43693,"43693"
43694,"43694"
43695,"Os09g0381300"
43696,"Os12g0264500"
43697,"Os06g0205100"
43698,"Os12g0290300"
43699,"Os01g0739700"
43700,"Os05g0581600"
43701,"Os02g0650500"
43702,"Os08g0116500"
43703,"Os08g0389700"
43704,"Os08g0513400"
43705,"Os07g0289400"
43706,"Os07g0188800"
43707,"Os07g0513200"
43708,"Os01g0355600"
43709,"Os10g0456400"
43710,"Os05g0574400"
43711,"Os08g0489300"
43712,"Os03g0860600"
43713,"Os02g0591900"
43714,"Os04g0354600"
43715,"Os12g0533400"
43716,"Os03g0156500"
43717,"Os03g0268000"
43718,"Os01g0322800"
43719,"Os02g0549700"
43720,"Os10g0579800"
43721,"Os01g0267100"
43722,"Os08g0311900"
43723,"POsControl0027"
43724,"osa-miR167i"
43725,"Os08g0563200"
43726,"Os04g0320200"
43727,"Os09g0271900"
43728,"Os05g0435500"
43729,"43729"
43730,"Os01g0678400"
43731,"Os01g0978000"
43732,"Os09g0372700"
43733,"Os07g0623800"
43735,"Os03g0765100"
43736,"Os05g0311000"
43737,"Os02g0535000"
43738,"Os12g0535400"
43739,"Os04g0523700"
43740,"Os06g0589600"
43741,"Os11g0461000"
43742,"Os01g0970700"
43743,"Os01g0527800"
43744,"Os03g0227900"
43745,"Os09g0269400"
43746,"Os08g0180300"
43747,"Os03g0123500"
43748,"Os04g0432000"
43749,"Os07g0211900"
43750,"Os05g0161400"
43751,"Os02g0688800"
43752,"Os04g0485000"
43753,"Os04g0429300"
43754,"Os02g0657400"
43755,"Os12g0483700"
43756,"Os01g0669100"
43757,"Os11g0120700"
43758,"Os06g0199200"
43759,"Os01g0532900"
43760,"Os10g0350400"
43761,"Os02g0255100"
43762,"Os09g0409000"
43763,"Os11g0175400"
43764,"Os02g0789400"
43765,"Os01g0192000"
43766,"Os07g0583700"
43767,"Os10g0178400"
43768,"Os02g0456000"
43769,"Os09g0451700"
43770,"Os06g0683700"
43771,"Os08g0554900"
43772,"Os03g0273800"
43773,"43773"
43774,"43774"
43775,"43775"
43776,"43776"
43777,"43777"
43778,"43778"
43779,"43779"
43780,"Os04g0476000"
43781,"Os04g0476400"
43782,"Os06g0683000"
43783,"Os07g0643800"
43784,"Os07g0694500"
43785,"Os06g0652600"
43786,"Os01g0689000"
43787,"Os07g0640900"
43788,"Os08g0430600"
43789,"Os06g0716200"
43790,"Os03g0752300"
43791,"Os07g0300200"
43792,"Os05g0511400"
43793,"POsControl0022"
43794,"Os01g0547500"
43795,"Os02g0796700"
43796,"43796"
43797,"43797"
43798,"Os01g0554100"
43799,"Os03g0587100"
43800,"Os03g0788400"
43801,"Os11g0507400"
43802,"Os06g0499900"
43803,"Os10g0115600"
43804,"Os02g0224800"
43805,"Os11g0242100"
43806,"Os12g0106900"
43807,"Os12g0180800"
43808,"Os04g0408900"
43809,"Os02g0121100"
43810,"Os12g0254400"
43811,"Os06g0503400"
43812,"Os08g0323400"
43813,"Os01g0921800"
43814,"Os04g0690900"
43815,"Os04g0644600"
43816,"Os01g0350500"
43817,"POsControl0027"
43818,"Os09g0532900"
43819,"43819"
43820,"Os04g0176400"
43821,"Os08g0341700"
43822,"Os01g0764300"
43823,"Os04g0171600"
43824,"Os10g0395200"
43825,"Os08g0398400"
43826,"Os02g0777100"
43827,"Os11g0129000"
43828,"Os11g0242100"
43829,"Os03g0116000"
43830,"Os01g0758500"
43831,"Os01g0852400"
43832,"Os07g0154900"
43833,"POsControl0044"
43834,"Os02g0621700"
43835,"Os07g0679000"
43836,"Os01g0748000"
43837,"Os05g0109600"
43838,"Os06g0557600"
43839,"Os01g0924300"
43840,"Os01g0740700"
43841,"Os08g0289000"
43842,"Os09g0423800"
43843,"Os04g0149400"
43844,"Os02g0181300"
43845,"Os01g0929100"
43846,"Os01g0243800"
43847,"Os06g0203000"
43848,"Os01g0679600"
43849,"Os06g0568600"
43850,"Os02g0127700"
43851,"Os01g0846300"
43852,"Os10g0351200"
43853,"Os03g0772300"
43854,"osa-miR171d"
43855,"Os10g0536500"
43856,"Os07g0407700"
43857,"43857"
43858,"43858"
43859,"43859"
43860,"43860"
43861,"43861"
43862,"43862"
43863,"43863"
43864,"43864"
43865,"Os02g0555200"
43866,"Os07g0597000"
43867,"Os01g0838400"
43868,"Os11g0661300"
43869,"Os10g0510800"
43870,"osa-miR398b"
43871,"Os07g0583600"
43872,"Os03g0321900"
43873,"Os01g0283300"
43874,"Os12g0163200"
43875,"Os01g0284200"
43876,"Os07g0669100"
43877,"Os01g0342700"
43878,"Os10g0536600"
43879,"Os07g0529400"
43880,"Os11g0676500"
43881,"Os03g0266900"
43882,"Os05g0241000"
43883,"Os02g0612800"
43884,"Os04g0659100"
43885,"Os02g0525900"
43886,"Os06g0494100"
43887,"Os08g0427300"
43888,"Os02g0557300"
43889,"Os08g0102800"
43890,"Os11g0661900"
43891,"Os11g0119700"
43892,"Os07g0469100"
43893,"Os01g0706000"
43894,"Os10g0188100"
43895,"Os01g0240900"
43896,"Os05g0350700"
43897,"Os02g0151400"
43898,"Os02g0595700"
43899,"POsControl0032"
43900,"Os09g0309300"
43901,"Os02g0700000"
43902,"Os08g0191400"
43903,"Os04g0544600"
43904,"Os01g0772000"
43905,"Os05g0456300"
43906,"Os02g0788400"
43907,"Os03g0699600"
43908,"Os12g0510200"
43909,"Os03g0836000"
43910,"Os05g0325400"
43911,"osa-miR166b"
43912,"Os05g0539600"
43913,"Os11g0186400"
43914,"Os04g0168400"
43915,"Os01g0182400"
43916,"Os04g0529300"
43917,"Os03g0224700"
43918,"Os06g0479200"
43919,"Os03g0177400"
43920,"Os05g0447700"
43921,"Os05g0117600"
43922,"Os08g0548700"
43923,"Os09g0457600"
43924,"Os10g0503700"
43925,"Os03g0816500"
43926,"Os01g0369600"
43927,"Os02g0110000"
43928,"Os11g0575500"
43929,"Os06g0531600"
43930,"Os07g0509600"
43931,"Os04g0623200"
43932,"Os02g0516600"
43933,"Os08g0230800"
43934,"Os06g0106500"
43935,"Os01g0858500"
43936,"Os01g0216000"
43937,"Os04g0117100"
43938,"Os07g0593200"
43939,"43939"
43940,"Os12g0180100"
43941,"Os02g0110600"
43942,"43942"
43943,"43943"
43944,"43944"
43945,"43945"
43946,"43946"
43947,"43947"
43948,"43948"
43949,"43949"
43950,"Os10g0428200"
43951,"Os12g0165600"
43952,"Os12g0641300"
43953,"Os01g0909100"
43955,"Os04g0533300"
43956,"Os03g0835800"
43957,"osa-miR395s"
43958,"Os06g0698400"
43959,"Os10g0535600"
43960,"Os12g0154800"
43961,"Os10g0546100"
43962,"Os10g0148800"
43963,"Os05g0293200"
43964,"Os03g0178400"
43965,"Os04g0606500"
43966,"Os12g0235200"
43967,"Os10g0471400"
43968,"Os08g0280100"
43969,"Os07g0214300"
43970,"Os06g0164100"
43971,"Os01g0797600"
43972,"Os01g0178900"
43973,"Os01g0968400"
43974,"Os04g0329800"
43975,"Os08g0480400"
43976,"Os03g0151400"
43977,"Os07g0594500"
43978,"Os02g0101900"
43979,"Os06g0730900"
43980,"Os07g0624600"
43981,"Os02g0621400"
43982,"Os04g0680400"
43983,"Os02g0637900"
43984,"Os03g0725300"
43985,"Os07g0190000"
43986,"Os08g0179400"
43987,"Os11g0278300"
43988,"Os05g0239500"
43989,"Os05g0399700"
43990,"Os04g0566500"
43991,"Os05g0588700"
43992,"Os01g0753200"
43993,"Os01g0908200"
43994,"Os01g0175500"
43995,"Os05g0392400"
43996,"osa-miR535"
43997,"Os02g0215200"
43998,"Os07g0299600"
43999,"43999"
44000,"Os01g0129100"
44001,"Os04g0663700"
44002,"Os09g0332700"
44003,"Os01g0212500"
44004,"Os02g0730300"
44005,"Os05g0509900"
44006,"Os01g0861700"
44007,"Os03g0728100"
44008,"Os09g0486500"
44009,"Os04g0581400"
44010,"Os03g0233800"
44011,"Os02g0733400"
44012,"Os07g0292800"
44013,"Os01g0196600"
44014,"Os05g0349500"
44015,"Os01g0595800"
44016,"Os05g0290100"
44017,"Os11g0224400"
44018,"Os08g0202300"
44019,"Os09g0481200"
44020,"Os11g0432400"
44021,"Os04g0103400"
44022,"Os03g0744200"
44023,"Os05g0451300"
44024,"Os10g0574500"
44025,"Os10g0391100"
44026,"44026"
44027,"44027"
44028,"44028"
44029,"44029"
44030,"44030"
44031,"44031"
44032,"44032"
44033,"44033"
44034,"44034"
44035,"44035"
44036,"Os05g0206200"
44037,"Os03g0150600"
44038,"Os10g0515900"
44039,"Os09g0467300"
44040,"Os03g0277300"
44041,"Os10g0137700"
44042,"Os07g0600100"
44043,"Os12g0532600"
44044,"Os07g0681600"
44045,"Os03g0288200"
44046,"Os07g0411200"
44047,"osa-miR441a"
44048,"Os11g0281100"
44049,"Os12g0278400"
44050,"Os07g0184900"
44051,"Os01g0216900"
44052,"Os04g0118100"
44053,"Os03g0377100"
44054,"Os11g0153700"
44055,"Os01g0803200"
44056,"Os06g0539800"
44057,"Os08g0517300"
44058,"Os12g0273300"
44059,"Os03g0374100"
44060,"Os09g0567800"
44061,"Os06g0652000"
44062,"Os02g0104500"
44063,"Os08g0538300"
44064,"Os05g0541200"
44065,"Os02g0575500"
44066,"Os12g0274700"
44067,"Os07g0289800"
44068,"Os12g0169800"
44069,"Os12g0134700"
44070,"Os02g0325100"
44071,"Os04g0329500"
44072,"Os06g0642600"
44073,"Os09g0527600"
44074,"Os06g0360300"
44075,"Os02g0210800"
44076,"Os12g0480100"
44077,"Os05g0479900"
44078,"Os04g0422900"
44079,"Os10g0544500"
44080,"Os06g0186000"
44081,"POsControl0001"
44082,"Os01g0613900"
44083,"Os12g0502100"
44084,"Os09g0418000"
44085,"Os05g0168700"
44086,"Os12g0116400"
44087,"Os02g0154400"
44088,"Os08g0441500"
44089,"Os07g0136500"
44090,"Os02g0296300"
44091,"Os02g0707500"
44092,"Os10g0548700"
44093,"Os04g0668700"
44094,"Os11g0614500"
44095,"Os01g0772900"
44096,"Os06g0187900"
44097,"Os03g0201000"
44098,"Os03g0156700"
44099,"Os12g0133700"
44100,"Os03g0735300"
44101,"Os02g0504800"
44102,"Os08g0197300"
44103,"Os12g0563600"
44104,"Os05g0549800"
44105,"Os04g0521700"
44106,"Os06g0566300"
44107,"Os10g0140700"
44108,"Os08g0557200"
44109,"Os03g0107800"
44110,"Os02g0591900"
44111,"44111"
44112,"44112"
44113,"44113"
44114,"44114"
44115,"44115"
44116,"44116"
44117,"44117"
44118,"44118"
44119,"44119"
44120,"44120"
44121,"Os01g0901600"
44122,"Os05g0230700"
44123,"Os05g0176800"
44124,"Os01g0103500"
44125,"Os01g0629900"
44126,"Os01g0239300"
44127,"Os06g0250100"
44128,"Os04g0622700"
44129,"Os01g0613900"
44130,"Os04g0462900"
44131,"Os04g0118100"
44132,"Os12g0577800"
44133,"Os02g0776800"
44134,"Os11g0707600"
44135,"Os06g0113800"
44136,"Os02g0260400"
44137,"Os04g0272700"
44138,"44138"
44139,"Os01g0812000"
44140,"Os03g0129200"
44141,"Os12g0621700"
44142,"Os11g0108800"
44143,"Os10g0362100"
44144,"Os02g0446100"
44145,"Os08g0559300"
44146,"Os11g0153600"
44147,"Os01g0907900"
44148,"Os07g0108300"
44149,"Os02g0778900"
44150,"Os08g0505900"
44151,"Os12g0573000"
44152,"Os12g0460800"
44153,"Os05g0494100"
44154,"Os02g0665700"
44155,"Os06g0597000"
44156,"osa-miR159b"
44157,"Os04g0481000"
44158,"Os07g0125300"
44159,"Os03g0776000"
44160,"Os10g0204900"
44161,"Os03g0777600"
44162,"POsControl0003"
44163,"Os09g0493800"
44164,"Os05g0107200"
44165,"Os03g0124200"
44166,"Os01g0740000"
44167,"Os04g0486400"
44168,"Os02g0569900"
44169,"Os12g0612300"
44170,"Os02g0536000"
44171,"Os09g0549700"
44172,"Os03g0115200"
44173,"Os04g0649900"
44174,"Os10g0146300"
44175,"Os03g0837300"
44176,"Os05g0169000"
44177,"Os03g0188400"
44178,"Os03g0247000"
44179,"Os11g0515500"
44180,"Os01g0134500"
44181,"Os07g0106900"
44182,"Os04g0577500"
44183,"POsControl0044"
44184,"Os12g0459300"
44185,"Os07g0171100"
44186,"Os04g0397700"
44187,"Os06g0156900"
44188,"Os04g0386300"
44189,"Os01g0766200"
44190,"Os03g0324600"
44191,"Os03g0576700"
44192,"Os01g0693600"
44193,"Os03g0622600"
44194,"Os01g0690000"
44195,"Os04g0388800"
44196,"44196"
44197,"44197"
44198,"44198"
44199,"44199"
44200,"44200"
44201,"44201"
44202,"44202"
44203,"44203"
44204,"44204"
44205,"44205"
44206,"44206"
44207,"Os02g0306900"
44208,"Os02g0469000"
44209,"Os03g0713200"
44210,"Os11g0674300"
44211,"Os03g0387900"
44212,"Os01g0617900"
44213,"Os01g0347500"
44214,"osa-miR167b"
44215,"Os12g0515800"
44216,"Os03g0324800"
44217,"Os04g0461100"
44218,"Os01g0883100"
44219,"Os10g0423300"
44220,"Os02g0504900"
44221,"Os07g0225100"
44222,"Os08g0243900"
44223,"Os04g0334700"
44224,"Os08g0101800"
44225,"Os07g0619800"
44226,"Os05g0400800"
44227,"Os02g0705300"
44228,"Os11g0128400"
44229,"Os09g0535300"
44230,"Os07g0525500"
44231,"Os02g0632800"
44232,"Os11g0295900"
44233,"Os06g0643800"
44234,"Os07g0565000"
44235,"Os01g0622700"
44236,"Os09g0370200"
44237,"Os01g0700000"
44238,"Os05g0138800"
44239,"Os08g0516400"
44240,"Os03g0826400"
44241,"Os01g0681600"
44242,"Os04g0442900"
44243,"Os09g0329800"
44244,"Os01g0164500"
44245,"Os06g0176800"
44246,"Os04g0307200"
44247,"Os03g0266900"
44248,"Os06g0724800"
44249,"Os01g0815800"
44250,"Os04g0656100"
44251,"Os02g0115800"
44252,"Os09g0344500"
44253,"Os01g0974000"
44254,"Os03g0362500"
44255,"44255"
44256,"Os05g0195100"
44257,"Os11g0303200"
44258,"Os01g0711600"
44259,"Os05g0458500"
44260,"Os03g0722500"
44261,"Os08g0454700"
44262,"Os02g0123100"
44263,"Os08g0322500"
44264,"Os01g0160800"
44265,"Os03g0750300"
44266,"44266"
44267,"Os03g0279900"
44268,"Os08g0163400"
44269,"Os02g0624300"
44270,"Os10g0326700"
44271,"Os11g0151200"
44272,"Os07g0573600"
44273,"Os06g0216300"
44274,"Os03g0653900"
44275,"Os09g0419600"
44276,"Os06g0133000"
44277,"Os08g0178100"
44278,"Os10g0431000"
44279,"Os01g0347300"
44280,"Os01g0101600"
44281,"44281"
44282,"44282"
44283,"44283"
44284,"44284"
44285,"44285"
44286,"44286"
44287,"44287"
44288,"44288"
44289,"44289"
44290,"44290"
44291,"44291"
44292,"Os04g0550600"
44293,"Os05g0137400"
44294,"Os03g0201500"
44295,"Os01g0974200"
44296,"osa-miR439c"
44297,"Os07g0172600"
44298,"Os03g0147100"
44299,"Os06g0662200"
44300,"Os10g0452800"
44301,"Os10g0463400"
44302,"Os02g0738100"
44303,"Os06g0561000"
44304,"Os05g0135000"
44305,"Os04g0606200"
44306,"Os01g0675700"
44307,"osa-miR160a"
44308,"Os05g0413400"
44309,"Os03g0586600"
44310,"Os05g0585900"
44311,"Os12g0545900"
44312,"Os07g0683600"
44313,"Os01g0658400"
44314,"Os05g0219900"
44315,"Os07g0441600"
44316,"Os03g0582900"
44317,"Os06g0142900"
44318,"Os01g0624500"
44319,"Os01g0570700"
44320,"Os12g0482500"
44321,"44321"
44322,"Os05g0487300"
44323,"osa-miR166l"
44324,"Os03g0179700"
44325,"Os03g0407000"
44326,"Os03g0312500"
44327,"Os03g0279000"
44328,"Os04g0284500"
44329,"Os04g0381100"
44330,"Os02g0565500"
44331,"Os03g0163000"
44332,"Os03g0129800"
44333,"Os10g0493100"
44334,"Os05g0215000"
44335,"Os06g0217700"
44336,"Os03g0440900"
44337,"Os07g0214900"
44338,"Os06g0612500"
44339,"Os07g0172500"
44340,"Os07g0497400"
44341,"Os03g0355600"
44342,"Os03g0825700"
44343,"Os04g0605900"
44344,"Os07g0557200"
44345,"Os05g0592400"
44346,"Os06g0295700"
44347,"Os01g0861400"
44348,"Os12g0592200"
44349,"Os03g0101300"
44350,"Os02g0814300"
44351,"Os09g0315100"
44352,"Os11g0181500"
44353,"Os06g0232100"
44354,"Os02g0756800"
44355,"Os02g0676500"
44356,"Os03g0705700"
44357,"Os10g0423000"
44358,"Os09g0248100"
44359,"Os01g0332000"
44360,"Os03g0360500"
44361,"Os03g0376800"
44362,"Os04g0685300"
44363,"Os11g0585200"
44364,"Os02g0224100"
44365,"44365"
44366,"44366"
44367,"44367"
44368,"44368"
44369,"44369"
44370,"44370"
44371,"44371"
44372,"44372"
44373,"44373"
44374,"44374"
44375,"44375"
44376,"44376"
44377,"Os01g0850700"
44378,"Os01g0127300"
44379,"Os04g0486500"
44380,"Os11g0683700"
44381,"Os05g0495600"
44382,"Os04g0575200"
44383,"44383"
44384,"Os02g0205300"
44385,"Os03g0837800"
44386,"Os03g0426900"
44387,"Os01g0327500"
44388,"Os05g0154600"
44389,"Os11g0168500"
44390,"Os05g0547700"
44391,"Os08g0548900"
44392,"Os05g0436000"
44393,"Os06g0148500"
44394,"Os06g0709400"
44395,"Os04g0582600"
44396,"Os02g0316300"
44397,"Os01g0847300"
44398,"Os04g0546500"
44399,"Os12g0466800"
44400,"Os04g0647800"
44401,"Os02g0526500"
44402,"Os01g0757600"
44403,"Os06g0263700"
44404,"Os02g0260700"
44405,"Os01g0143500"
44406,"Os09g0498600"
44407,"Os03g0591000"
44408,"44408"
44409,"Os01g0217200"
44410,"Os02g0208100"
44411,"Os01g0361000"
44412,"Os03g0294900"
44413,"Os06g0164900"
44414,"Os12g0570500"
44415,"Os12g0117900"
44416,"Os02g0800500"
44417,"Os06g0128200"
44418,"Os12g0631800"
44419,"Os07g0207700"
44420,"Os08g0374200"
44421,"Os08g0553800"
44422,"Os12g0640900"
44423,"Os09g0117000"
44424,"Os01g0227100"
44425,"Os03g0130700"
44426,"Os03g0789800"
44427,"Os06g0130900"
44428,"Os06g0687700"
44429,"osa-miR169b"
44430,"Os06g0342000"
44431,"Os04g0605500"
44432,"Os07g0100500"
44433,"Os07g0238700"
44434,"Os09g0537700"
44435,"Os01g0624700"
44436,"Os04g0447500"
44437,"Os01g0893400"
44438,"Os04g0445700"
44439,"Os03g0753600"
44440,"Os11g0598500"
44441,"Os04g0308000"
44442,"Os02g0754000"
44443,"Os01g0201700"
44444,"Os07g0461600"
44445,"Os01g0578200"
44446,"Os11g0272900"
44447,"Os05g0585900"
44448,"Os07g0471300"
44449,"Os12g0158800"
44450,"44450"
44451,"44451"
44452,"44452"
44453,"44453"
44454,"44454"
44455,"44455"
44456,"44456"
44457,"44457"
44458,"44458"
44459,"44459"
44460,"44460"
44461,"44461"
44462,"44462"
44463,"Os01g0317500"
44464,"Os04g0649100"
44465,"Os08g0559800"
44466,"Os02g0752200"
44467,"Os12g0288900"
44468,"Os09g0321000"
44469,"osa-miR416"
44470,"Os02g0131100"
44471,"Os02g0781700"
44472,"Os01g0304300"
44473,"Os08g0482500"
44474,"Os03g0693700"
44475,"Os10g0130600"
44476,"Os01g0194300"
44477,"Os12g0119600"
44478,"Os01g0237100"
44479,"Os03g0743700"
44480,"Os05g0397300"
44481,"Os03g0788600"
44482,"Os01g0210700"
44483,"44483"
44484,"Os03g0337900"
44485,"Os03g0815100"
44486,"Os02g0744900"
44487,"Os01g0225600"
44488,"osa-miR169f"
44489,"Os02g0781700"
44490,"Os04g0650900"
44491,"Os02g0227200"
44492,"Os07g0297300"
44493,"osa-miR441b"
44494,"Os04g0379700"
44495,"Os08g0106100"
44496,"Os02g0195000"
44497,"Os06g0518100"
44498,"Os08g0225400"
44499,"Os03g0216600"
44500,"Os09g0459800"
44501,"Os02g0105900"
44502,"Os05g0519200"
44503,"Os02g0133500"
44504,"Os01g0700500"
44505,"Os11g0180000"
44507,"Os01g0826400"
44508,"Os12g0559500"
44509,"Os10g0149400"
44510,"Os03g0632800"
44511,"Os01g0591000"
44512,"Os01g0715600"
44513,"Os11g0529500"
44514,"POsControl0033"
44515,"Os01g0752200"
44516,"Os03g0177500"
44517,"Os04g0337000"
44518,"Os01g0584800"
44519,"Os02g0745700"
44520,"Os10g0128000"
44521,"Os04g0657600"
44522,"Os12g0460600"
44523,"Os06g0678500"
44524,"Os03g0807500"
44525,"Os02g0140200"
44526,"Os11g0229900"
44527,"Os05g0596200"
44528,"Os02g0816900"
44529,"Os05g0148000"
44530,"Os12g0141800"
44531,"Os08g0364100"
44532,"Os07g0137900"
44533,"Os03g0687800"
44534,"44534"
44535,"44535"
44536,"44536"
44537,"44537"
44538,"44538"
44539,"44539"
44540,"44540"
44541,"44541"
44542,"44542"
44543,"44543"
44544,"44544"
44545,"44545"
44546,"44546"
44547,"44547"
44548,"Os06g0298300"
44549,"Os02g0331200"
44550,"Os01g0636500"
44551,"Os04g0650000"
44552,"Os03g0375900"
44553,"Os04g0458900"
44554,"Os01g0722700"
44555,"Os04g0509100"
44556,"Os04g0324100"
44557,"Os02g0827100"
44558,"Os06g0531400"
44559,"Os04g0671900"
44560,"Os11g0148500"
44561,"Os01g0253300"
44562,"Os09g0548300"
44563,"Os07g0639800"
44564,"Os06g0131500"
44565,"Os03g0749500"
44566,"Os11g0631800"
44567,"Os09g0508500"
44568,"Os03g0836900"
44569,"Os06g0232000"
44570,"Os05g0400800"
44571,"Os06g0181400"
44572,"Os09g0489800"
44573,"Os02g0797600"
44574,"Os03g0265400"
44575,"Os01g0606100"
44576,"Os01g0566800"
44577,"Os03g0119100"
44578,"Os10g0450800"
44579,"Os05g0111000"
44580,"Os02g0735900"
44581,"osa-miR171a"
44582,"Os02g0538700"
44583,"Os06g0143400"
44585,"Os03g0420000"
44586,"Os11g0416500"
44587,"Os04g0573100"
44588,"POsControl0005"
44589,"Os09g0570200"
44590,"Os12g0561500"
44591,"Os03g0152300"
44592,"Os01g0622500"
44593,"Os03g0125000"
44594,"Os01g0967200"
44595,"Os01g0356400"
44596,"Os05g0460200"
44597,"Os08g0521600"
44598,"Os01g0747800"
44599,"Os01g0837500"
44600,"Os02g0219000"
44601,"Os07g0281800"
44602,"Os04g0454900"
44603,"Os09g0249600"
44604,"Os06g0613000"
44605,"Os03g0709100"
44606,"Os02g0675700"
44607,"Os08g0566400"
44608,"Os10g0499400"
44609,"Os10g0134900"
44610,"Os01g0680200"
44611,"Os03g0273800"
44612,"Os03g0738400"
44613,"Os12g0199100"
44614,"Os04g0345400"
44615,"Os08g0114200"
44616,"Os02g0616100"
44617,"Os02g0613900"
44618,"Os08g0517200"
44619,"44619"
44620,"44620"
44621,"44621"
44622,"44622"
44623,"44623"
44624,"44624"
44625,"44625"
44626,"44626"
44627,"44627"
44628,"44628"
44629,"44629"
44630,"44630"
44631,"44631"
44632,"44632"
44633,"Os05g0151000"
44634,"Os03g0666700"
44635,"Os12g0238100"
44636,"Os06g0181700"
44637,"Os08g0557100"
44638,"Os04g0532800"
44639,"Os08g0557400"
44640,"Os11g0638700"
44641,"Os07g0406300"
44642,"Os09g0297400"
44643,"Os04g0510600"
44644,"Os01g0807000"
44645,"Os02g0637800"
44646,"Os03g0159800"
44647,"Os01g0952000"
44648,"Os06g0149700"
44649,"Os03g0119000"
44650,"Os01g0909300"
44651,"Os03g0852400"
44652,"Os03g0271400"
44653,"Os08g0482600"
44654,"Os10g0390000"
44655,"Os01g0123900"
44656,"Os02g0193300"
44657,"Os10g0104900"
44658,"Os06g0239100"
44659,"Os01g0144000"
44660,"Os02g0161900"
44661,"Os01g0307500"
44662,"Os02g0187400"
44663,"Os09g0286600"
44664,"Os07g0670800"
44665,"Os07g0668900"
44666,"Os09g0413700"
44667,"Os01g0660400"
44668,"Os06g0288400"
44669,"Os06g0647400"
44670,"Os02g0731300"
44671,"Os01g0767000"
44672,"Os09g0298200"
44673,"Os01g0754500"
44674,"Os11g0106400"
44675,"Os01g0116600"
44676,"osa-miR172d"
44677,"Os04g0604800"
44678,"Os07g0562700"
44679,"Os02g0323600"
44680,"Os02g0447300"
44681,"osa-miR169h"
44682,"Os09g0466800"
44683,"Os09g0380400"
44684,"Os02g0763800"
44685,"Os01g0776200"
44686,"44686"
44687,"osa-miR395k"
44688,"Os06g0694600"
44689,"Os01g0388500"
44690,"Os02g0219900"
44691,"Os06g0486800"
44692,"Os06g0142600"
44693,"Os04g0528800"
44694,"Os02g0606800"
44695,"Os07g0483500"
44696,"Os08g0528900"
44697,"44697"
44698,"Os10g0371100"
44699,"PTaControl0001"
44700,"Os07g0467600"
44701,"Os03g0840500"
44702,"Os11g0132100"
44703,"44703"
44704,"44704"
44705,"44705"
44706,"44706"
44707,"44707"
44708,"44708"
44709,"44709"
44710,"44710"
44711,"44711"
44712,"44712"
44713,"44713"
44714,"44714"
44715,"44715"
44716,"44716"
44717,"44717"
44718,"44718"
44719,"Os05g0543400"
44720,"Os11g0592100"
44721,"Os06g0194000"
44722,"Os06g0325500"
44723,"Os02g0832600"
44724,"Os03g0399300"
44725,"Os01g0615000"
44726,"Os01g0736900"
44727,"Os06g0202600"
44728,"Os03g0110000"
44729,"Os01g0952300"
44730,"Os03g0686100"
44731,"Os06g0655500"
44732,"Os03g0728800"
44734,"Os11g0203400"
44735,"Os06g0165000"
44736,"Os02g0577700"
44737,"Os11g0294400"
44738,"Os04g0566500"
44739,"Os07g0503300"
44740,"Os12g0114800"
44741,"Os06g0171800"
44742,"Os10g0399700"
44743,"Os07g0178800"
44744,"Os04g0630400"
44745,"Os07g0615200"
44746,"Os03g0700800"
44747,"Os11g0707900"
44748,"Os09g0262900"
44749,"Os01g0679900"
44750,"Os01g0731000"
44751,"Os05g0499300"
44752,"Os04g0413200"
44753,"Os06g0598900"
44754,"Os04g0459600"
44755,"Os09g0418000"
44756,"Os01g0830000"
44757,"Os06g0367100"
44758,"Os12g0550800"
44759,"osa-miR166b"
44760,"Os03g0268100"
44761,"Os01g0663400"
44762,"Os03g0762000"
44763,"Os10g0113000"
44764,"Os01g0793900"
44765,"Os04g0609900"
44766,"Os05g0116600"
44767,"Os05g0209200"
44768,"44768"
44769,"Os04g0119500"
44770,"Os10g0340300"
44771,"Os07g0614600"
44772,"Os06g0334300"
44773,"Os03g0742400"
44774,"POsControl0045"
44775,"Os09g0437500"
44776,"Os03g0122600"
44777,"Os09g0439200"
44778,"Os02g0792800"
44779,"Os11g0459500"
44780,"osa-miR396d"
44781,"Os03g0704700"
44782,"Os01g0346900"
44783,"POsControl0041"
44784,"Os01g0611300"
44785,"Os10g0463000"
44786,"Os07g0518500"
44787,"Os07g0184500"
44788,"44788"
44789,"44789"
44790,"44790"
44791,"44791"
44792,"44792"
44793,"44793"
44794,"44794"
44795,"44795"
44796,"44796"
44797,"44797"
44798,"44798"
44799,"44799"
44800,"44800"
44801,"44801"
44802,"44802"
44803,"44803"
44804,"Os12g0154600"
44805,"Os07g0666300"
44806,"Os03g0325700"
44807,"44807"
44808,"Os07g0694600"
44809,"Os10g0536500"
44810,"Os10g0141900"
44811,"Os08g0499700"
44812,"Os04g0628400"
44813,"Os06g0114000"
44814,"Os11g0546500"
44815,"Os11g0101200"
44816,"Os08g0461800"
44817,"Os01g0820800"
44818,"Os05g0563000"
44819,"Os01g0691000"
44820,"Os08g0397900"
44821,"Os05g0140600"
44822,"Os01g0806200"
44823,"Os06g0167000"
44824,"Os12g0540800"
44825,"Os04g0480900"
44826,"Os02g0770500"
44827,"Os01g0805900"
44828,"Os03g0101800"
44829,"Os04g0629700"
44830,"Os09g0323000"
44831,"Os02g0103500"
44832,"Os12g0509400"
44833,"Os02g0580900"
44834,"Os04g0255500"
44835,"Os03g0731900"
44836,"Os12g0538300"
44837,"Os03g0694600"
44838,"Os10g0506900"
44839,"Os11g0203900"
44840,"Os06g0187000"
44841,"Os05g0525700"
44842,"Os06g0479200"
44843,"Os09g0494600"
44844,"osa-miR160b"
44845,"Os07g0421900"
44846,"Os12g0428600"
44847,"Os11g0267100"
44848,"Os06g0579400"
44849,"Os08g0270800"
44850,"Os02g0197600"
44851,"Os03g0619500"
44852,"Os01g0888200"
44853,"Os10g0334100"
44854,"Os01g0263200"
44855,"Os05g0173700"
44856,"Os03g0157900"
44857,"Os07g0181000"
44858,"Os03g0174400"
44859,"Os08g0191700"
44860,"Os10g0391500"
44861,"Os07g0555200"
44862,"Os09g0238700"
44863,"Os01g0146200"
44864,"Os05g0491100"
44865,"Os07g0692300"
44866,"Os01g0274500"
44867,"Os12g0238100"
44868,"Os12g0620400"
44869,"Os01g0935600"
44870,"Os01g0839500"
44871,"44871"
44872,"44872"
44873,"44873"
44874,"44874"
44875,"44875"
44876,"44876"
44877,"44877"
44878,"44878"
44879,"44879"
44880,"44880"
44881,"44881"
44882,"44882"
44883,"44883"
44884,"44884"
44885,"44885"
44886,"44886"
44887,"44887"
44888,"44888"
44889,"44889"
44890,"Os02g0150000"
44891,"Os01g0749000"
44892,"Os04g0686500"
44893,"Os09g0522200"
44894,"Os03g0654400"
44895,"Os05g0367100"
44896,"Os03g0125300"
44897,"Os05g0150100"
44898,"Os03g0186500"
44899,"Os01g0120800"
44900,"POsControl0033"
44901,"Os03g0276900"
44902,"Os10g0502500"
44903,"Os05g0479700"
44904,"Os02g0433900"
44905,"Os05g0235800"
44906,"Os01g0614700"
44907,"Os05g0305100"
44908,"Os05g0527700"
44909,"Os08g0307200"
44910,"Os02g0768600"
44911,"Os03g0794800"
44912,"Os05g0569500"
44913,"Os08g0560900"
44914,"Os01g0905800"
44915,"Os07g0518800"
44916,"Os07g0202400"
44917,"Os04g0612100"
44918,"Os09g0434500"
44919,"Os02g0711900"
44920,"Os09g0480700"
44921,"Os12g0456400"
44922,"Os02g0705000"
44923,"osa-miR156e"
44924,"Os11g0106700"
44925,"Os02g0123800"
44926,"Os12g0438000"
44927,"Os10g0578000"
44928,"osa-miR395u"
44929,"Os02g0826600"
44930,"Os02g0198300"
44931,"Os06g0703600"
44932,"Os01g0849000"
44933,"Os03g0347500"
44934,"Os12g0284000"
44935,"Os01g0776600"
44936,"Os08g0321000"
44937,"osa-miR395u"
44938,"Os03g0831100"
44939,"Os03g0137300"
44940,"Os02g0323300"
44941,"Os06g0480700"
44942,"Os07g0671800"
44943,"osa-miR159c"
44944,"Os05g0103500"
44945,"Os10g0137000"
44946,"POsControl0014"
44947,"Os06g0125800"
44948,"Os03g0302700"
44949,"Os06g0473100"
44950,"Os05g0426000"
44951,"Os10g0419400"
44952,"Os09g0421100"
44953,"Os12g0594300"
44954,"Os02g0556600"
44955,"Os12g0226400"
44956,"Os06g0697600"
44957,"44957"
44958,"44958"
44959,"44959"
44960,"44960"
44961,"44961"
44962,"44962"
44963,"44963"
44964,"44964"
44965,"44965"
44966,"44966"
44967,"44967"
44968,"44968"
44969,"44969"
44970,"44970"
44971,"44971"
44972,"44972"
44973,"44973"
44974,"44974"
44975,"Os07g0141500"
44976,"Os06g0131400"
44977,"Os06g0712600"
44978,"Os12g0540100"
44979,"Os12g0111000"
44980,"Os02g0205200"
44981,"Os09g0533200"
44982,"Os07g0687900"
44983,"Os01g0729900"
44984,"Os03g0103900"
44985,"Os04g0489100"
44986,"Os07g0496200"
44987,"Os05g0519500"
44988,"Os09g0361200"
44989,"Os04g0266500"
44990,"Os08g0104300"
44991,"Os02g0702000"
44992,"Os05g0111100"
44993,"Os07g0640900"
44994,"POsControl0032"
44995,"Os12g0518200"
44996,"Os10g0350800"
44997,"Os01g0762000"
44998,"Os05g0304600"
44999,"Os01g0844800"
45000,"Os01g0656900"
45001,"Os10g0149200"
45002,"Os10g0525800"
45003,"Os12g0540900"
45004,"Os10g0456800"
45005,"Os01g0971500"
45006,"Os03g0196400"
45007,"Os04g0485100"
45008,"Os10g0171300"
45009,"Os03g0806700"
45010,"Os03g0606200"
45011,"Os03g0748600"
45012,"Os12g0530000"
45013,"Os07g0109500"
45014,"Os03g0192600"
45015,"Os06g0233200"
45016,"Os02g0592300"
45017,"Os06g0676700"
45018,"Os07g0107000"
45019,"Os03g0756000"
45020,"Os02g0151500"
45021,"Os11g0167200"
45022,"Os12g0516700"
45023,"Os03g0331700"
45024,"Os03g0182700"
45025,"Os09g0505700"
45026,"Os02g0735500"
45027,"Os01g0842200"
45028,"Os05g0432500"
45029,"Os10g0487600"
45030,"Os12g0151000"
45031,"Os11g0131800"
45032,"Os06g0523100"
45033,"45033"
45034,"Os01g0916800"
45035,"Os10g0103700"
45036,"Os06g0553800"
45037,"Os03g0429100"
45038,"Os01g0786800"
45039,"Os10g0473200"
45040,"Os01g0160900"
45041,"45041"
45042,"45042"
45043,"45043"
45044,"45044"
45045,"45045"
45046,"45046"
45047,"45047"
45048,"45048"
45049,"45049"
45050,"45050"
45051,"45051"
45052,"45052"
45053,"45053"
45054,"45054"
45055,"45055"
45056,"45056"
45057,"45057"
45058,"45058"
45059,"45059"
45060,"45060"
45061,"45061"
45062,"Os01g0919900"
45063,"Os03g0570200"
45064,"Os04g0612000"
45065,"Os07g0578800"
45066,"Os02g0557100"
45067,"Os10g0213100"
45068,"Os02g0516600"
45069,"Os06g0638300"
45070,"Os01g0106300"
45071,"Os04g0319700"
45072,"Os01g0897800"
45073,"Os02g0173100"
45074,"Os08g0390000"
45075,"Os12g0515600"
45076,"Os04g0452400"
45077,"Os09g0304800"
45078,"Os04g0516200"
45079,"Os12g0161500"
45080,"Os04g0589600"
45081,"Os03g0784000"
45082,"Os05g0169000"
45083,"osa-miR435"
45084,"Os06g0551200"
45085,"Os03g0219900"
45086,"Os08g0532200"
45087,"osa-miR159f"
45088,"Os02g0539600"
45089,"Os08g0237100"
45090,"Os02g0182800"
45091,"Os01g0895200"
45092,"Os05g0428400"
45093,"Os02g0800000"
45094,"Os09g0522100"
45095,"Os03g0337200"
45096,"Os11g0172300"
45097,"Os03g0736600"
45098,"Os12g0194800"
45099,"Os01g0578700"
45100,"Os04g0274700"
45101,"Os03g0734500"
45102,"Os03g0641700"
45103,"Os02g0532300"
45104,"POsControl0045"
45105,"Os03g0288000"
45106,"Os03g0102100"
45107,"Os06g0102800"
45108,"Os12g0597000"
45109,"Os01g0905500"
45110,"Os07g0413300"
45111,"Os04g0604300"
45112,"Os06g0267200"
45113,"osa-miR166l"
45114,"Os03g0634100"
45115,"Os01g0872800"
45116,"Os05g0363500"
45117,"Os04g0202800"
45118,"Os09g0100800"
45119,"Os03g0161000"
45120,"Os08g0544700"
45121,"Os04g0165700"
45122,"Os07g0637300"
45123,"Os02g0652600"
45124,"osa-miR439f"
45125,"osa-miR171f"
45126,"45126"
45127,"45127"
45128,"45128"
45129,"45129"
45130,"45130"
45131,"45131"
45132,"45132"
45133,"45133"
45134,"45134"
45135,"45135"
45136,"45136"
45137,"45137"
45138,"45138"
45139,"45139"
45140,"45140"
45141,"45141"
45142,"45142"
45143,"45143"
45144,"45144"
45145,"45145"
45146,"45146"
45147,"Os01g0679400"
45148,"Os07g0558500"
45149,"Os06g0648300"
45150,"Os03g0846900"
45151,"Os01g0358300"
45152,"Os05g0310500"
45153,"Os02g0135800"
45154,"Os02g0744700"
45155,"Os02g0102200"
45156,"Os02g0195000"
45157,"Os01g0857700"
45158,"Os09g0458300"
45159,"Os05g0405400"
45160,"Os10g0344900"
45161,"Os05g0563600"
45162,"Os01g0920200"
45163,"Os02g0682200"
45164,"Os02g0187600"
45165,"Os06g0151600"
45166,"Os08g0110500"
45167,"Os09g0326900"
45168,"Os03g0841800"
45169,"Os11g0542100"
45170,"Os08g0107400"
45171,"Os07g0541800"
45172,"Os06g0693700"
45173,"Os03g0656800"
45174,"Os10g0489800"
45175,"Os11g0187100"
45176,"Os04g0601400"
45177,"Os07g0179700"
45178,"Os01g0835600"
45179,"Os08g0191200"
45180,"osa-miR399i"
45181,"Os03g0388000"
45182,"Os05g0279400"
45183,"Os06g0133300"
45184,"Os08g0535700"
45185,"Os05g0388500"
45186,"Os07g0181800"
45187,"Os11g0153900"
45188,"Os09g0308900"
45189,"Os01g0735500"
45190,"Os03g0154700"
45191,"Os05g0497700"
45192,"Os05g0502200"
45193,"Os02g0138600"
45194,"Os07g0249100"
45195,"Os08g0467500"
45196,"Os05g0120100"
45197,"Os06g0669500"
45198,"Os09g0440200"
45199,"Os10g0577200"
45200,"Os06g0507400"
45201,"Os05g0153900"
45202,"Os03g0308000"
45203,"Os01g0131600"
45204,"osa-miR167c"
45205,"Os06g0711600"
45206,"Os01g0844000"
45207,"Os02g0126600"
45208,"Os06g0613300"
45209,"Os11g0307600"
45210,"45210"
45211,"45211"
45212,"45212"
45213,"45213"
45214,"45214"
45215,"45215"
45216,"45216"
45217,"45217"
45218,"45218"
45219,"45219"
45220,"45220"
